ukbb_key,arivale_key,n_shared_curies,shared_curies
AARSD1|Q9BTE6,"NEX_Q9BTE6|PTGES3L-AARSD1,AARSD1",7,ENSEMBL:ENSG00000266967|HGNC:28417|NCBIGENE:80755|OMIM:613212|PR:Q9BTE6|UMLS:C1825491|UNIPROTKB:Q9BTE6
ABHD14B|Q96IU4,NEX_Q96IU4|ABHD14B,11,ENSEMBL:ENSG00000114779|HGNC:28235|MESH:C000710107|NCBIGENE:84836|OMIM:621040|PR:Q96IU4|REACT:R-HSA-5695994|UMLS:C1825824|UMLS:C5433777|UNIPROTKB:Q96IU4|UNIPROTKB:V9HW87
ABL1|P00519,ONC2_P00519|ABL1,22,ENSEMBL:ENSG00000097007|ENSEMBL:LRG_769|HGNC:76|LOINC:LP265684-3|MESH:C000630408|NCBIGENE:25|NCIT:C17346|NCIT:C17390|OMIM:189980|PR:000003582|PR:P00519|REACT:R-HSA-375987|REACT:R-HSA-5686576|REACT:R-HSA-5686579|REACT:R-HSA-8942610|REACT:R-HSA-8985251|REACT:R-HSA-9865161|UMLS:C1412097|UMLS:C1439337|UMLS:C5196907|UNIPROTKB:P00519|UNIPROTKB:Q59FK4
ACAA1|P09110,ONC3_P09110|ACAA1,17,ENSEMBL:ENSG00000060971|HGNC:82|MESH:C570764|NCBIGENE:30|OMIM:604054|PR:P09110|REACT:R-HSA-390238|REACT:R-HSA-6799608|REACT:R-HSA-6799680|REACT:R-HSA-9033127|REACT:R-HSA-9033517|REACT:R-HSA-9033534|UMLS:C1412102|UMLS:C3490848|UNIPROTKB:A0A024R2M6|UNIPROTKB:A0A140VJX0|UNIPROTKB:P09110
ACAN|P16112,DEV_P16112|ACAN,13,ENSEMBL:ENSG00000157766|ENSEMBL:ENSP00000453342|ENSEMBL:ENSP00000453342.3|HGNC:319|MESH:C508319|NCBIGENE:176|NCIT:C224227|OMIM:155760|PR:P16112|UMLS:C1412277|UMLS:C1429453|UNIPROTKB:A0A5K1VW97|UNIPROTKB:P16112
ACE2|Q9BYF1,CVD2_Q9BYF1|ACE2,19,ENSEMBL:ENSG00000130234|ENSEMBL:ENSP00000504010|ENSEMBL:ENSP00000504010.1|HGNC:13557|MESH:C000705307|NCBIGENE:59272|NCIT:C102527|NCIT:C102530|OMIM:300335|PR:Q9BYF1|REACT:R-HSA-2022344|REACT:R-HSA-9683474|REACT:R-HSA-9683480|REACT:R-HSA-9686721|REACT:R-HSA-9698958|UMLS:C1422064|UMLS:C5433525|UNIPROTKB:A0A7I2V4H0|UNIPROTKB:Q9BYF1
ACP5|P13686,CVD3_P13686|ACP5,38,ENSEMBL:ENSG00000102575|ENSEMBL:ENSP00000218758|ENSEMBL:ENSP00000218758.4|ENSEMBL:ENSP00000392374|ENSEMBL:ENSP00000392374.1|ENSEMBL:ENSP00000464831|ENSEMBL:ENSP00000464831.2|ENSEMBL:ENSP00000465127|ENSEMBL:ENSP00000465127.2|ENSEMBL:ENSP00000465498|ENSEMBL:ENSP00000465498.2|ENSEMBL:ENSP00000468685|ENSEMBL:ENSP00000468685.2|ENSEMBL:ENSP00000468767|ENSEMBL:ENSP00000468767.3|ENSEMBL:ENSP00000496973|ENSEMBL:ENSP00000496973.1|ENSEMBL:ENSP00000497140|ENSEMBL:ENSP00000497140.2|ENSEMBL:ENSP00000512173|ENSEMBL:ENSP00000512173.1|ENSEMBL:ENSP00000512191|ENSEMBL:ENSP00000512191.1|ENSEMBL:ENSP00000559725|ENSEMBL:ENSP00000559725.1|HGNC:124|MESH:C000605510|NCBIGENE:54|NCIT:C99181|NCIT:C99184|NCIT:C99185|OMIM:171640|PR:P13686|REACT:R-HSA-196938|UMLS:C1412133|UMLS:C1566918|UMLS:C3274595|UNIPROTKB:P13686
ACP6|Q9NPH0,MET_Q9NPH0|ACP6,10,ENSEMBL:ENSG00000162836|HGNC:29609|MESH:C459340|NCBIGENE:51205|OMIM:611471|PR:Q9NPH0|REACT:R-HSA-8878644|UMLS:C1137402|UMLS:C1538902|UNIPROTKB:Q9NPH0
ACTN4|O43707,ONC3_O43707|ACTN4,23,ENSEMBL:ENSG00000130402|ENSEMBL:ENSG00000282844|ENSEMBL:ENSP00000398393|ENSEMBL:ENSP00000398393.2|ENSEMBL:ENSP00000411187|ENSEMBL:ENSP00000411187.4|HGNC:166|MESH:C111453|NCBIGENE:81|NCIT:C126632|NCIT:C126634|OMIM:604638|PR:000003691|PR:O43707|REACT:R-HSA-198240|REACT:R-HSA-349729|REACT:R-HSA-390558|UMLS:C1308458|UMLS:C1412168|UNIPROTKB:A0A0S2Z3G9|UNIPROTKB:F5GXS2|UNIPROTKB:H7C144|UNIPROTKB:O43707
ACVRL1|P37023,NEU1_P37023|ACVRL1,32,ENSEMBL:ENSG00000139567|ENSEMBL:ENSP00000373574|ENSEMBL:ENSP00000373574.4|ENSEMBL:ENSP00000455848|ENSEMBL:ENSP00000455848.2|ENSEMBL:ENSP00000457394|ENSEMBL:ENSP00000457394.2|ENSEMBL:ENSP00000580256|ENSEMBL:ENSP00000580256.1|ENSEMBL:ENSP00000580257|ENSEMBL:ENSP00000580257.1|ENSEMBL:ENSP00000580262|ENSEMBL:ENSP00000580262.1|ENSEMBL:ENSP00000580264|ENSEMBL:ENSP00000580264.1|ENSEMBL:LRG_543|HGNC:175|LOINC:LP288056-7|LOINC:LP61781-8|MESH:C425364|NCBIGENE:94|NCIT:C21269|NCIT:C26613|OMIM:601284|PR:P37023|REACT:R-HSA-8858382|UMLS:C1366767|UMLS:C1504731|UNIPROTKB:A0A0S2Z2Y4|UNIPROTKB:A0A0S2Z310|UNIPROTKB:H3BTZ2|UNIPROTKB:P37023
ADAM15|Q13444,NEX_Q13444|ADAM15,12,ENSEMBL:ENSG00000143537|HGNC:193|MESH:C098660|NCBIGENE:8751|NCIT:C17986|NCIT:C26544|OMIM:605548|PR:Q13444|REACT:R-HSA-708329|UMLS:C1313290|UMLS:C1332017|UNIPROTKB:Q13444
ADAM22|Q9P0K1,NEU1_Q9P0K1|ADAM22,14,ENSEMBL:ENSG00000008277|ENSEMBL:ENSP00000412085|ENSEMBL:ENSP00000412085.2|HGNC:201|MESH:C498474|NCBIGENE:53616|OMIM:603709|PR:Q9P0K1|REACT:R-HSA-5678678|UMLS:C1412192|UMLS:C1435407|UNIPROTKB:H7C3I4|UNIPROTKB:Q08AL8|UNIPROTKB:Q9P0K1
ADAM23|O75077,NEU1_O75077|ADAM23,13,ENSEMBL:ENSG00000114948|ENSEMBL:ENSP00000363536|ENSEMBL:ENSP00000363536.3|HGNC:202|MESH:C114633|NCBIGENE:8745|OMIM:603710|PR:O75077|REACT:R-HSA-5678676|UMLS:C1412193|UMLS:C1431492|UNIPROTKB:E7EWD3|UNIPROTKB:O75077
ADAM8|P78325,ONC2_P78325|ADAM8,16,ENSEMBL:ENSG00000151651|HGNC:215|MESH:C068490|NCBIGENE:101|NCIT:C90314|NCIT:C90316|OMIM:602267|PR:P78325|REACT:R-HSA-6799563|REACT:R-HSA-6800884|REACT:R-HSA-6801017|REACT:R-HSA-708331|UMLS:C1314771|UMLS:C1412206|UNIPROTKB:P78325|UNIPROTKB:Q14C66
ADAMTS13|Q76LX8,CVD2_Q76LX8|ADAMTS13,22,ENSEMBL:ENSG00000160323|ENSEMBL:ENSG00000281244|ENSEMBL:LRG_544|HGNC:1366|LOINC:LP32458-9|LOINC:LP430817-9|MESH:C099604|NCBIGENE:11093|NCIT:C118325|NCIT:C118327|OMIM:604134|PR:Q76LX8|REACT:R-HSA-5172961|REACT:R-HSA-5173286|REACT:R-HSA-5173292|REACT:R-HSA-9822541|REACT:R-HSA-9824387|REACT:R-HSA-9824391|REACT:R-HSA-9824393|UMLS:C0389918|UMLS:C1413036|UNIPROTKB:Q76LX8
ADAMTS15|Q8TE58,ONC2_Q8TE58|ADAMTS15,14,ENSEMBL:ENSG00000166106|ENSEMBL:ENSP00000299164|ENSEMBL:ENSP00000299164.2|HGNC:16305|MESH:C500267|NCBIGENE:170689|OMIM:607509|PR:Q8TE58|REACT:R-HSA-5172973|REACT:R-HSA-5173274|REACT:R-HSA-5173288|UMLS:C1424173|UMLS:C1568791|UNIPROTKB:Q8TE58
ADA|P00813,INF_P00813|ADA,24,ENSEMBL:ENSG00000196839|ENSEMBL:ENSP00000361965|ENSEMBL:ENSP00000361965.4|ENSEMBL:ENSP00000441818|ENSEMBL:ENSP00000441818.1|ENSEMBL:LRG_16|HGNC:186|LOINC:LP432663-5|MESH:C548482|NCBIGENE:100|NCIT:C16261|NCIT:C30156|OMIM:608958|PR:P00813|REACT:R-HSA-49701|REACT:R-HSA-9734736|REACT:R-HSA-9734741|REACT:R-HSA-9734747|UMLS:C1412179|UMLS:C2933084|UNIPROTKB:A0A0S2Z381|UNIPROTKB:A0A0S2Z3A7|UNIPROTKB:F5GWI4|UNIPROTKB:P00813
ADGRE2|Q9UHX3,MET_Q9UHX3|EMR2,16,ENSEMBL:ENSG00000127507|ENSEMBL:ENSP00000376689|ENSEMBL:ENSP00000376689.3|HGNC:3337|MESH:C412456|NCBIGENE:30817|NCIT:C200348|OMIM:606100|PR:Q9UHX3|REACT:R-HSA-444760|UMLS:C1414391|UMLS:C1439132|UNIPROTKB:A0ACM8QGC0|UNIPROTKB:A0JNV7|UNIPROTKB:B4DWB8|UNIPROTKB:Q9UHX3
ADGRE5|P48960,DEV_P48960|CD97,15,ENSEMBL:ENSG00000123146|HGNC:1711|LOINC:LP268959-6|MESH:C095004|NCBIGENE:976|NCIT:C24279|NCIT:C25798|OMIM:601211|PR:P48960|REACT:R-HSA-444764|REACT:R-HSA-6803297|UMLS:C0300533|UMLS:C1332718|UMLS:C4721818|UNIPROTKB:P48960
ADGRG1|Q9Y653,ODA_Q9Y653|GPR56,16,ENSEMBL:ENSG00000205336|HGNC:4512|MESH:C118925|NCBIGENE:9289|NCIT:C99657|NCIT:C99659|OMIM:604110|PR:Q9Y653|UMLS:C0766915|UMLS:C1415246|UNIPROTKB:A0A024R6U7|UNIPROTKB:A0A0S2Z517|UNIPROTKB:B3KQN7|UNIPROTKB:B3KQV4|UNIPROTKB:B4DM06|UNIPROTKB:Q9Y653
ADGRG2|Q8IZP9,MET_Q8IZP9|GPR64,11,ENSEMBL:ENSG00000173698|HGNC:4516|MESH:C105986|NCBIGENE:10149|OMIM:300572|PR:Q8IZP9|UMLS:C0539040|UMLS:C1415250|UNIPROTKB:A8K4P7|UNIPROTKB:Q499H0|UNIPROTKB:Q8IZP9
ADM|P35318,CVD2_P35318|ADM,26,CHEMBL.TARGET:CHEMBL2062356|ENSEMBL:ENSG00000148926|ENSEMBL:ENSP00000278175|ENSEMBL:ENSP00000278175.5|ENSEMBL:ENSP00000435124|ENSEMBL:ENSP00000435124.1|ENSEMBL:ENSP00000436607|ENSEMBL:ENSP00000436607.1|ENSEMBL:ENSP00000549187|ENSEMBL:ENSP00000549187.1|ENSEMBL:ENSP00000582146|ENSEMBL:ENSP00000582146.1|ENSEMBL:ENSP00000633894|ENSEMBL:ENSP00000633894.1|HGNC:259|MESH:C507862|NCBIGENE:133|NCIT:C113264|NCIT:C113266|OMIM:103275|PR:P35318|REACT:R-HSA-420093|REACT:R-HSA-9861342|UMLS:C1313329|UMLS:C1412244|UNIPROTKB:P35318
AFP|P02771,ONC3_P02771|AFP,15,ENSEMBL:ENSG00000081051|ENSEMBL:ENSP00000379138|ENSEMBL:ENSP00000379138.2|HGNC:317|MESH:C097353|NCBIGENE:174|NCIT:C16278|NCIT:C21577|OMIM:104150|PR:P02771|REACT:R-HSA-8956759|REACT:R-HSA-8956958|UMLS:C1307640|UMLS:C1367597|UNIPROTKB:P02771
AGER|Q15109,CVD2_Q15109|AGER,25,ENSEMBL:ENSG00000204305|ENSEMBL:ENSG00000206320|ENSEMBL:ENSG00000229058|ENSEMBL:ENSG00000230514|ENSEMBL:ENSG00000231268|ENSEMBL:ENSG00000234729|ENSEMBL:ENSG00000237405|ENSEMBL:ENSP00000415144|ENSEMBL:ENSP00000415144.2|ENSEMBL:ENSP00000416042|ENSEMBL:ENSP00000416042.2|HGNC:320|MESH:C000593871|NCBIGENE:177|NCIT:C106212|NCIT:C106214|OMIM:600214|PR:Q15109|REACT:R-HSA-197639|UMLS:C1412278|UMLS:C3812151|UNIPROTKB:A0A1U9X785|UNIPROTKB:B4DNX3|UNIPROTKB:Q101R3|UNIPROTKB:Q15109
AGR2|O95994,ODA_O95994|AGR2,24,ENSEMBL:ENSG00000106541|ENSEMBL:ENSP00000391490|ENSEMBL:ENSP00000391490.2|ENSEMBL:ENSP00000561256|ENSEMBL:ENSP00000561256.1|ENSEMBL:ENSP00000561257|ENSEMBL:ENSP00000561257.1|ENSEMBL:ENSP00000561258|ENSEMBL:ENSP00000561258.1|ENSEMBL:ENSP00000635228|ENSEMBL:ENSP00000635228.1|ENSEMBL:ENSP00000635229|ENSEMBL:ENSP00000635229.1|HGNC:328|MESH:C502296|NCBIGENE:10551|NCIT:C20755|NCIT:C21482|OMIM:606358|PR:O95994|UMLS:C1332034|UMLS:C1332035|UNIPROTKB:O95994|UNIPROTKB:Q4JM46
AGR3|Q8TD06,CRE_Q8TD06|AGR3,15,ENSEMBL:ENSG00000173467|ENSEMBL:ENSP00000308606|ENSEMBL:ENSP00000308606.2|ENSEMBL:ENSP00000548293|ENSEMBL:ENSP00000548293.1|HGNC:24167|MESH:C472588|NCBIGENE:155465|NCIT:C131365|NCIT:C131367|OMIM:609482|PR:Q8TD06|UMLS:C1175290|UMLS:C1836117|UNIPROTKB:Q8TD06
AGRP|O00253,CVD2_O00253|AGRP,20,ENSEMBL:ENSG00000159723|ENSEMBL:ENSP00000290953|ENSEMBL:ENSP00000290953.3|ENSEMBL:ENSP00000638496|ENSEMBL:ENSP00000638496.1|ENSEMBL:ENSP00000638497|ENSEMBL:ENSP00000638497.1|HGNC:330|MESH:C515198|NCBIGENE:181|NCIT:C115166|NCIT:C115169|OMIM:602311|PR:O00253|REACT:R-HSA-9623016|REACT:R-HSA-9623045|UMLS:C1412286|UMLS:C1741739|UNIPROTKB:C6SUN5|UNIPROTKB:O00253
AHCY|P23526,MET_P23526|AHCY,17,ENSEMBL:ENSG00000101444|HGNC:343|LOINC:LP188486-7|LOINC:LP288061-7|MESH:C000627205|NCBIGENE:191|NCIT:C104863|NCIT:C104866|OMIM:180960|PR:P23526|REACT:R-HSA-174373|REACT:R-HSA-5579042|REACT:R-HSA-5579098|UMLS:C1412291|UMLS:C3887563|UNIPROTKB:A0A384MTQ3|UNIPROTKB:P23526
AIF1|P55008,ONC3_P55008|AIF1,16,ENSEMBL:ENSG00000204472|ENSEMBL:ENSG00000206428|ENSEMBL:ENSG00000234836|ENSEMBL:ENSG00000235588|ENSEMBL:ENSG00000235985|ENSEMBL:ENSG00000237727|HGNC:352|MESH:C112986|NCBIGENE:199|OMIM:601833|PR:P55008|UMLS:C1412299|UMLS:C1449193|UNIPROTKB:I3WTX1|UNIPROTKB:P55008|UNIPROTKB:Q4V347
AIFM1|O95831,ODA_O95831|AIFM1,14,ENSEMBL:ENSG00000156709|ENSEMBL:ENSP00000431222|ENSEMBL:ENSP00000431222.1|HGNC:8768|MESH:C494829|NCBIGENE:9131|NCIT:C178194|NCIT:C178200|OMIM:300169|PR:O95831|UMLS:C1530805|UMLS:C1826618|UNIPROTKB:E9PMA0|UNIPROTKB:O95831
AKR1B1|P15121,ONC3_P15121|AKR1B1,14,ENSEMBL:ENSG00000085662|ENSEMBL:ENSP00000285930|ENSEMBL:ENSP00000285930.3|HGNC:381|MESH:C484670|NCBIGENE:231|NCIT:C133809|NCIT:C133811|OMIM:103880|PR:P15121|REACT:R-HSA-196063|UMLS:C1412322|UMLS:C1436327|UNIPROTKB:P15121
AKT1S1|Q96B36,NEX_Q96B36|AKT1S1,15,ENSEMBL:ENSG00000204673|HGNC:28426|MESH:C484523|NCBIGENE:84335|NCIT:C101614|NCIT:C101616|OMIM:610221|PR:Q96B36|REACT:R-HSA-200155|REACT:R-HSA-200163|REACT:R-HSA-377124|REACT:R-HSA-5083637|UMLS:C1428707|UMLS:C1450880|UNIPROTKB:Q96B36
ALCAM|Q13740,CVD3_Q13740|ALCAM,14,CHEMBL.TARGET:CHEMBL4665584|ENSEMBL:ENSG00000170017|HGNC:400|MESH:C105613|NCBIGENE:214|NCIT:C17920|NCIT:C20994|OMIM:601662|PR:Q13740|REACT:R-HSA-197750|UMLS:C0538294|UMLS:C1332075|UNIPROTKB:B3KNN9|UNIPROTKB:Q13740
ALDH1A1|P00352,MET_P00352|ALDH1A1,24,CHEMBL.TARGET:CHEMBL4295737|ENSEMBL:ENSG00000165092|ENSEMBL:ENSP00000297785|ENSEMBL:ENSP00000297785.3|ENSEMBL:ENSP00000526259|ENSEMBL:ENSP00000526259.1|ENSEMBL:ENSP00000526260|ENSEMBL:ENSP00000526260.1|ENSEMBL:ENSP00000526261|ENSEMBL:ENSP00000526261.1|ENSEMBL:ENSP00000526262|ENSEMBL:ENSP00000526262.1|HGNC:402|MESH:C510223|NCBIGENE:216|NCIT:C116056|NCIT:C116058|OMIM:100640|PR:P00352|REACT:R-HSA-71688|UMLS:C1412333|UMLS:C1721673|UNIPROTKB:P00352|UNIPROTKB:V9HW83
ALDH3A1|P30838,ODA_P30838|ALDH3A1,32,ENSEMBL:ENSG00000108602|ENSEMBL:ENSP00000225740|ENSEMBL:ENSP00000225740.6|ENSEMBL:ENSP00000388469|ENSEMBL:ENSP00000388469.1|ENSEMBL:ENSP00000411821|ENSEMBL:ENSP00000411821.2|ENSEMBL:ENSP00000460482|ENSEMBL:ENSP00000460482.2|ENSEMBL:ENSP00000576020|ENSEMBL:ENSP00000576020.1|ENSEMBL:ENSP00000576022|ENSEMBL:ENSP00000576022.1|ENSEMBL:ENSP00000576025|ENSEMBL:ENSP00000576025.1|ENSEMBL:ENSP00000576026|ENSEMBL:ENSP00000576026.1|ENSEMBL:ENSP00000576027|ENSEMBL:ENSP00000576027.1|ENSEMBL:ENSP00000616948|ENSEMBL:ENSP00000616948.1|HGNC:405|MESH:C480021|NCBIGENE:218|OMIM:100660|PR:P30838|REACT:R-HSA-5692291|UMLS:C1412336|UMLS:C1433172|UNIPROTKB:I3L3I9|UNIPROTKB:P30838|UNIPROTKB:Q6PKA6
ALPP|P05187,ONC3_P05187|ALPP,14,ENSEMBL:ENSG00000163283|ENSEMBL:ENSP00000375881|ENSEMBL:ENSP00000375881.2|HGNC:439|NCBIGENE:250|NCIT:C107487|NCIT:C107554|OMIM:171800|PR:P05187|REACT:R-HSA-8847823|UMLS:C1412365|UMLS:C2930591|UNIPROTKB:B2R7C7|UNIPROTKB:P05187
AMBP|P02760,CVD2_P02760|AMBP,25,ENSEMBL:ENSG00000106927|ENSEMBL:ENSP00000265132|ENSEMBL:ENSP00000265132.3|ENSEMBL:ENSP00000536803|ENSEMBL:ENSP00000536803.1|ENSEMBL:ENSP00000536805|ENSEMBL:ENSP00000536805.1|HGNC:453|NCBIGENE:259|NCIT:C190094|NCIT:C190096|NCIT:C190097|NCIT:C190101|OMIM:176870|PR:000003986|PR:P02760|REACT:R-HSA-2168853|REACT:R-HSA-2168855|REACT:R-HSA-2203514|UMLS:C1412376|UMLS:C1453156|UMLS:C5780853|UMLS:C5781001|UMLS:C5781085|UNIPROTKB:P02760
AMIGO2|Q86SJ2,CRE_Q86SJ2|AMIGO2,37,ENSEMBL:ENSG00000139211|ENSEMBL:ENSP00000266581|ENSEMBL:ENSP00000266581.4|ENSEMBL:ENSP00000406020|ENSEMBL:ENSP00000406020.1|ENSEMBL:ENSP00000449034|ENSEMBL:ENSP00000449034.1|ENSEMBL:ENSP00000542280|ENSEMBL:ENSP00000542280.1|ENSEMBL:ENSP00000542281|ENSEMBL:ENSP00000542281.1|ENSEMBL:ENSP00000542282|ENSEMBL:ENSP00000542282.1|ENSEMBL:ENSP00000542283|ENSEMBL:ENSP00000542283.1|ENSEMBL:ENSP00000542284|ENSEMBL:ENSP00000542284.1|ENSEMBL:ENSP00000542285|ENSEMBL:ENSP00000542285.1|ENSEMBL:ENSP00000632975|ENSEMBL:ENSP00000632975.1|ENSEMBL:ENSP00000632976|ENSEMBL:ENSP00000632976.1|ENSEMBL:ENSP00000632977|ENSEMBL:ENSP00000632977.1|HGNC:24073|MESH:C476131|NCBIGENE:347902|NCIT:C119683|NCIT:C119685|OMIM:615690|PR:000003992|PR:Q86SJ2|REACT:R-HSA-197880|UMLS:C1260126|UMLS:C1823185|UNIPROTKB:Q86SJ2
AMN|Q9BXJ7,ODA_Q9BXJ7|AMN,18,ENSEMBL:ENSG00000166126|ENSEMBL:ENSP00000299155|ENSEMBL:ENSP00000299155.6|ENSEMBL:LRG_642|HGNC:14604|MESH:C484714|NCBIGENE:81693|NCIT:C192686|OMIM:605799|PR:000003996|PR:Q9BXJ7|REACT:R-HSA-264825|REACT:R-HSA-3296484|REACT:R-HSA-3299658|UMLS:C1422785|UMLS:C1450978|UNIPROTKB:B3KP64|UNIPROTKB:Q9BXJ7
ANGPT1|Q15389,CVD2_Q15389|ANGPT1,16,ENSEMBL:ENSG00000154188|ENSEMBL:ENSP00000430750|ENSEMBL:ENSP00000430750.1|HGNC:484|MESH:C467630|NCBIGENE:284|NCIT:C18042|NCIT:C21311|OMIM:601667|PR:Q15389|REACT:R-HSA-204854|UMLS:C0533668|UMLS:C1332088|UNIPROTKB:B4DTQ9|UNIPROTKB:F6XVP5|UNIPROTKB:Q15389
ANGPT2|O15123,MET_O15123|ANGPT2,12,ENSEMBL:ENSG00000091879|HGNC:485|MESH:C586513|NCBIGENE:285|NCIT:C18056|NCIT:C21312|OMIM:601922|PR:O15123|REACT:R-HSA-204801|UMLS:C1332089|UMLS:C3849511|UNIPROTKB:O15123
ANGPTL1|O95841,MET_O95841|ANGPTL1,28,ENSEMBL:ENSG00000116194|ENSEMBL:ENSP00000234816|ENSEMBL:ENSP00000234816.2|ENSEMBL:ENSP00000356601|ENSEMBL:ENSP00000356601.1|ENSEMBL:ENSP00000523978|ENSEMBL:ENSP00000523978.1|ENSEMBL:ENSP00000523979|ENSEMBL:ENSP00000523979.1|ENSEMBL:ENSP00000523980|ENSEMBL:ENSP00000523980.1|ENSEMBL:ENSP00000523981|ENSEMBL:ENSP00000523981.1|ENSEMBL:ENSP00000633407|ENSEMBL:ENSP00000633407.1|ENSEMBL:ENSP00000633408|ENSEMBL:ENSP00000633408.1|HGNC:489|MESH:C117578|NCBIGENE:9068|NCIT:C106472|NCIT:C106475|OMIM:603874|PR:000004026|PR:O95841|UMLS:C1384638|UMLS:C1412399|UNIPROTKB:O95841
ANGPTL3|Q9Y5C1,CAM_Q9Y5C1|ANGPTL3,14,ENSEMBL:ENSG00000132855|ENSEMBL:ENSP00000360170|ENSEMBL:ENSP00000360170.3|HGNC:491|MESH:C479896|NCBIGENE:27329|NCIT:C227005|OMIM:604774|PR:Q9Y5C1|REACT:R-HSA-6784898|REACT:R-HSA-9657846|UMLS:C1412401|UMLS:C1433022|UNIPROTKB:Q9Y5C1
ANGPTL4|Q9BY76,DEV_Q9BY76|ANGPTL4,18,ENSEMBL:ENSG00000167772|HGNC:16039|MESH:C474772|NCBIGENE:51129|NCIT:C96322|NCIT:C96325|OMIM:605910|PR:000004029|PR:Q9BY76|REACT:R-HSA-381271|REACT:R-HSA-5640194|REACT:R-HSA-6784897|REACT:R-HSA-9762251|REACT:R-HSA-9859116|UMLS:C1259003|UMLS:C1423931|UMLS:C3275275|UNIPROTKB:Q9BY76
ANGPTL7|O43827,MET_O43827|ANGPTL7,11,ENSEMBL:ENSG00000171819|ENSEMBL:ENSP00000366015|ENSEMBL:ENSP00000366015.3|HGNC:24078|MESH:C530622|NCBIGENE:10218|OMIM:618517|PR:O43827|UMLS:C1538275|UMLS:C2604171|UNIPROTKB:O43827
ANG|P03950,CAM_P03950|ANG,54,ENSEMBL:ENSG00000214274|ENSEMBL:ENSP00000336762|ENSEMBL:ENSP00000336762.6|ENSEMBL:ENSP00000381077|ENSEMBL:ENSP00000381077.4|ENSEMBL:ENSP00000555657|ENSEMBL:ENSP00000555657.1|ENSEMBL:ENSP00000555659|ENSEMBL:ENSP00000555659.1|ENSEMBL:ENSP00000555660|ENSEMBL:ENSP00000555660.1|ENSEMBL:ENSP00000555662|ENSEMBL:ENSP00000555662.1|ENSEMBL:ENSP00000555664|ENSEMBL:ENSP00000555664.1|ENSEMBL:ENSP00000555665|ENSEMBL:ENSP00000555665.1|ENSEMBL:ENSP00000555666|ENSEMBL:ENSP00000555666.1|ENSEMBL:ENSP00000555667|ENSEMBL:ENSP00000555667.1|ENSEMBL:ENSP00000555668|ENSEMBL:ENSP00000555668.1|ENSEMBL:ENSP00000555669|ENSEMBL:ENSP00000555669.1|ENSEMBL:ENSP00000555670|ENSEMBL:ENSP00000555670.1|ENSEMBL:ENSP00000555671|ENSEMBL:ENSP00000555671.1|ENSEMBL:ENSP00000555672|ENSEMBL:ENSP00000555672.1|ENSEMBL:ENSP00000555673|ENSEMBL:ENSP00000555673.1|ENSEMBL:ENSP00000555674|ENSEMBL:ENSP00000555674.1|ENSEMBL:ENSP00000555675|ENSEMBL:ENSP00000555675.1|ENSEMBL:ENSP00000555676|ENSEMBL:ENSP00000555676.1|ENSEMBL:LRG_653|HGNC:483|LOINC:LP190762-7|LOINC:LP288073-2|NCBIGENE:283|NCIT:C20430|NCIT:C26619|OMIM:105850|PR:P03950|REACT:R-HSA-5692435|REACT:R-HSA-9708345|UMLS:C1367482|UMLS:C3179204|UNIPROTKB:P03950|UNIPROTKB:W0UV28
ANPEP|P15144,CVD3_P15144|ANPEP,31,ENSEMBL:ENSG00000166825|ENSEMBL:ENSP00000300060|ENSEMBL:ENSP00000300060.6|ENSEMBL:ENSP00000452934|ENSEMBL:ENSP00000452934.2|ENSEMBL:ENSP00000453413|ENSEMBL:ENSP00000453413.2|ENSEMBL:ENSP00000502886|ENSEMBL:ENSP00000502886.1|ENSEMBL:ENSP00000559353|ENSEMBL:ENSP00000559353.1|ENSEMBL:ENSP00000559354|ENSEMBL:ENSP00000559354.1|ENSEMBL:ENSP00000559355|ENSEMBL:ENSP00000559355.1|ENSEMBL:ENSP00000559356|ENSEMBL:ENSP00000559356.1|ENSEMBL:ENSP00000640366|ENSEMBL:ENSP00000640366.1|HGNC:500|NCBIGENE:290|NCIT:C94622|NCIT:C94661|OMIM:151530|PR:P15144|REACT:R-HSA-2022340|REACT:R-HSA-6806152|UMLS:C1412409|UMLS:C3887680|UNIPROTKB:P15144|UNIPROTKB:Q59E93
ANXA10|Q9UJ72,NEX_Q9UJ72|ANXA10,11,ENSEMBL:ENSG00000109511|ENSEMBL:ENSP00000352248|ENSEMBL:ENSP00000352248.3|HGNC:534|MESH:C121387|NCBIGENE:11199|OMIM:608008|PR:Q9UJ72|UMLS:C1412418|UMLS:C1434407|UNIPROTKB:Q9UJ72
ANXA11|P50995,MET_P50995|ANXA11,14,ENSEMBL:ENSG00000122359|HGNC:535|MESH:C000729013|NCBIGENE:311|NCIT:C191966|OMIM:602572|ORPHANET:490636|PR:000004073|PR:P50995|UMLS:C0103409|UMLS:C1456375|UMLS:C5780934|UNIPROTKB:P50995|UNIPROTKB:Q5T0G8
ANXA1|P04083,ONC2_P04083|ANXA1,47,ENSEMBL:ENSG00000135046|ENSEMBL:ENSP00000257497|ENSEMBL:ENSP00000257497.6|ENSEMBL:ENSP00000366109|ENSEMBL:ENSP00000366109.1|ENSEMBL:ENSP00000527848|ENSEMBL:ENSP00000527848.1|ENSEMBL:ENSP00000527849|ENSEMBL:ENSP00000527849.1|ENSEMBL:ENSP00000527850|ENSEMBL:ENSP00000527850.1|ENSEMBL:ENSP00000527851|ENSEMBL:ENSP00000527851.1|ENSEMBL:ENSP00000527853|ENSEMBL:ENSP00000527853.1|ENSEMBL:ENSP00000527855|ENSEMBL:ENSP00000527855.1|ENSEMBL:ENSP00000527856|ENSEMBL:ENSP00000527856.1|ENSEMBL:ENSP00000624854|ENSEMBL:ENSP00000624854.1|ENSEMBL:ENSP00000624855|ENSEMBL:ENSP00000624855.1|ENSEMBL:ENSP00000624857|ENSEMBL:ENSP00000624857.1|ENSEMBL:ENSP00000624860|ENSEMBL:ENSP00000624860.1|ENSEMBL:ENSP00000624861|ENSEMBL:ENSP00000624861.1|ENSEMBL:ENSP00000624862|ENSEMBL:ENSP00000624862.1|ENSEMBL:ENSP00000624864|ENSEMBL:ENSP00000624864.1|ENSEMBL:ENSP00000624865|ENSEMBL:ENSP00000624865.1|HGNC:533|MESH:C000631986|NCBIGENE:301|OMIM:151690|PR:P04083|REACT:R-HSA-444539|REACT:R-HSA-5263630|REACT:R-HSA-6789507|UMLS:C1412417|UMLS:C5197324|UNIPROTKB:P04083|UNIPROTKB:Q5TZZ9
ANXA4|P09525,MET_P09525|ANXA4,17,ENSEMBL:ENSG00000196975|ENSEMBL:ENSP00000386756|ENSEMBL:ENSP00000386756.1|ENSEMBL:ENSP00000609537|ENSEMBL:ENSP00000609537.1|ENSEMBL:ENSP00000625477|ENSEMBL:ENSP00000625477.1|ENSEMBL:ENSP00000625478|ENSEMBL:ENSP00000625478.1|HGNC:542|NCBIGENE:307|OMIM:106491|PR:P09525|UMLS:C1412425|UNIPROTKB:F6UDR1|UNIPROTKB:P09525|UNIPROTKB:Q6P452
AOC1|P19801,NEX_P19801|AOC1,12,ENSEMBL:ENSG00000002726|HGNC:80|MESH:C065976|NCBIGENE:26|OMIM:104610|PR:P19801|REACT:R-HSA-2889048|REACT:R-HSA-6806138|REACT:R-HSA-6806164|UMLS:C1307020|UMLS:C1412100|UNIPROTKB:P19801
AOC3|Q16853,CAM_Q16853|AOC3,11,ENSEMBL:ENSG00000131471|HGNC:550|MESH:C076668|NCBIGENE:8639|OMIM:603735|PR:Q16853|REACT:R-HSA-5696151|UMLS:C1412431|UMLS:C1455818|UNIPROTKB:Q16853|UNIPROTKB:Q9UEU7
APBB1IP|Q7Z5R6,CRE_Q7Z5R6|APBB1IP,10,ENSEMBL:ENSG00000077420|HGNC:17379|MESH:C493340|NCBIGENE:54518|OMIM:609036|PR:Q7Z5R6|REACT:R-HSA-354081|UMLS:C1424947|UMLS:C1529151|UNIPROTKB:Q7Z5R6
APEX1|P27695,MET_P27695|APEX1,40,CHEMBL.TARGET:CHEMBL5619|ENSEMBL:ENSG00000100823|ENSEMBL:ENSP00000216714|ENSEMBL:ENSP00000216714.3|ENSEMBL:ENSP00000381111|ENSEMBL:ENSP00000381111.4|ENSEMBL:ENSP00000451979|ENSEMBL:ENSP00000451979.1|ENSEMBL:ENSP00000517339|ENSEMBL:ENSP00000517339.1|ENSEMBL:ENSP00000517342|ENSEMBL:ENSP00000517342.1|ENSEMBL:ENSP00000517343|ENSEMBL:ENSP00000517343.1|ENSEMBL:ENSP00000569674|ENSEMBL:ENSP00000569674.1|ENSEMBL:ENSP00000569675|ENSEMBL:ENSP00000569675.1|ENSEMBL:ENSP00000569676|ENSEMBL:ENSP00000569676.1|ENSEMBL:ENSP00000606749|ENSEMBL:ENSP00000606749.1|ENSEMBL:ENSP00000606752|ENSEMBL:ENSP00000606752.1|ENSEMBL:ENSP00000606754|ENSEMBL:ENSP00000606754.1|ENSEMBL:ENSP00000626489|ENSEMBL:ENSP00000626489.1|HGNC:587|MESH:C085108|NCBIGENE:328|NCIT:C19677|NCIT:C21415|OMIM:107748|PR:P27695|REACT:R-HSA-50119|UMLS:C0140145|UMLS:C1332102|UNIPROTKB:P27695|UNIPROTKB:Q5TZP7
APLP1|P51693,MET_P51693|APLP1,11,ENSEMBL:ENSG00000105290|HGNC:597|MESH:C489697|NCBIGENE:333|NCIT:C119729|NCIT:C119731|OMIM:104775|PR:P51693|UMLS:C0662273|UMLS:C1412466|UNIPROTKB:P51693
APOM|O95445,CAM_O95445|APOM,20,ENSEMBL:ENSG00000204444|ENSEMBL:ENSG00000206409|ENSEMBL:ENSG00000224290|ENSEMBL:ENSG00000226215|ENSEMBL:ENSG00000227567|ENSEMBL:ENSG00000231974|ENSEMBL:ENSG00000235754|HGNC:13916|MESH:C400523|NCBIGENE:55937|NCIT:C178703|NCIT:C178705|OMIM:606907|PR:000004165|PR:O95445|REACT:R-HSA-5216061|UMLS:C1422268|UMLS:C1438565|UNIPROTKB:A0A1U9X793|UNIPROTKB:O95445
APP|P05067,DEV_P05067|APP,25,ENSEMBL:ENSG00000142192|ENSEMBL:ENSP00000352760|ENSEMBL:ENSP00000352760.4|ENSEMBL:ENSP00000398879|ENSEMBL:ENSP00000398879.2|HGNC:620|LOINC:LP184369-9|LOINC:LP288077-3|MESH:C545487|NCBIGENE:351|NCIT:C16285|NCIT:C28537|OMIM:104760|PR:P05067|REACT:R-HSA-8870711|REACT:R-HSA-9839060|REACT:R-HSA-9839084|UMLS:C0611285|UMLS:C1364818|UNIPROTKB:A0A0A0MRG2|UNIPROTKB:A0A140VJC8|UNIPROTKB:B4DGD0|UNIPROTKB:B4DJT9|UNIPROTKB:E9PG40|UNIPROTKB:P05067
AREG|P15514,"IRE_P15514|AREG,AREGB",21,ENSEMBL:ENSG00000109321|ENSEMBL:ENSP00000379097|ENSEMBL:ENSP00000379097.3|ENSEMBL:ENSP00000623504|ENSEMBL:ENSP00000623504.1|HGNC:651|MESH:C587848|NCBIGENE:374|NCIT:C20155|NCIT:C20431|OMIM:104640|PR:P15514|REACT:R-HSA-5689438|REACT:R-HSA-5689771|REACT:R-HSA-5689774|REACT:R-HSA-9624190|REACT:R-HSA-9628809|REACT:R-HSA-9795733|UMLS:C1332109|UMLS:C3884535|UNIPROTKB:P15514
AREG|P15514,"ONC2_P15514|AREG,AREGB",21,ENSEMBL:ENSG00000109321|ENSEMBL:ENSP00000379097|ENSEMBL:ENSP00000379097.3|ENSEMBL:ENSP00000623504|ENSEMBL:ENSP00000623504.1|HGNC:651|MESH:C587848|NCBIGENE:374|NCIT:C20155|NCIT:C20431|OMIM:104640|PR:P15514|REACT:R-HSA-5689438|REACT:R-HSA-5689771|REACT:R-HSA-5689774|REACT:R-HSA-9624190|REACT:R-HSA-9628809|REACT:R-HSA-9795733|UMLS:C1332109|UMLS:C3884535|UNIPROTKB:P15514
ARG1|P05089,MET_P05089|ARG1,20,ENSEMBL:ENSG00000118520|ENSEMBL:ENSP00000500160|ENSEMBL:ENSP00000500160.1|HGNC:663|LOINC:LP190776-7|MESH:C574619|NCBIGENE:383|NCIT:C103927|NCIT:C103929|OMIM:608313|PR:P05089|REACT:R-HSA-6798764|REACT:R-HSA-6801011|REACT:R-HSA-6806221|REACT:R-HSA-70561|UMLS:C1412515|UMLS:C3500855|UMLS:C5575227|UNIPROTKB:A0A5F9ZH78|UNIPROTKB:P05089
ARHGAP1|Q07960,CRE_Q07960|ARHGAP1,22,ENSEMBL:ENSG00000175220|ENSEMBL:ENSP00000310491|ENSEMBL:ENSP00000310491.4|ENSEMBL:ENSP00000543896|ENSEMBL:ENSP00000543896.1|ENSEMBL:ENSP00000543897|ENSEMBL:ENSP00000543897.1|ENSEMBL:ENSP00000543899|ENSEMBL:ENSP00000543899.1|ENSEMBL:ENSP00000587286|ENSEMBL:ENSP00000587286.1|ENSEMBL:ENSP00000640479|ENSEMBL:ENSP00000640479.1|HGNC:673|MESH:C000621391|NCBIGENE:392|OMIM:602732|PR:Q07960|REACT:R-HSA-195193|UMLS:C1412520|UMLS:C4508329|UNIPROTKB:Q07960
ARHGAP25|P42331,ONC3_P42331|ARHGAP25,12,ENSEMBL:ENSG00000163219|HGNC:28951|MESH:C497035|NCBIGENE:9938|OMIM:610587|PR:P42331|REACT:R-HSA-2976575|UMLS:C1428755|UMLS:C1566270|UNIPROTKB:A0A384MTM1|UNIPROTKB:P42331|UNIPROTKB:V9HWC8
ARHGEF12|Q9NZN5,CRE_Q9NZN5|ARHGEF12,19,CHEMBL.TARGET:CHEMBL4523477|ENSEMBL:ENSG00000196914|ENSEMBL:ENSP00000432984|ENSEMBL:ENSP00000432984.1|HGNC:14193|MESH:C577222|NCBIGENE:23365|NCIT:C97436|NCIT:C97438|OMIM:604763|PR:000004249|PR:Q9NZN5|REACT:R-HSA-416560|UMLS:C1422475|UMLS:C3275242|UMLS:C3711661|UNIPROTKB:B4E2K6|UNIPROTKB:E9PMR6|UNIPROTKB:Q9NZN5
ARNT|P27540,IRE_P27540|ARNT,15,ENSEMBL:ENSG00000143437|HGNC:700|MESH:C497396|NCBIGENE:405|NCIT:C26373|NCIT:C28553|OMIM:126110|PR:P27540|REACT:R-HSA-1234098|UMLS:C1332116|UMLS:C1506870|UNIPROTKB:A8K6P0|UNIPROTKB:B0AZM1|UNIPROTKB:P27540|UNIPROTKB:Q53F30
ARSA|P15289,DEV_P15289|ARSA,31,ENSEMBL:ENSG00000100299|ENSEMBL:ENSP00000216124|ENSEMBL:ENSP00000216124.5|ENSEMBL:ENSP00000348406|ENSEMBL:ENSP00000348406.5|ENSEMBL:ENSP00000378981|ENSEMBL:ENSP00000378981.3|ENSEMBL:ENSP00000378983|ENSEMBL:ENSP00000378983.3|HGNC:713|LOINC:LP288080-7|LOINC:LP33211-1|NCBIGENE:410|NCIT:C103930|NCIT:C103932|OMIM:607574|PR:P15289|REACT:R-HSA-1606798|REACT:R-HSA-1614307|REACT:R-HSA-1614334|REACT:R-HSA-1614359|REACT:R-HSA-508497|REACT:R-HSA-6798775|REACT:R-HSA-6798776|REACT:R-HSA-6806192|REACT:R-HSA-6806249|UMLS:C1412553|UMLS:C3853627|UNIPROTKB:A0A0C4DFZ2|UNIPROTKB:B4DVI5|UNIPROTKB:P15289
ARSB|P15848,CRE_P15848|ARSB,12,ENSEMBL:ENSG00000113273|HGNC:714|LOINC:LP417382-1|MESH:C581941|NCBIGENE:411|NCIT:C215308|OMIM:611542|PR:P15848|UMLS:C1412554|UMLS:C3657208|UNIPROTKB:A8K4A0|UNIPROTKB:P15848
ARTN|Q5T4W7,INF_Q5T4W7|ARTN,14,ENSEMBL:ENSG00000117407|HGNC:727|MESH:C490886|NCBIGENE:9048|NCIT:C113258|NCIT:C113260|OMIM:603886|PR:000004331|PR:Q5T4W7|REACT:R-HSA-434903|UMLS:C1412566|UMLS:C1454367|UMLS:C3715084|UNIPROTKB:Q5T4W7
ASAH2|Q9NR71,NEU1_Q9NR71|ASAH2,12,ENSEMBL:ENSG00000188611|HGNC:18860|MESH:C526744|NCBIGENE:56624|NCIT:C103902|NCIT:C103904|OMIM:611202|PR:Q9NR71|REACT:R-HSA-1606594|UMLS:C1425831|UMLS:C1570403|UNIPROTKB:Q9NR71
ASGR1|P07306,NEX_P07306|ASGR1,11,ENSEMBL:ENSG00000141505|HGNC:742|MESH:C546927|NCBIGENE:432|OMIM:108360|PR:P07306|REACT:R-HSA-8855714|UMLS:C1412578|UMLS:C2744533|UNIPROTKB:P07306|UNIPROTKB:Q6FGQ5
ATG4A|Q8WYN0,CRE_Q8WYN0|ATG4A,11,ENSEMBL:ENSG00000101844|HGNC:16489|MESH:C474025|NCBIGENE:115201|OMIM:300663|PR:Q8WYN0|REACT:R-HSA-5671857|UMLS:C1258314|UMLS:C1825494|UNIPROTKB:B4DEA4|UNIPROTKB:Q8WYN0
ATP6AP2|O75787,ODA_O75787|ATP6AP2,16,ENSEMBL:ENSG00000182220|HGNC:18305|MESH:C458319|NCBIGENE:10159|NCIT:C178259|NCIT:C178261|OMIM:300556|PR:000004470|PR:O75787|REACT:R-HSA-2022356|REACT:R-HSA-6799717|REACT:R-HSA-6800921|REACT:R-HSA-9858758|UMLS:C1310515|UMLS:C1425435|UNIPROTKB:O75787
ATP6V1D|Q9Y5K8,ONC3_Q9Y5K8|ATP6V1D,15,ENSEMBL:ENSG00000100554|ENSEMBL:ENSP00000216442|ENSEMBL:ENSP00000216442.7|ENSEMBL:ENSP00000451167|ENSEMBL:ENSP00000451167.1|HGNC:13527|NCBIGENE:51382|OMIM:609398|PR:Q9Y5K8|REACT:R-HSA-6799710|REACT:R-HSA-6800455|REACT:R-HSA-912597|REACT:R-HSA-9858781|UMLS:C1422038|UNIPROTKB:Q9Y5K8
ATP6V1F|Q16864,NEX_Q16864|ATP6V1F,10,ENSEMBL:ENSG00000128524|HGNC:16832|NCBIGENE:9296|OMIM:607160|PR:Q16864|REACT:R-HSA-912603|REACT:R-HSA-9858787|UMLS:C1424580|UNIPROTKB:A4D1K0|UNIPROTKB:Q16864
AXIN1|O15169,INF_O15169|AXIN1,20,CHEMBL.TARGET:CHEMBL1255127|CHEMBL.TARGET:CHEMBL4295996|ENSEMBL:ENSG00000103126|HGNC:903|MESH:C555451|NCBIGENE:8312|NCIT:C18177|NCIT:C19969|OMIM:603816|ORPHANET:469974|PR:000004526|PR:O15169|REACT:R-HSA-5251515|REACT:R-HSA-5251553|UMLS:C1332125|UMLS:C1332359|UMLS:C1438871|UNIPROTKB:A0A0S2Z4R0|UNIPROTKB:A0A0S2Z4S3|UNIPROTKB:O15169
AXL|P30530,CVD3_P30530|AXL,18,ENSEMBL:ENSG00000167601|ENSEMBL:ENSP00000471497|ENSEMBL:ENSP00000471497.1|HGNC:905|MESH:C000722289|NCBIGENE:558|NCIT:C17475|NCIT:C18359|NCIT:C200716|OMIM:109135|PR:P30530|REACT:R-HSA-197705|REACT:R-HSA-5357460|UMLS:C0812237|UMLS:C1259415|UMLS:C5848961|UNIPROTKB:M0R0W6|UNIPROTKB:P30530
AZU1|P20160,CVD3_P20160|AZU1,18,ENSEMBL:ENSG00000172232|ENSEMBL:ENSG00000278624|ENSEMBL:ENSP00000233997|ENSEMBL:ENSP00000233997.1|ENSEMBL:ENSP00000479183|ENSEMBL:ENSP00000479183.1|HGNC:913|MESH:C062991|NCBIGENE:566|NCIT:C17278|NCIT:C28531|OMIM:162815|PR:P20160|REACT:R-HSA-6798767|REACT:R-HSA-6806193|UMLS:C0054878|UMLS:C1332127|UNIPROTKB:P20160
B4GALT1|P15291,DEV_P15291|B4GALT1,22,ENSEMBL:ENSG00000086062|ENSEMBL:ENSP00000440341|ENSEMBL:ENSP00000440341.1|HGNC:924|NCBIGENE:2683|NCIT:C104851|NCIT:C104853|OMIM:137060|PR:P15291|REACT:R-HSA-1297303|REACT:R-HSA-3656417|REACT:R-HSA-528072|REACT:R-HSA-6799132|REACT:R-HSA-6800965|UMLS:C1412719|UMLS:C1738738|UMLS:C3539528|UNIPROTKB:B7ZAH9|UNIPROTKB:F6TZK0|UNIPROTKB:P15291|UNIPROTKB:Q86XA6|UNIPROTKB:W6MEN3
B4GAT1|O43505,DEV_O43505|B3GNT1,12,ENSEMBL:ENSG00000174684|ENSEMBL:ENSP00000309096|ENSEMBL:ENSP00000309096.4|HGNC:15685|MESH:C542575|NCBIGENE:11041|OMIM:605517|PR:O43505|REACT:R-HSA-916821|UMLS:C1423631|UMLS:C2717540|UNIPROTKB:O43505
BACH1|O14867,IRE_O14867|BACH1,37,ENSEMBL:ENSG00000156273|ENSEMBL:ENSP00000286800|ENSEMBL:ENSP00000286800.3|ENSEMBL:ENSP00000382805|ENSEMBL:ENSP00000382805.1|ENSEMBL:ENSP00000558505|ENSEMBL:ENSP00000558505.1|ENSEMBL:ENSP00000558506|ENSEMBL:ENSP00000558506.1|ENSEMBL:ENSP00000558509|ENSEMBL:ENSP00000558509.1|ENSEMBL:ENSP00000597553|ENSEMBL:ENSP00000597553.1|ENSEMBL:ENSP00000597554|ENSEMBL:ENSP00000597554.1|ENSEMBL:ENSP00000597555|ENSEMBL:ENSP00000597555.1|ENSEMBL:ENSP00000597556|ENSEMBL:ENSP00000597556.1|ENSEMBL:ENSP00000597557|ENSEMBL:ENSP00000597557.1|ENSEMBL:ENSP00000623505|ENSEMBL:ENSP00000623505.1|HGNC:935|MESH:C102108|NCBIGENE:571|OMIM:602751|PR:O14867|REACT:R-HSA-9707688|REACT:R-HSA-9708429|REACT:R-HSA-9708486|REACT:R-HSA-9708553|REACT:R-HSA-9762202|REACT:R-HSA-9762206|UMLS:C1307830|UMLS:C1412729|UNIPROTKB:O14867
BAG6|P46379,MET_P46379|BAG6,17,ENSEMBL:ENSG00000096155|ENSEMBL:ENSG00000204463|ENSEMBL:ENSG00000227761|ENSEMBL:ENSG00000228760|ENSEMBL:ENSG00000229524|ENSEMBL:ENSG00000233348|ENSEMBL:ENSG00000234651|ENSEMBL:ENSP00000365131|ENSEMBL:ENSP00000365131.6|HGNC:13919|NCBIGENE:7917|OMIM:142590|PR:P46379|REACT:R-HSA-201567|UMLS:C1422271|UNIPROTKB:A0A7P0MQS5|UNIPROTKB:P46379
BAMBI|Q13145,ODA_Q13145|BAMBI,14,ENSEMBL:ENSG00000095739|ENSEMBL:ENSP00000364683|ENSEMBL:ENSP00000364683.3|HGNC:30251|MESH:C485671|NCBIGENE:25805|NCIT:C24632|NCIT:C33973|OMIM:604444|PR:Q13145|REACT:R-HSA-173484|UMLS:C1428947|UMLS:C1436698|UNIPROTKB:Q13145
BANK1|Q8NDB2,ODA_Q8NDB2|BANK1,9,ENSEMBL:ENSG00000153064|HGNC:18233|MESH:C447641|NCBIGENE:55024|OMIM:610292|PR:Q8NDB2|UMLS:C1310405|UMLS:C1425385|UNIPROTKB:Q8NDB2
BCAM|P50895,DEV_P50895|BCAM,15,ENSEMBL:ENSG00000187244|ENSEMBL:ENSP00000270233|ENSEMBL:ENSP00000270233.5|ENSEMBL:ENSP00000481153|ENSEMBL:ENSP00000481153.1|ENSEMBL:LRG_798|HGNC:6722|MESH:C090228|NCBIGENE:4059|OMIM:612773|PR:P50895|UMLS:C0290390|UMLS:C1826415|UNIPROTKB:A0A087WXM8|UNIPROTKB:P50895
BCAN|Q96GW7,NEU1_Q96GW7|BCAN,9,ENSEMBL:ENSG00000132692|HGNC:23059|MESH:C546938|NCBIGENE:63827|OMIM:600347|PR:Q96GW7|UMLS:C1427881|UMLS:C1447273|UNIPROTKB:Q96GW7
BCR|P11274,CRE_P11274|BCR,18,CHV:0000049140|ENSEMBL:ENSG00000186716|ENSEMBL:LRG_1112|HGNC:1014|LOINC:LP69205-0|MESH:C496613|NCBIGENE:613|NCIT:C17477|NCIT:C18455|OMIM:151410|PR:P11274|REACT:R-HSA-1604524|REACT:R-HSA-1838979|REACT:R-HSA-1839041|REACT:R-HSA-195200|UMLS:C0105421|UMLS:C0812385|UNIPROTKB:P11274
BGN|P21810,CRE_P21810|BGN,42,ENSEMBL:ENSG00000182492|ENSEMBL:ENSP00000327336|ENSEMBL:ENSP00000327336.4|ENSEMBL:ENSP00000529782|ENSEMBL:ENSP00000529782.1|ENSEMBL:ENSP00000529783|ENSEMBL:ENSP00000529783.1|ENSEMBL:ENSP00000529784|ENSEMBL:ENSP00000529784.1|ENSEMBL:ENSP00000529785|ENSEMBL:ENSP00000529785.1|ENSEMBL:ENSP00000529786|ENSEMBL:ENSP00000529786.1|ENSEMBL:ENSP00000529787|ENSEMBL:ENSP00000529787.1|ENSEMBL:ENSP00000529788|ENSEMBL:ENSP00000529788.1|ENSEMBL:ENSP00000529790|ENSEMBL:ENSP00000529790.1|ENSEMBL:ENSP00000529793|ENSEMBL:ENSP00000529793.1|ENSEMBL:ENSP00000529794|ENSEMBL:ENSP00000529794.1|ENSEMBL:ENSP00000529795|ENSEMBL:ENSP00000529795.1|ENSEMBL:ENSP00000529800|ENSEMBL:ENSP00000529800.1|ENSEMBL:ENSP00000641862|ENSEMBL:ENSP00000641862.1|ENSEMBL:ENSP00000641863|ENSEMBL:ENSP00000641863.1|HGNC:1044|MESH:C546884|NCBIGENE:633|NCIT:C105838|NCIT:C105840|OMIM:301870|PR:P21810|UMLS:C1412792|UMLS:C1620161|UNIPROTKB:B4DNL4|UNIPROTKB:P21810
BID|P55957,ODA_P55957|BID,21,ENSEMBL:ENSG00000015475|HGNC:1050|MESH:C494814|NCBIGENE:637|NCIT:C104460|NCIT:C20419|NCIT:C21199|OMIM:601997|PR:P55957|REACT:R-HSA-114266|REACT:R-HSA-139953|REACT:R-HSA-141373|REACT:R-HSA-50825|REACT:R-HSA-6791293|UMLS:C1332410|UMLS:C1530795|UMLS:C3641819|UNIPROTKB:A8ASI8|UNIPROTKB:B2ZP79|UNIPROTKB:B3KT21|UNIPROTKB:P55957
BIRC2|Q13490,IRE_Q13490|BIRC2,16,ENSEMBL:ENSG00000110330|HGNC:590|MESH:C494833|NCBIGENE:329|NCIT:C20355|NCIT:C20931|OMIM:601712|PR:Q13490|REACT:R-HSA-202913|REACT:R-HSA-202931|REACT:R-HSA-50847|REACT:R-HSA-5668512|REACT:R-HSA-5675479|UMLS:C1332414|UMLS:C1531411|UNIPROTKB:Q13490
BLMH|Q13867,CVD3_Q13867|BLMH,10,ENSEMBL:ENSG00000108578|ENSEMBL:ENSP00000261714|ENSEMBL:ENSP00000261714.6|HGNC:1059|NCBIGENE:642|OMIM:602403|PR:Q13867|REACT:R-HSA-983095|UMLS:C1412800|UNIPROTKB:Q13867
BLVRB|P30043,DEV_P30043|BLVRB,11,ENSEMBL:ENSG00000090013|ENSEMBL:ENSP00000263368|ENSEMBL:ENSP00000263368.3|HGNC:1063|NCBIGENE:645|OMIM:600941|PR:P30043|REACT:R-HSA-189388|UMLS:C1412802|UNIPROTKB:P30043|UNIPROTKB:V9HWI1
BMP4|P12644,NEU1_P12644|BMP4,55,ENSEMBL:ENSG00000125378|ENSEMBL:ENSP00000245451|ENSEMBL:ENSP00000245451.4|ENSEMBL:ENSP00000394165|ENSEMBL:ENSP00000394165.1|ENSEMBL:ENSP00000453485|ENSEMBL:ENSP00000453485.1|ENSEMBL:ENSP00000454134|ENSEMBL:ENSP00000454134.1|ENSEMBL:ENSP00000560864|ENSEMBL:ENSP00000560864.1|ENSEMBL:ENSP00000560865|ENSEMBL:ENSP00000560865.1|ENSEMBL:ENSP00000560866|ENSEMBL:ENSP00000560866.1|ENSEMBL:ENSP00000560867|ENSEMBL:ENSP00000560867.1|ENSEMBL:ENSP00000560868|ENSEMBL:ENSP00000560868.1|ENSEMBL:ENSP00000560869|ENSEMBL:ENSP00000560869.1|ENSEMBL:ENSP00000560870|ENSEMBL:ENSP00000560870.1|ENSEMBL:ENSP00000560871|ENSEMBL:ENSP00000560871.1|ENSEMBL:ENSP00000609895|ENSEMBL:ENSP00000609895.1|ENSEMBL:ENSP00000609896|ENSEMBL:ENSP00000609896.1|ENSEMBL:ENSP00000609897|ENSEMBL:ENSP00000609897.1|ENSEMBL:ENSP00000609898|ENSEMBL:ENSP00000609898.1|ENSEMBL:ENSP00000609899|ENSEMBL:ENSP00000609899.1|ENSEMBL:ENSP00000609900|ENSEMBL:ENSP00000609900.1|ENSEMBL:ENSP00000621435|ENSEMBL:ENSP00000621435.1|HGNC:1071|MESH:C525809|NCBIGENE:652|NCIT:C95041|NCIT:C95043|OMIM:112262|PR:P12644|REACT:R-HSA-2396280|REACT:R-HSA-8858573|REACT:R-HSA-8956775|REACT:R-HSA-8956944|REACT:R-HSA-9759839|UMLS:C1412805|UMLS:C1568257|UNIPROTKB:P12644|UNIPROTKB:Q53XC5
BMP6|P22004,CVD2_P22004|BMP6,15,ENSEMBL:ENSG00000153162|ENSEMBL:ENSP00000283147|ENSEMBL:ENSP00000283147.6|HGNC:1073|MESH:C525816|NCBIGENE:654|NCIT:C21355|NCIT:C21356|OMIM:112266|PR:P22004|UMLS:C1332427|UMLS:C1612225|UNIPROTKB:B4DUF7|UNIPROTKB:P22004|UNIPROTKB:Q4VBA3
BOC|Q9BWV1,CRE_Q9BWV1|BOC,18,ENSEMBL:ENSG00000144857|ENSEMBL:ENSP00000417337|ENSEMBL:ENSP00000417337.1|ENSEMBL:ENSP00000420154|ENSEMBL:ENSP00000420154.1|HGNC:17173|MESH:C474334|NCBIGENE:91653|OMIM:608708|PR:Q9BWV1|REACT:R-HSA-197785|REACT:R-HSA-445450|REACT:R-HSA-5635030|UMLS:C1258623|UMLS:C1826625|UNIPROTKB:F6UR31|UNIPROTKB:Q96DN7|UNIPROTKB:Q9BWV1
BOC|Q9BWV1,CVD2_Q9BWV1|BOC,18,ENSEMBL:ENSG00000144857|ENSEMBL:ENSP00000417337|ENSEMBL:ENSP00000417337.1|ENSEMBL:ENSP00000420154|ENSEMBL:ENSP00000420154.1|HGNC:17173|MESH:C474334|NCBIGENE:91653|OMIM:608708|PR:Q9BWV1|REACT:R-HSA-197785|REACT:R-HSA-445450|REACT:R-HSA-5635030|UMLS:C1258623|UMLS:C1826625|UNIPROTKB:F6UR31|UNIPROTKB:Q96DN7|UNIPROTKB:Q9BWV1
BRK1|Q8WUW1,ONC3_Q8WUW1|BRK1,10,ENSEMBL:ENSG00000254999|HGNC:23057|MESH:C519848|NCBIGENE:55845|OMIM:611183|PR:Q8WUW1|REACT:R-HSA-1671645|UMLS:C1427880|UMLS:C1957124|UNIPROTKB:Q8WUW1
BST1|Q10588,DEV_Q10588|BST1,15,ENSEMBL:ENSG00000109743|ENSEMBL:ENSP00000520950|ENSEMBL:ENSP00000520950.1|HGNC:1118|NCBIGENE:683|OMIM:600387|PR:Q10588|REACT:R-HSA-6799535|REACT:R-HSA-6806296|REACT:R-HSA-8940773|REACT:R-HSA-8943394|UMLS:C1412830|UMLS:C1623381|UNIPROTKB:A0ABJ7H2Z9|UNIPROTKB:Q10588
BST2|Q10589,NEX_Q10589|BST2,15,ENSEMBL:ENSG00000130303|HGNC:1119|MESH:C094572|NCBIGENE:684|NCIT:C154134|NCIT:C154136|OMIM:600534|PR:Q10589|REACT:R-HSA-5624196|REACT:R-HSA-6799130|REACT:R-HSA-8962975|UMLS:C0299634|UMLS:C1412831|UNIPROTKB:A0A024R7H5|UNIPROTKB:Q10589
BTC|P35070,ODA_P35070|BTC,24,ENSEMBL:ENSG00000174808|ENSEMBL:ENSP00000379092|ENSEMBL:ENSP00000379092.3|ENSEMBL:ENSP00000579180|ENSEMBL:ENSP00000579180.1|ENSEMBL:ENSP00000579181|ENSEMBL:ENSP00000579181.1|ENSEMBL:ENSP00000622024|ENSEMBL:ENSP00000622024.1|HGNC:1121|MESH:C587851|NCBIGENE:685|NCIT:C118373|NCIT:C20432|NCIT:C28542|OMIM:600345|PR:P35070|REACT:R-HSA-1233224|REACT:R-HSA-9628812|UMLS:C1332453|UMLS:C3884533|UNIPROTKB:A0A0S2Z3I5|UNIPROTKB:A0A0S2Z437|UNIPROTKB:P35070
BTN3A2|P78410,IRE_P78410|BTN3A2,11,ENSEMBL:ENSG00000186470|HGNC:1139|MESH:C576586|NCBIGENE:11118|OMIM:613594|PR:P78410|REACT:R-HSA-197605|UMLS:C1412846|UMLS:C3529148|UNIPROTKB:A8K4B5|UNIPROTKB:P78410
C1QA|P02745,ONC3_P02745|C1QA,38,ENSEMBL:ENSG00000173372|ENSEMBL:ENSP00000363773|ENSEMBL:ENSP00000363773.3|ENSEMBL:ENSP00000385564|ENSEMBL:ENSP00000385564.1|ENSEMBL:ENSP00000416841|ENSEMBL:ENSP00000416841.2|ENSEMBL:ENSP00000512133|ENSEMBL:ENSP00000512133.1|ENSEMBL:ENSP00000512137|ENSEMBL:ENSP00000512137.1|ENSEMBL:ENSP00000552079|ENSEMBL:ENSP00000552079.1|ENSEMBL:ENSP00000552080|ENSEMBL:ENSP00000552080.1|ENSEMBL:ENSP00000552081|ENSEMBL:ENSP00000552081.1|ENSEMBL:ENSP00000552082|ENSEMBL:ENSP00000552082.1|ENSEMBL:ENSP00000552083|ENSEMBL:ENSP00000552083.1|ENSEMBL:ENSP00000552084|ENSEMBL:ENSP00000552084.1|ENSEMBL:ENSP00000635440|ENSEMBL:ENSP00000635440.1|ENSEMBL:ENSP00000635441|ENSEMBL:ENSP00000635441.1|HGNC:1241|NCBIGENE:712|NCIT:C105379|NCIT:C105381|OMIM:120550|PR:000004875|PR:P02745|REACT:R-HSA-173558|UMLS:C1412931|UMLS:C3539862|UNIPROTKB:P02745
C1QTNF1|Q9BXJ1,CAM_Q9BXJ1|C1QTNF1,15,ENSEMBL:ENSG00000173918|ENSEMBL:ENSP00000311265|ENSEMBL:ENSP00000311265.4|ENSEMBL:ENSP00000463337|ENSEMBL:ENSP00000463337.1|HGNC:14324|MESH:C512356|NCBIGENE:114897|OMIM:610365|PR:Q9BXJ1|UMLS:C1422563|UMLS:C1741689|UNIPROTKB:A0A0C4DFP7|UNIPROTKB:A0A3B0J271|UNIPROTKB:Q9BXJ1
C2|P06681,CAM_P06681|C2,55,ENSEMBL:ENSG00000166278|ENSEMBL:ENSG00000204364|ENSEMBL:ENSG00000206372|ENSEMBL:ENSG00000226560|ENSEMBL:ENSG00000231543|ENSEMBL:ENSG00000235017|ENSEMBL:ENSG00000235696|ENSEMBL:ENSP00000406190|ENSEMBL:ENSP00000406190.2|ENSEMBL:ENSP00000418923|ENSEMBL:ENSP00000418923.1|ENSEMBL:ENSP00000447134|ENSEMBL:ENSP00000447134.1|ENSEMBL:ENSP00000447458|ENSEMBL:ENSP00000447458.2|ENSEMBL:ENSP00000448602|ENSEMBL:ENSP00000448602.2|ENSEMBL:ENSP00000449345|ENSEMBL:ENSP00000449345.2|ENSEMBL:ENSP00000449366|ENSEMBL:ENSP00000449366.2|ENSEMBL:ENSP00000449823|ENSEMBL:ENSP00000449823.2|ENSEMBL:ENSP00000449940|ENSEMBL:ENSP00000449940.1|ENSEMBL:ENSP00000450180|ENSEMBL:ENSP00000450180.2|ENSEMBL:ENSP00000478351|ENSEMBL:ENSP00000478351.1|ENSEMBL:ENSP00000482072|ENSEMBL:ENSP00000482072.1|ENSEMBL:ENSP00000482188|ENSEMBL:ENSP00000482188.1|ENSEMBL:ENSP00000483004|ENSEMBL:ENSP00000483004.1|HGNC:1248|NCBIGENE:717|NCIT:C126956|NCIT:C126958|OMIM:613927|PR:P06681|REACT:R-HSA-166778|REACT:R-HSA-166780|REACT:R-HSA-166781|UMLS:C1412938|UMLS:C4284454|UNIPROTKB:A0A0G2JKX2|UNIPROTKB:A0A0G2JL69|UNIPROTKB:B4DQI1|UNIPROTKB:B4DV48|UNIPROTKB:F6U7P7|UNIPROTKB:P06681|UNIPROTKB:Q53HP3|UNIPROTKB:Q5JP69|UNIPROTKB:Q8N6L6
CA12|O43570,ODA_O43570|CA12,12,ENSEMBL:ENSG00000074410|ENSEMBL:ENSP00000403028|ENSEMBL:ENSP00000403028.2|HGNC:1371|NCBIGENE:771|OMIM:603263|PR:O43570|REACT:R-HSA-1237032|UMLS:C1413041|UNIPROTKB:B3KUB4|UNIPROTKB:F6S7P8|UNIPROTKB:O43570
CA13|Q8N1Q1,MET_Q8N1Q1|CA13,12,ENSEMBL:ENSG00000185015|ENSEMBL:ENSP00000318912|ENSEMBL:ENSP00000318912.3|HGNC:14914|MESH:C483903|NCBIGENE:377677|OMIM:611436|PR:Q8N1Q1|REACT:R-HSA-1237020|UMLS:C1450526|UMLS:C1538426|UNIPROTKB:Q8N1Q1
CA14|Q9ULX7,ODA_Q9ULX7|CA14,13,ENSEMBL:ENSG00000118298|ENSEMBL:ENSP00000358107|ENSEMBL:ENSP00000358107.3|ENSEMBL:ENSP00000498013|ENSEMBL:ENSP00000498013.1|HGNC:1372|NCBIGENE:23632|OMIM:604832|PR:Q9ULX7|REACT:R-HSA-1237018|UMLS:C1413042|UNIPROTKB:A8K3J4|UNIPROTKB:Q9ULX7
CA1|P00915,CAM_P00915|CA1,24,ENSEMBL:ENSG00000133742|ENSEMBL:ENSP00000392338|ENSEMBL:ENSP00000392338.1|ENSEMBL:ENSP00000429798|ENSEMBL:ENSP00000429798.1|ENSEMBL:ENSP00000430656|ENSEMBL:ENSP00000430656.1|ENSEMBL:ENSP00000443517|ENSEMBL:ENSP00000443517.1|ENSEMBL:ENSP00000545518|ENSEMBL:ENSP00000545518.1|HGNC:1368|NCBIGENE:759|NCIT:C183169|NCIT:C183171|OMIM:114800|PR:P00915|REACT:R-HSA-1237027|REACT:R-HSA-8950385|UMLS:C1413038|UMLS:C5240074|UMLS:C5575283|UNIPROTKB:P00915|UNIPROTKB:V9HWE3
CA2|P00918,DEV_P00918|CA2,19,CHEMBL.TARGET:CHEMBL1697676|ENSEMBL:ENSG00000104267|ENSEMBL:ENSP00000285379|ENSEMBL:ENSP00000285379.4|HGNC:1373|LOINC:LP208567-0|MESH:C000629674|NCBIGENE:760|NCIT:C183172|NCIT:C183174|OMIM:611492|ORPHANET:119117|PR:000034449|PR:P00918|REACT:R-HSA-1237012|UMLS:C1413043|UMLS:C5196589|UNIPROTKB:P00918|UNIPROTKB:V9HW21
CA3|P07451,CAM_P07451|CA3,12,ENSEMBL:ENSG00000164879|ENSEMBL:ENSP00000285381|ENSEMBL:ENSP00000285381.2|HGNC:1374|NCBIGENE:761|NCIT:C199610|OMIM:114750|PR:P07451|REACT:R-HSA-1237014|UMLS:C1413044|UMLS:C5848957|UNIPROTKB:P07451
CA4|P22748,CAM_P22748|CA4,10,ENSEMBL:ENSG00000167434|HGNC:1375|MESH:C548247|NCBIGENE:762|OMIM:114760|PR:P22748|REACT:R-HSA-1237024|UMLS:C1413045|UMLS:C2932867|UNIPROTKB:P22748
CA5A|P35218,CVD2_P35218|CA5A,14,ENSEMBL:ENSG00000174990|ENSEMBL:ENSP00000496993|ENSEMBL:ENSP00000496993.1|ENSEMBL:ENSP00000498065|ENSEMBL:ENSP00000498065.2|ENSEMBL:LRG_1280|HGNC:1377|NCBIGENE:763|OMIM:114761|PR:P35218|REACT:R-HSA-1237028|UMLS:C1413046|UNIPROTKB:A0A3B3IRX9|UNIPROTKB:P35218
CA6|P23280,DEV_P23280|CA6,14,ENSEMBL:ENSG00000131686|HGNC:1380|LOINC:LP189698-6|NCBIGENE:765|NCIT:C113531|NCIT:C113534|OMIM:114780|PR:000004923|PR:P23280|REACT:R-HSA-1237016|UMLS:C1413049|UMLS:C1999767|UNIPROTKB:B4DUH8|UNIPROTKB:P23280
CA9|Q16790,ONC2_Q16790|CA9,18,ENSEMBL:ENSG00000107159|ENSEMBL:ENSP00000367608|ENSEMBL:ENSP00000367608.4|HGNC:1383|MESH:C089226|NCBIGENE:768|NCIT:C104050|NCIT:C104052|OMIM:603179|PR:000004926|PR:Q16790|REACT:R-HSA-1235065|REACT:R-HSA-5652231|UMLS:C0258855|UMLS:C1413052|UNIPROTKB:A0A0S2Z341|UNIPROTKB:A0A0S2Z3D0|UNIPROTKB:Q16790
CALCA|P01258,ODA_P01258|CALCA,27,ENSEMBL:ENSG00000110680|ENSEMBL:ENSP00000417833|ENSEMBL:ENSP00000417833.1|ENSEMBL:ENSP00000516203|ENSEMBL:ENSP00000516203.1|ENSEMBL:ENSP00000516204|ENSEMBL:ENSP00000516204.1|ENSEMBL:LRG_13|HGNC:1437|MESH:C000606589|NCBIGENE:796|NCIT:C136377|NCIT:C173465|NCIT:C2281|NCIT:C38189|NCIT:C77142|OMIM:114130|PR:000050338|PR:P01258|REACT:R-HSA-419781|REACT:R-HSA-419836|UMLS:C1367551|UMLS:C1454696|UMLS:C4520796|UMLS:C5400995|UNIPROTKB:P01258|UNIPROTKB:P06881
CALCOCO1|Q9P1Z2,ONC3_Q9P1Z2|CALCOCO1,8,ENSEMBL:ENSG00000012822|HGNC:29306|MESH:C495392|NCBIGENE:57658|PR:Q9P1Z2|UMLS:C1531303|UMLS:C1824520|UNIPROTKB:Q9P1Z2
CAMKK1|Q8N5S9,CRE_Q8N5S9|CAMKK1,16,ENSEMBL:ENSG00000004660|ENSEMBL:ENSP00000371188|ENSEMBL:ENSP00000371188.2|HGNC:1469|MESH:C517695|NCBIGENE:84254|OMIM:611411|PR:Q8N5S9|REACT:R-HSA-442775|REACT:R-HSA-444232|REACT:R-HSA-9619232|REACT:R-HSA-9619356|UMLS:C1413104|UMLS:C1872252|UNIPROTKB:J3KPJ3|UNIPROTKB:Q8N5S9
CANT1|Q8WVQ1,MET_Q8WVQ1|CANT1,17,ENSEMBL:ENSG00000171302|HGNC:19721|MESH:C551404|NCBIGENE:124583|NCIT:C97375|NCIT:C97377|OMIM:613165|PR:000005004|PR:Q8WVQ1|REACT:R-HSA-6799706|REACT:R-HSA-6800464|REACT:R-HSA-6800976|REACT:R-HSA-6800998|UMLS:C1538435|UMLS:C2935846|UMLS:C3275239|UNIPROTKB:Q8WVQ1
CAPG|P40121,ODA_P40121|CAPG,15,ENSEMBL:ENSG00000042493|HGNC:1474|MESH:C066575|NCBIGENE:822|NCIT:C104639|NCIT:C104641|OMIM:153615|PR:000005008|PR:P40121|UMLS:C1413108|UMLS:C1429585|UMLS:C3538940|UNIPROTKB:B2R9S4|UNIPROTKB:P40121|UNIPROTKB:V9HW69
CARHSP1|Q9Y2V2,NEX_Q9Y2V2|CARHSP1,141,ENSEMBL:ENSG00000153048|ENSEMBL:ENSP00000311847|ENSEMBL:ENSP00000311847.4|ENSEMBL:ENSP00000379838|ENSEMBL:ENSP00000379838.2|ENSEMBL:ENSP00000455284|ENSEMBL:ENSP00000455284.1|ENSEMBL:ENSP00000455855|ENSEMBL:ENSP00000455855.1|ENSEMBL:ENSP00000478055|ENSEMBL:ENSP00000478055.1|ENSEMBL:ENSP00000480144|ENSEMBL:ENSP00000480144.1|ENSEMBL:ENSP00000480542|ENSEMBL:ENSP00000480542.1|ENSEMBL:ENSP00000481550|ENSEMBL:ENSP00000481550.1|ENSEMBL:ENSP00000483591|ENSEMBL:ENSP00000483591.1|ENSEMBL:ENSP00000527763|ENSEMBL:ENSP00000527763.1|ENSEMBL:ENSP00000527764|ENSEMBL:ENSP00000527764.1|ENSEMBL:ENSP00000527765|ENSEMBL:ENSP00000527765.1|ENSEMBL:ENSP00000527766|ENSEMBL:ENSP00000527766.1|ENSEMBL:ENSP00000527767|ENSEMBL:ENSP00000527767.1|ENSEMBL:ENSP00000527768|ENSEMBL:ENSP00000527768.1|ENSEMBL:ENSP00000527769|ENSEMBL:ENSP00000527769.1|ENSEMBL:ENSP00000527770|ENSEMBL:ENSP00000527770.1|ENSEMBL:ENSP00000527771|ENSEMBL:ENSP00000527771.1|ENSEMBL:ENSP00000527772|ENSEMBL:ENSP00000527772.1|ENSEMBL:ENSP00000527773|ENSEMBL:ENSP00000527773.1|ENSEMBL:ENSP00000527774|ENSEMBL:ENSP00000527774.1|ENSEMBL:ENSP00000527775|ENSEMBL:ENSP00000527775.1|ENSEMBL:ENSP00000527776|ENSEMBL:ENSP00000527776.1|ENSEMBL:ENSP00000527777|ENSEMBL:ENSP00000527777.1|ENSEMBL:ENSP00000527778|ENSEMBL:ENSP00000527778.1|ENSEMBL:ENSP00000527779|ENSEMBL:ENSP00000527779.1|ENSEMBL:ENSP00000527780|ENSEMBL:ENSP00000527780.1|ENSEMBL:ENSP00000527781|ENSEMBL:ENSP00000527781.1|ENSEMBL:ENSP00000527782|ENSEMBL:ENSP00000527782.1|ENSEMBL:ENSP00000527783|ENSEMBL:ENSP00000527783.1|ENSEMBL:ENSP00000527784|ENSEMBL:ENSP00000527784.1|ENSEMBL:ENSP00000527785|ENSEMBL:ENSP00000527785.1|ENSEMBL:ENSP00000527786|ENSEMBL:ENSP00000527786.1|ENSEMBL:ENSP00000527787|ENSEMBL:ENSP00000527787.1|ENSEMBL:ENSP00000527788|ENSEMBL:ENSP00000527788.1|ENSEMBL:ENSP00000527789|ENSEMBL:ENSP00000527789.1|ENSEMBL:ENSP00000527790|ENSEMBL:ENSP00000527790.1|ENSEMBL:ENSP00000527791|ENSEMBL:ENSP00000527791.1|ENSEMBL:ENSP00000527792|ENSEMBL:ENSP00000527792.1|ENSEMBL:ENSP00000527793|ENSEMBL:ENSP00000527793.1|ENSEMBL:ENSP00000527794|ENSEMBL:ENSP00000527794.1|ENSEMBL:ENSP00000527795|ENSEMBL:ENSP00000527795.1|ENSEMBL:ENSP00000527796|ENSEMBL:ENSP00000527796.1|ENSEMBL:ENSP00000527797|ENSEMBL:ENSP00000527797.1|ENSEMBL:ENSP00000527798|ENSEMBL:ENSP00000527798.1|ENSEMBL:ENSP00000592376|ENSEMBL:ENSP00000592376.1|ENSEMBL:ENSP00000592377|ENSEMBL:ENSP00000592377.1|ENSEMBL:ENSP00000592378|ENSEMBL:ENSP00000592378.1|ENSEMBL:ENSP00000592379|ENSEMBL:ENSP00000592379.1|ENSEMBL:ENSP00000592380|ENSEMBL:ENSP00000592380.1|ENSEMBL:ENSP00000592381|ENSEMBL:ENSP00000592381.1|ENSEMBL:ENSP00000592382|ENSEMBL:ENSP00000592382.1|ENSEMBL:ENSP00000592383|ENSEMBL:ENSP00000592383.1|ENSEMBL:ENSP00000592384|ENSEMBL:ENSP00000592384.1|ENSEMBL:ENSP00000592385|ENSEMBL:ENSP00000592385.1|ENSEMBL:ENSP00000592386|ENSEMBL:ENSP00000592386.1|ENSEMBL:ENSP00000592387|ENSEMBL:ENSP00000592387.1|ENSEMBL:ENSP00000592388|ENSEMBL:ENSP00000592388.1|ENSEMBL:ENSP00000592389|ENSEMBL:ENSP00000592389.1|ENSEMBL:ENSP00000592390|ENSEMBL:ENSP00000592390.1|ENSEMBL:ENSP00000592391|ENSEMBL:ENSP00000592391.1|ENSEMBL:ENSP00000592392|ENSEMBL:ENSP00000592392.1|ENSEMBL:ENSP00000624741|ENSEMBL:ENSP00000624741.1|ENSEMBL:ENSP00000624742|ENSEMBL:ENSP00000624742.1|ENSEMBL:ENSP00000624743|ENSEMBL:ENSP00000624743.1|ENSEMBL:ENSP00000624744|ENSEMBL:ENSP00000624744.1|HGNC:17150|MESH:C114342|NCBIGENE:23589|OMIM:616885|PR:Q9Y2V2|UMLS:C1424780|UMLS:C1439264|UNIPROTKB:Q9Y2V2
CASP2|P42575,ONC3_P42575|CASP2,20,ENSEMBL:ENSG00000106144|ENSEMBL:ENSP00000340030|ENSEMBL:ENSP00000340030.3|ENSEMBL:ENSP00000481929|ENSEMBL:ENSP00000481929.1|HGNC:1503|MESH:C490360|NCBIGENE:835|NCIT:C20145|NCIT:C26566|OMIM:600639|PR:P42575|REACT:R-HSA-2976745|REACT:R-HSA-2976746|REACT:R-HSA-622412|UMLS:C1332662|UMLS:C1453171|UNIPROTKB:A0A087WYM1|UNIPROTKB:A0A0S2Z3H1|UNIPROTKB:P42575
CASP3|P42574,CVD3_P42574|CASP3,73,ENSEMBL:ENSG00000164305|ENSEMBL:ENSP00000311032|ENSEMBL:ENSP00000311032.4|ENSEMBL:ENSP00000377210|ENSEMBL:ENSP00000377210.2|ENSEMBL:ENSP00000377213|ENSEMBL:ENSP00000377213.4|ENSEMBL:ENSP00000428372|ENSEMBL:ENSP00000428372.1|ENSEMBL:ENSP00000428929|ENSEMBL:ENSP00000428929.1|ENSEMBL:ENSP00000514797|ENSEMBL:ENSP00000514797.1|ENSEMBL:ENSP00000514798|ENSEMBL:ENSP00000514798.1|ENSEMBL:ENSP00000542398|ENSEMBL:ENSP00000542398.1|ENSEMBL:ENSP00000542399|ENSEMBL:ENSP00000542399.1|ENSEMBL:ENSP00000542400|ENSEMBL:ENSP00000542400.1|ENSEMBL:ENSP00000542401|ENSEMBL:ENSP00000542401.1|ENSEMBL:ENSP00000542402|ENSEMBL:ENSP00000542402.1|ENSEMBL:ENSP00000542403|ENSEMBL:ENSP00000542403.1|ENSEMBL:ENSP00000542404|ENSEMBL:ENSP00000542404.1|ENSEMBL:ENSP00000542405|ENSEMBL:ENSP00000542405.1|ENSEMBL:ENSP00000542406|ENSEMBL:ENSP00000542406.1|ENSEMBL:ENSP00000609998|ENSEMBL:ENSP00000609998.1|ENSEMBL:ENSP00000609999|ENSEMBL:ENSP00000609999.1|ENSEMBL:ENSP00000610000|ENSEMBL:ENSP00000610000.1|ENSEMBL:ENSP00000610002|ENSEMBL:ENSP00000610002.1|ENSEMBL:ENSP00000610003|ENSEMBL:ENSP00000610003.1|ENSEMBL:ENSP00000610004|ENSEMBL:ENSP00000610004.1|ENSEMBL:ENSP00000610005|ENSEMBL:ENSP00000610005.1|ENSEMBL:ENSP00000642099|ENSEMBL:ENSP00000642099.1|ENSEMBL:ENSP00000642100|ENSEMBL:ENSP00000642100.1|ENSEMBL:ENSP00000642101|ENSEMBL:ENSP00000642101.1|ENSEMBL:ENSP00000642102|ENSEMBL:ENSP00000642102.1|HGNC:1504|MESH:C505407|NCBIGENE:836|NCIT:C128277|NCIT:C18031|NCIT:C26574|OMIM:600636|PR:P42574|REACT:R-HSA-141644|REACT:R-HSA-141646|REACT:R-HSA-211194|REACT:R-HSA-211203|REACT:R-HSA-57021|UMLS:C1413132|UMLS:C1567332|UMLS:C4290004|UNIPROTKB:A8MVM1|UNIPROTKB:P42574
CASP8|Q14790,INF_Q14790|CASP8,23,ENSEMBL:ENSG00000064012|ENSEMBL:ENSP00000512381|ENSEMBL:ENSP00000512381.1|ENSEMBL:LRG_34|HGNC:1509|MESH:C505530|NCBIGENE:841|NCIT:C18182|NCIT:C26623|OMIM:601763|PR:Q14790|REACT:R-HSA-3465404|REACT:R-HSA-351828|REACT:R-HSA-351869|REACT:R-HSA-57031|REACT:R-HSA-75975|REACT:R-HSA-76158|REACT:R-HSA-933456|REACT:R-HSA-933460|UMLS:C1144061|UMLS:C1332667|UNIPROTKB:A0A8Q3SID9|UNIPROTKB:Q14790
CBLIF|P27352,CVD2_P27352|GIF,12,ENSEMBL:ENSG00000134812|HGNC:4268|NCBIGENE:2694|NCIT:C203624|OMIM:609342|PR:P27352|REACT:R-HSA-2980918|REACT:R-HSA-3000272|REACT:R-HSA-3315461|UMLS:C1415066|UMLS:C5890942|UNIPROTKB:P27352
CBLN4|Q9NTU7,ONC3_Q9NTU7|CBLN4,9,ENSEMBL:ENSG00000054803|ENSEMBL:ENSP00000064571|ENSEMBL:ENSP00000064571.2|HGNC:16231|NCBIGENE:140689|OMIM:615029|PR:Q9NTU7|UMLS:C1539064|UNIPROTKB:Q9NTU7
CCDC80|Q76M96,MET_Q76M96|CCDC80,9,ENSEMBL:ENSG00000091986|HGNC:30649|MESH:C492631|NCBIGENE:151887|OMIM:608298|PR:Q76M96|UMLS:C1528126|UMLS:C1824605|UNIPROTKB:Q76M96
CCL11|P51671,INF_P51671|CCL11,19,ENSEMBL:ENSG00000172156|ENSEMBL:ENSP00000302234|ENSEMBL:ENSP00000302234.3|HGNC:10610|LOINC:LP428264-8|MESH:C515456|MESH:D054413|NCBIGENE:6356|NCIT:C20485|NCIT:C24767|OMIM:601156|PR:P51671|REACT:R-HSA-443966|REACT:R-HSA-6786267|UMLS:C0250604|UMLS:C1332676|UMLS:C1667077|UNIPROTKB:P51671|UNIPROTKB:Q6I9T4
CCL11|P51671,IRE_P51671|CCL11,19,ENSEMBL:ENSG00000172156|ENSEMBL:ENSP00000302234|ENSEMBL:ENSP00000302234.3|HGNC:10610|LOINC:LP428264-8|MESH:C515456|MESH:D054413|NCBIGENE:6356|NCIT:C20485|NCIT:C24767|OMIM:601156|PR:P51671|REACT:R-HSA-443966|REACT:R-HSA-6786267|UMLS:C0250604|UMLS:C1332676|UMLS:C1667077|UNIPROTKB:P51671|UNIPROTKB:Q6I9T4
CCL13|Q99616,INF_Q99616|CCL13,17,ENSEMBL:ENSG00000181374|ENSEMBL:ENSP00000225844|ENSEMBL:ENSP00000225844.2|HGNC:10611|LOINC:LP438032-7|MESH:C099677|NCBIGENE:6357|NCIT:C24768|NCIT:C28726|OMIM:601391|PR:000002121|PR:Q99616|REACT:R-HSA-8862740|UMLS:C0390071|UMLS:C1332677|UMLS:C5887246|UNIPROTKB:Q99616
CCL14|Q16627,CAM_Q16627|CCL14,14,ENSEMBL:ENSG00000276409|ENSEMBL:ENSG00000277236|HGNC:10612|MESH:C097720|NCBIGENE:6358|NCIT:C24769|NCIT:C28727|OMIM:601392|PR:000001986|PR:Q16627|UMLS:C1332678|UMLS:C1335984|UMLS:C1447422|UNIPROTKB:Q16627
CCL15|Q16663,CVD3_Q16663|CCL15,21,ENSEMBL:ENSG00000275528|ENSEMBL:ENSG00000275718|ENSEMBL:ENSP00000477788|ENSEMBL:ENSP00000477788.1|ENSEMBL:ENSP00000481402|ENSEMBL:ENSP00000481402.1|ENSEMBL:ENSP00000481940|ENSEMBL:ENSP00000481940.1|ENSEMBL:ENSP00000484078|ENSEMBL:ENSP00000484078.1|HGNC:10613|MESH:C108814|NCBIGENE:6359|NCIT:C24770|NCIT:C28729|OMIM:601393|PR:000001987|PR:Q16663|UMLS:C1308290|UMLS:C1332679|UNIPROTKB:Q16663
CCL16|O15467,CVD3_O15467|CCL16,17,ENSEMBL:ENSG00000275095|ENSEMBL:ENSG00000275152|ENSEMBL:ENSP00000478024|ENSEMBL:ENSP00000478024.1|ENSEMBL:ENSP00000482168|ENSEMBL:ENSP00000482168.1|HGNC:10614|MESH:C481939|NCBIGENE:6360|NCIT:C190055|OMIM:601394|PR:000001988|PR:O15467|REACT:R-HSA-373103|UMLS:C1419876|UMLS:C1435143|UNIPROTKB:O15467
CCL17|Q92583,CVD2_Q92583|CCL17,17,ENSEMBL:ENSG00000102970|ENSEMBL:ENSP00000219244|ENSEMBL:ENSP00000219244.4|ENSEMBL:ENSP00000480147|ENSEMBL:ENSP00000480147.1|HGNC:10615|MESH:C106230|NCBIGENE:6361|NCIT:C24771|NCIT:C28730|OMIM:601520|PR:Q92583|REACT:R-HSA-443987|REACT:R-HSA-5660973|UMLS:C0539535|UMLS:C1332680|UNIPROTKB:Q92583
CCL18|P55774,CAM_P55774|CCL18,21,ENSEMBL:ENSG00000275385|ENSEMBL:ENSG00000278006|ENSEMBL:ENSG00000278167|ENSEMBL:ENSP00000479955|ENSEMBL:ENSP00000479955.1|ENSEMBL:ENSP00000483144|ENSEMBL:ENSP00000483144.1|ENSEMBL:ENSP00000483347|ENSEMBL:ENSP00000483347.1|HGNC:10616|LOINC:LP182411-1|MESH:C111792|NCBIGENE:6362|NCIT:C24772|NCIT:C28732|OMIM:603757|PR:000001990|PR:P55774|UMLS:C0541270|UMLS:C1332681|UNIPROTKB:P55774
CCL19|Q99731,INF_Q99731|CCL19,17,ENSEMBL:ENSG00000172724|ENSEMBL:ENSP00000308815|ENSEMBL:ENSP00000308815.2|HGNC:10617|MESH:C515460|NCBIGENE:6363|NCIT:C24773|NCIT:C28733|OMIM:602227|PR:000001991|PR:Q99731|REACT:R-HSA-373094|REACT:R-HSA-6785004|UMLS:C1332682|UMLS:C1701118|UNIPROTKB:Q6IBD6|UNIPROTKB:Q99731
CCL20|P78556,INF_P78556|CCL20,14,ENSEMBL:ENSG00000115009|HGNC:10619|MESH:C108355|NCBIGENE:6364|NCIT:C24774|NCIT:C28734|OMIM:601960|PR:000001992|PR:P78556|REACT:R-HSA-373097|REACT:R-HSA-6785001|UMLS:C1308247|UMLS:C1366524|UNIPROTKB:P78556
CCL21|O00585,DEV_O00585|CCL21,15,ENSEMBL:ENSG00000137077|ENSEMBL:ENSP00000259607|ENSEMBL:ENSP00000259607.2|HGNC:10620|MESH:C515478|NCBIGENE:6366|NCIT:C20484|NCIT:C24775|OMIM:602737|PR:000001993|PR:O00585|REACT:R-HSA-373116|UMLS:C1332684|UMLS:C1700396|UNIPROTKB:O00585
CCL23|P55773,INF_P55773|CCL23,18,ENSEMBL:ENSG00000274736|ENSEMBL:ENSG00000276114|ENSEMBL:ENSP00000483546|ENSEMBL:ENSP00000483546.1|ENSEMBL:ENSP00000488270|ENSEMBL:ENSP00000488270.1|HGNC:10622|MESH:C105504|NCBIGENE:6368|NCIT:C24777|NCIT:C28738|OMIM:602494|PR:000001995|PR:P55773|REACT:R-HSA-444564|UMLS:C0538072|UMLS:C1332686|UNIPROTKB:P55773
CCL24|O00175,CVD3_O00175|CCL24,22,ENSEMBL:ENSG00000106178|ENSEMBL:ENSP00000222902|ENSEMBL:ENSP00000222902.2|ENSEMBL:ENSP00000400533|ENSEMBL:ENSP00000400533.1|ENSEMBL:ENSP00000637391|ENSEMBL:ENSP00000637391.1|ENSEMBL:ENSP00000637392|ENSEMBL:ENSP00000637392.1|ENSEMBL:ENSP00000637393|ENSEMBL:ENSP00000637393.1|HGNC:10623|MESH:C515484|NCBIGENE:6369|NCIT:C24778|NCIT:C28736|OMIM:602495|PR:000001996|PR:O00175|UMLS:C1332687|UMLS:C1701443|UNIPROTKB:O00175
CCL25|O15444,INF_O15444|CCL25,13,ENSEMBL:ENSG00000131142|HGNC:10624|MESH:C108074|NCBIGENE:6370|NCIT:C24779|NCIT:C28737|OMIM:602565|PR:000001801|PR:O15444|REACT:R-HSA-373096|UMLS:C1332688|UMLS:C1442776|UNIPROTKB:O15444
CCL27|Q9Y4X3,NEX_Q9Y4X3|CCL27,16,ENSEMBL:ENSG00000213927|ENSEMBL:ENSP00000259631|ENSEMBL:ENSP00000259631.4|HGNC:10626|MESH:C492276|NCBIGENE:10850|NCIT:C24781|NCIT:C28740|OMIM:604833|PR:000001802|PR:Q9Y4X3|REACT:R-HSA-373098|UMLS:C0768285|UMLS:C1366566|UNIPROTKB:Q5VZ77|UNIPROTKB:Q9Y4X3
CCL28|Q9NRJ3,INF_Q9NRJ3|CCL28,18,ENSEMBL:ENSG00000151882|ENSEMBL:ENSP00000422369|ENSEMBL:ENSP00000422369.1|HGNC:17700|MESH:C414047|NCBIGENE:56477|NCIT:C99630|NCIT:C99633|OMIM:605240|PR:000001803|PR:Q9NRJ3|REACT:R-HSA-373300|UMLS:C0961120|UMLS:C1425042|UMLS:C3274839|UNIPROTKB:A0N0Q3|UNIPROTKB:D6RC73|UNIPROTKB:Q9NRJ3
CCL2|P13500,CVD3_P13500|CCL2,17,CHEMBL.TARGET:CHEMBL1649052|ENSEMBL:ENSG00000108691|ENSEMBL:ENSP00000225831|ENSEMBL:ENSP00000225831.4|HGNC:10618|MESH:C111835|NCBIGENE:6347|NCIT:C20907|NCIT:C20909|OMIM:158105|PR:000002122|PR:P13500|REACT:R-HSA-443967|REACT:R-HSA-5642238|UMLS:C1337092|UMLS:C1449159|UNIPROTKB:P13500
CCL2|P13500,INF_P13500|CCL2,17,CHEMBL.TARGET:CHEMBL1649052|ENSEMBL:ENSG00000108691|ENSEMBL:ENSP00000225831|ENSEMBL:ENSP00000225831.4|HGNC:10618|MESH:C111835|NCBIGENE:6347|NCIT:C20907|NCIT:C20909|OMIM:158105|PR:000002122|PR:P13500|REACT:R-HSA-443967|REACT:R-HSA-5642238|UMLS:C1337092|UMLS:C1449159|UNIPROTKB:P13500
CCL3|P10147,CVD2_P10147|CCL3,24,ENSEMBL:ENSG00000274221|ENSEMBL:ENSG00000277632|ENSEMBL:ENSG00000278567|ENSEMBL:ENSP00000477908|ENSEMBL:ENSP00000477908.1|ENSEMBL:ENSP00000480753|ENSEMBL:ENSP00000480753.1|ENSEMBL:ENSP00000483712|ENSEMBL:ENSP00000483712.1|HGNC:10627|MESH:C515429|NCBIGENE:6348|NCIT:C20481|NCIT:C24782|OMIM:182283|PR:000002123|PR:P10147|REACT:R-HSA-443989|REACT:R-HSA-6785011|REACT:R-HSA-6785014|UMLS:C1332690|UMLS:C1871788|UNIPROTKB:A0N0R1|UNIPROTKB:P10147
CCL3|P10147,INF_P10147|CCL3,24,ENSEMBL:ENSG00000274221|ENSEMBL:ENSG00000277632|ENSEMBL:ENSG00000278567|ENSEMBL:ENSP00000477908|ENSEMBL:ENSP00000477908.1|ENSEMBL:ENSP00000480753|ENSEMBL:ENSP00000480753.1|ENSEMBL:ENSP00000483712|ENSEMBL:ENSP00000483712.1|HGNC:10627|MESH:C515429|NCBIGENE:6348|NCIT:C20481|NCIT:C24782|OMIM:182283|PR:000002123|PR:P10147|REACT:R-HSA-443989|REACT:R-HSA-6785011|REACT:R-HSA-6785014|UMLS:C1332690|UMLS:C1871788|UNIPROTKB:A0N0R1|UNIPROTKB:P10147
CCL4|P13236,INF_P13236|CCL4,13,ENSEMBL:ENSP00000478708|ENSEMBL:ENSP00000478708.1|ENSEMBL:ENSP00000480345|ENSEMBL:ENSP00000480345.1|ENSEMBL:ENSP00000482259|ENSEMBL:ENSP00000482259.1|MESH:C066507|NCIT:C20477|PR:000002124|PR:P13236|REACT:R-HSA-443976|UMLS:C1429582|UNIPROTKB:P13236
CCL5|P13501,CAM_P13501|CCL5,26,ENSEMBL:ENSG00000271503|ENSEMBL:ENSG00000274233|ENSEMBL:ENSP00000474141|ENSEMBL:ENSP00000474141.2|ENSEMBL:ENSP00000475057|ENSEMBL:ENSP00000475057.1|ENSEMBL:ENSP00000479894|ENSEMBL:ENSP00000479894.1|ENSEMBL:ENSP00000484921|ENSEMBL:ENSP00000484921.2|ENSEMBL:ENSP00000499138|ENSEMBL:ENSP00000499138.1|HGNC:10632|MESH:C483024|NCBIGENE:6352|NCIT:C20483|NCIT:C24785|OMIM:187011|PR:P13501|REACT:R-HSA-373108|REACT:R-HSA-6784977|UMLS:C1332691|UMLS:C1436337|UNIPROTKB:A0A494C1Q1|UNIPROTKB:D0EI67|UNIPROTKB:P13501
CCL7|P80098,INF_P80098|CCL7,14,ENSEMBL:ENSG00000108688|ENSEMBL:ENSP00000367832|ENSEMBL:ENSP00000367832.2|HGNC:10634|MESH:C515450|NCBIGENE:6354|NCIT:C24786|NCIT:C28731|OMIM:158106|PR:P80098|REACT:R-HSA-443975|UMLS:C0214733|UMLS:C1332692|UNIPROTKB:P80098
CCL8|P80075,INF_P80075|CCL8,14,ENSEMBL:ENSG00000108700|ENSEMBL:ENSP00000378118|ENSEMBL:ENSP00000378118.1|HGNC:10635|MESH:C515453|NCBIGENE:6355|NCIT:C20479|NCIT:C24787|OMIM:602283|PR:000002126|PR:P80075|UMLS:C0214737|UMLS:C1332693|UNIPROTKB:P80075
CCN1|O00622,ONC2_O00622|CYR61,18,ENSEMBL:ENSG00000142871|ENSEMBL:ENSP00000398736|ENSEMBL:ENSP00000398736.2|HGNC:2654|MESH:C501848|NCBIGENE:3491|NCIT:C113315|NCIT:C113317|OMIM:602369|PR:000006151|PR:O00622|PTHR11348:SF18|REACT:R-HSA-5173201|REACT:R-HSA-8956919|UMLS:C1137456|UMLS:C1413896|UNIPROTKB:O00622|UNIPROTKB:Q6FI18
CCN3|P48745,DEV_P48745|NOV,14,ENSEMBL:ENSG00000136999|ENSEMBL:ENSP00000259526|ENSEMBL:ENSP00000259526.3|HGNC:7885|MESH:C526319|NCBIGENE:4856|NCIT:C18510|NCIT:C18575|OMIM:164958|PR:P48745|PTHR11348:SF8|UMLS:C0919441|UMLS:C1121443|UNIPROTKB:P48745
CCN4|O95388,ONC2_O95388|WISP1,11,ENSEMBL:ENSG00000104415|HGNC:12769|MESH:C116396|NCBIGENE:8840|NCIT:C20910|NCIT:C20911|OMIM:603398|PR:O95388|UMLS:C1336990|UMLS:C1449212|UNIPROTKB:O95388
CCT5|P48643,ONC3_P48643|CCT5,25,ENSEMBL:ENSG00000150753|ENSEMBL:ENSP00000423318|ENSEMBL:ENSP00000423318.1|ENSEMBL:ENSP00000426923|ENSEMBL:ENSP00000426923.1|ENSEMBL:ENSP00000427297|ENSEMBL:ENSP00000427297.1|ENSEMBL:LRG_361|HGNC:1618|MESH:C533301|NCBIGENE:22948|OMIM:610150|PR:P48643|REACT:R-HSA-390447|UMLS:C1413197|UMLS:C1723216|UNIPROTKB:B4DDU6|UNIPROTKB:B4DX08|UNIPROTKB:B4DYC8|UNIPROTKB:B7ZAR1|UNIPROTKB:E7ENZ3|UNIPROTKB:E9PCA1|UNIPROTKB:F6RJQ0|UNIPROTKB:P48643|UNIPROTKB:V9HW37
CD109|Q6YHK3,DEV_Q6YHK3|CD109,17,ENSEMBL:ENSG00000156535|ENSEMBL:LRG_1002|HGNC:21685|MESH:C120523|NCBIGENE:135228|NCIT:C102948|NCIT:C102950|OMIM:608859|PR:Q6YHK3|REACT:R-HSA-8862965|REACT:R-HSA-8862987|REACT:R-HSA-8940693|REACT:R-HSA-8941149|UMLS:C0907895|UMLS:C1427694|UMLS:C3539854|UNIPROTKB:Q6YHK3
CD160|O95971,ONC2_O95971|CD160,13,ENSEMBL:ENSG00000117281|HGNC:17013|MESH:C114505|NCBIGENE:11126|NCIT:C120593|NCIT:C120596|OMIM:604463|PR:O95971|REACT:R-HSA-198014|UMLS:C0757560|UMLS:C1424685|UNIPROTKB:O95971|UNIPROTKB:Q6FH89
CD163|Q86VB7,CVD3_Q86VB7|CD163,22,ENSEMBL:ENSG00000177575|ENSEMBL:ENSP00000379863|ENSEMBL:ENSP00000379863.3|HGNC:1631|LOINC:LP68378-6|MESH:C000730390|NCBIGENE:9332|NCIT:C104062|NCIT:C104064|OMIM:605545|PR:000001925|PR:Q86VB7|REACT:R-HSA-2168868|REACT:R-HSA-2230974|REACT:R-HSA-9662797|REACT:R-HSA-9662826|REACT:R-HSA-9662833|REACT:R-HSA-9663456|UMLS:C1413204|UMLS:C1570089|UNIPROTKB:C9JHR8|UNIPROTKB:Q86VB7
CD164|Q04900,MET_Q04900|CD164,13,ENSEMBL:ENSG00000135535|ENSEMBL:ENSP00000422999|ENSEMBL:ENSP00000422999.1|ENSEMBL:LRG_1419|HGNC:1632|MESH:C497898|NCBIGENE:8763|OMIM:603356|PR:Q04900|UMLS:C1413205|UMLS:C1506042|UNIPROTKB:D6R9B4|UNIPROTKB:Q04900
CD177|Q8N6Q3,DEV_Q8N6Q3|CD177,17,ENSEMBL:ENSG00000204936|ENSEMBL:ENSP00000479536|ENSEMBL:ENSP00000479536.1|HGNC:30072|MESH:C407242|NCBIGENE:57126|NCIT:C113573|NCIT:C113575|OMIM:162860|PR:Q8N6Q3|REACT:R-HSA-202784|REACT:R-HSA-6800166|REACT:R-HSA-6800187|UMLS:C0913852|UMLS:C1824675|UNIPROTKB:A0A087WVM2|UNIPROTKB:Q8N6Q3
CD1C|P29017,MET_P29017|CD1C,15,ENSEMBL:ENSG00000158481|ENSEMBL:ENSP00000357152|ENSEMBL:ENSP00000357152.3|HGNC:1636|MESH:C437944|NCBIGENE:911|NCIT:C118907|NCIT:C118909|OMIM:188340|PR:000002027|PR:P29017|REACT:R-HSA-8850110|UMLS:C1413209|UMLS:C1611863|UNIPROTKB:P29017
CD200R1|Q8TD46,NEU1_Q8TD46|CD200R1,13,ENSEMBL:ENSG00000163606|HGNC:24235|MESH:C477337|NCBIGENE:131450|NCIT:C186681|NCIT:C186683|OMIM:607546|PR:000005161|PR:Q8TD46|REACT:R-HSA-197761|UMLS:C1540290|UMLS:C1571682|UNIPROTKB:Q8TD46
CD200|P41217,NEU1_P41217|CD200,26,ENSEMBL:ENSG00000091972|ENSEMBL:ENSP00000373179|ENSEMBL:ENSP00000373179.3|ENSEMBL:ENSP00000476114|ENSEMBL:ENSP00000476114.2|ENSEMBL:ENSP00000519477|ENSEMBL:ENSP00000519477.1|ENSEMBL:ENSP00000519478|ENSEMBL:ENSP00000519478.1|ENSEMBL:ENSP00000519488|ENSEMBL:ENSP00000519488.1|ENSEMBL:ENSP00000519491|ENSEMBL:ENSP00000519491.1|HGNC:7203|NCBIGENE:4345|NCIT:C80105|NCIT:C80109|OMIM:155970|PR:P41217|REACT:R-HSA-197760|UMLS:C1540289|UMLS:C1611989|UNIPROTKB:B4DDZ6|UNIPROTKB:F8W7G1|UNIPROTKB:P41217|UNIPROTKB:U3KQQ2
CD207|Q9UJ71,ONC2_Q9UJ71|CD207,14,ENSEMBL:ENSG00000116031|ENSEMBL:ENSP00000386378|ENSEMBL:ENSP00000386378.3|HGNC:17935|MESH:C121916|NCBIGENE:50489|OMIM:604862|PR:Q9UJ71|REACT:R-HSA-1216519|REACT:R-HSA-1236762|REACT:R-HSA-1236852|UMLS:C1425189|UMLS:C1432643|UNIPROTKB:Q9UJ71
CD209|Q9NNX6,DEV_Q9NNX6|CD209,21,CHEMBL.TARGET:CHEMBL1795114|ENSEMBL:ENSG00000090659|ENSEMBL:ENSP00000377728|ENSEMBL:ENSP00000377728.4|ENSEMBL:ENSP00000471348|ENSEMBL:ENSP00000471348.1|HGNC:1641|MESH:C000731477|NCBIGENE:30835|NCIT:C18489|NCIT:C21568|OMIM:604672|PR:Q9NNX6|REACT:R-HSA-2079928|UMLS:C1332707|UMLS:C1609968|UNIPROTKB:B2R907|UNIPROTKB:B4E2A8|UNIPROTKB:M0R0P0|UNIPROTKB:Q9NNX6|UNIPROTKB:X6RB12
CD22|P20273,ONC3_P20273|CD22,20,CHEMBL.TARGET:CHEMBL3218|ENSEMBL:ENSG00000012124|HGNC:1643|LOINC:LP68372-9|MESH:C497867|MESH:D051918|NCBIGENE:933|NCIT:C17279|NCIT:C20990|NCIT:C94612|OMIM:107266|PR:P20273|REACT:R-HSA-197703|REACT:R-HSA-5690726|REACT:R-HSA-5690736|UMLS:C0054947|UMLS:C1332708|UMLS:C1505685|UNIPROTKB:P20273|UNIPROTKB:Q0EAF5
CD244|Q9BZW8,INF_Q9BZW8|CD244,13,ENSEMBL:ENSG00000122223|HGNC:18171|MESH:C084093|NCBIGENE:51744|NCIT:C104068|NCIT:C104070|OMIM:605554|PR:000001896|PR:Q9BZW8|REACT:R-HSA-197846|UMLS:C1425360|UMLS:C1432728|UNIPROTKB:Q9BZW8
CD274|Q9NZQ7,INF_Q9NZQ7|CD274,14,ENSEMBL:ENSG00000120217|HGNC:17635|MESH:C423236|NCBIGENE:29126|NCIT:C96022|NCIT:C96024|OMIM:605402|PR:Q9NZQ7|REACT:R-HSA-3211776|REACT:R-HSA-9701419|UMLS:C0965245|UMLS:C1540292|UNIPROTKB:Q0GN75|UNIPROTKB:Q9NZQ7
CD27|P26842,ONC2_P26842|CD27,18,CHEMBL.TARGET:CHEMBL3713333|ENSEMBL:ENSG00000139193|ENSEMBL:ENSP00000266557|ENSEMBL:ENSP00000266557.3|ENSEMBL:LRG_357|HGNC:11922|LOINC:LP68373-7|MESH:D018127|NCBIGENE:939|NCIT:C104071|NCIT:C104073|OMIM:186711|PR:P26842|REACT:R-HSA-5666994|UMLS:C0054949|UMLS:C1824668|UMLS:C4721547|UNIPROTKB:P26842
CD28|P10747,IRE_P10747|CD28,15,ENSEMBL:ENSG00000178562|HGNC:1653|LOINC:LP18858-8|NCBIGENE:940|NCIT:C17336|NCIT:C21291|OMIM:186760|PR:P10747|REACT:R-HSA-167628|REACT:R-HSA-167632|REACT:R-HSA-388756|UMLS:C1332709|UMLS:C4281805|UNIPROTKB:B4E0L1|UNIPROTKB:P10747
CD2AP|Q9Y5K6,MET_Q9Y5K6|CD2AP,13,ENSEMBL:ENSG00000198087|ENSEMBL:ENSP00000352264|ENSEMBL:ENSP00000352264.5|HGNC:14258|NCBIGENE:23607|NCIT:C97247|NCIT:C97249|OMIM:604241|PR:Q9Y5K6|REACT:R-HSA-373620|UMLS:C1422519|UMLS:C1431893|UNIPROTKB:Q9Y5K6
CD300C|Q08708,NEU1_Q08708|CD300C,14,ENSEMBL:ENSG00000167850|ENSEMBL:ENSP00000329507|ENSEMBL:ENSP00000329507.1|ENSEMBL:ENSP00000517558|ENSEMBL:ENSP00000517558.1|HGNC:19320|MESH:C444139|NCBIGENE:10871|OMIM:606786|PR:Q08708|REACT:R-HSA-5696339|UMLS:C1100676|UMLS:C1540295|UNIPROTKB:Q08708
CD300E|Q496F6,ONC3_Q496F6|CD300E,13,ENSEMBL:ENSG00000186407|ENSEMBL:ENSP00000376395|ENSEMBL:ENSP00000376395.2|HGNC:28874|MESH:C519444|NCBIGENE:342510|OMIM:609801|PR:Q496F6|REACT:R-HSA-2130162|UMLS:C1531079|UMLS:C1824678|UNIPROTKB:B4E0V9|UNIPROTKB:Q496F6
CD300LF|Q8TDQ1,NEU1_Q8TDQ1|CD300LF,14,ENSEMBL:ENSG00000186074|ENSEMBL:ENSP00000462309|ENSEMBL:ENSP00000462309.1|HGNC:29883|MESH:C519443|NCBIGENE:146722|OMIM:609807|PR:Q8TDQ1|REACT:R-HSA-5696338|UMLS:C1565239|UMLS:C1824680|UNIPROTKB:B4DQD2|UNIPROTKB:J3KS52|UNIPROTKB:Q8TDQ1
CD300LG|Q6UXG3,DEV_Q6UXG3|CD300LG,13,ENSEMBL:ENSG00000161649|ENSEMBL:ENSP00000515157|ENSEMBL:ENSP00000515157.1|HGNC:30455|MESH:C584286|NCBIGENE:146894|OMIM:610520|PR:Q6UXG3|REACT:R-HSA-5696334|UMLS:C1824681|UMLS:C3710626|UNIPROTKB:A0A8V8TQK5|UNIPROTKB:Q6UXG3
CD302|Q8IX05,NEX_Q8IX05|CD302,14,ENSEMBL:ENSG00000241399|ENSEMBL:ENSP00000451446|ENSEMBL:ENSP00000451446.2|HGNC:30843|MESH:C477741|NCBIGENE:9936|NCIT:C171393|NCIT:C171395|OMIM:612246|PR:Q8IX05|UMLS:C1312017|UMLS:C1540296|UNIPROTKB:A0A087WT00|UNIPROTKB:Q8IX05
CD33|P20138,NEX_P20138|CD33,19,CHEMBL.TARGET:CHEMBL1842|ENSEMBL:ENSG00000105383|HGNC:1659|LOINC:LP68374-5|MESH:C571163|MESH:D063268|NCBIGENE:945|NCIT:C97244|NCIT:C97246|OMIM:159590|PR:P20138|REACT:R-HSA-197719|REACT:R-HSA-6799615|REACT:R-HSA-6800959|UMLS:C0054952|UMLS:C1439292|UMLS:C3491277|UNIPROTKB:P20138|UNIPROTKB:Q546G0
CD38|P28907,NEU1_P28907|CD38,16,ENSEMBL:ENSG00000004468|HGNC:1667|LOINC:LP18354-8|MESH:C498154|MESH:D051997|NCBIGENE:952|NCIT:C84321|NCIT:C84323|OMIM:107270|PR:P28907|REACT:R-HSA-8938080|UMLS:C0075742|UMLS:C1413221|UMLS:C1567019|UNIPROTKB:B4E006|UNIPROTKB:P28907
CD40LG|P29965,CVD2_P29965|CD40LG,19,CHEMBL.TARGET:CHEMBL3580491|CHV:0000018086|ENSEMBL:ENSG00000102245|ENSEMBL:ENSP00000359663|ENSEMBL:ENSP00000359663.2|ENSEMBL:LRG_141|HGNC:11935|MESH:D023201|NCBIGENE:959|NCIT:C20528|NCIT:C21132|OMIM:300386|ORPHANET:119249|PR:P29965|REACT:R-HSA-198113|UMLS:C0167627|UMLS:C1539082|UMLS:C3887583|UNIPROTKB:P29965
CD40|P25942,INF_P25942|CD40,20,CHV:0000013693|ENSEMBL:ENSG00000101017|ENSEMBL:ENSP00000512093|ENSEMBL:ENSP00000512093.1|ENSEMBL:LRG_40|HGNC:11919|LOINC:LP20077-1|NCBIGENE:958|NCIT:C17281|NCIT:C21121|OMIM:109535|PR:P25942|REACT:R-HSA-198117|UMLS:C1539081|UMLS:C5441750|UNIPROTKB:A0A0S2Z349|UNIPROTKB:A0A0S2Z3C7|UNIPROTKB:A0A8Q3SI60|UNIPROTKB:P25942|UNIPROTKB:Q6P2H9
CD46|P15529,CAM_P15529|CD46,20,ENSEMBL:ENSG00000117335|ENSEMBL:ENSP00000512167|ENSEMBL:ENSP00000512167.1|ENSEMBL:LRG_155|HGNC:6953|LOINC:LP20089-6|MESH:C497857|MESH:D051916|NCBIGENE:4179|NCIT:C126977|NCIT:C126979|OMIM:120920|PR:000001401|PR:P15529|REACT:R-HSA-977362|UMLS:C0285488|UMLS:C1505678|UMLS:C1824669|UNIPROTKB:A0A8Q3WLA6|UNIPROTKB:P15529
CD48|P09326,ONC2_P09326|CD48,16,ENSEMBL:ENSG00000117091|ENSEMBL:ENSP00000484431|ENSEMBL:ENSP00000484431.1|HGNC:1683|LOINC:LP268934-9|MESH:C000604065|NCBIGENE:962|NCIT:C120949|NCIT:C120951|OMIM:109530|PR:P09326|REACT:R-HSA-197877|UMLS:C0081820|UMLS:C1413226|UNIPROTKB:A0A087X1S7|UNIPROTKB:P09326
CD4|P01730,CVD2_P01730|CD4,22,ENSEMBL:ENSG00000010610|ENSEMBL:ENSP00000011653|ENSEMBL:ENSP00000011653.4|ENSEMBL:ENSP00000542119|ENSEMBL:ENSP00000542119.1|HGNC:1678|LOINC:LP68352-1|NCBIGENE:920|NCIT:C16300|NCIT:C21362|OMIM:186940|PR:P01730|REACT:R-HSA-167542|REACT:R-HSA-180575|REACT:R-HSA-182147|REACT:R-HSA-8869082|UMLS:C1332714|UMLS:C4048280|UNIPROTKB:A0A4Y5UGE4|UNIPROTKB:B0AZV7|UNIPROTKB:B4DT49|UNIPROTKB:P01730
CD58|P19256,DEV_P19256|CD58,17,ENSEMBL:ENSG00000116815|HGNC:1688|LOINC:LP20104-3|MESH:D018968|NCBIGENE:965|NCIT:C17403|NCIT:C21016|OMIM:153420|PR:000001093|PR:P19256|REACT:R-HSA-197804|REACT:R-HSA-6801294|REACT:R-HSA-6801322|UMLS:C0081942|UMLS:C1332715|UMLS:C4082565|UNIPROTKB:P19256
CD59|P13987,CAM_P13987|CD59,25,ENSEMBL:ENSG00000085063|ENSEMBL:LRG_41|HGNC:1689|LOINC:LP285248-3|MESH:C051590|MESH:D018957|NCBIGENE:966|NCIT:C95932|NCIT:C95934|OMIM:107271|PR:000005173|PR:P13987|REACT:R-HSA-2530458|REACT:R-HSA-5689453|REACT:R-HSA-5689801|REACT:R-HSA-5689804|REACT:R-HSA-6799513|REACT:R-HSA-6800885|REACT:R-HSA-6808772|REACT:R-HSA-6808775|UMLS:C0054966|UMLS:C1413230|UMLS:C1504686|UNIPROTKB:P13987|UNIPROTKB:Q6FHM9
CD5|P06127,INF_P06127|CD5,13,ENSEMBL:ENSG00000110448|ENSEMBL:ENSP00000342681|ENSEMBL:ENSP00000342681.3|HGNC:1685|LOINC:LP20020-1|NCBIGENE:921|NCIT:C73121|NCIT:C73124|OMIM:153340|PR:P06127|UMLS:C1413227|UMLS:C3887683|UNIPROTKB:P06127
CD63|P08962,NEX_P08962|CD63,19,CHEMBL.TARGET:CHEMBL3713303|CHV:0000015388|ENSEMBL:ENSG00000135404|HGNC:1692|LOINC:LP20110-0|MESH:C554586|MESH:D060149|NCBIGENE:967|NCIT:C106591|NCIT:C106593|OMIM:155740|PR:P08962|REACT:R-HSA-114583|REACT:R-HSA-51683|REACT:R-HSA-6799157|UMLS:C0083298|UMLS:C1413233|UMLS:C1612112|UNIPROTKB:P08962
CD69|Q07108,DEV_Q07108|CD69,19,CHEMBL.TARGET:CHEMBL3308911|ENSEMBL:ENSG00000110848|ENSEMBL:ENSP00000228434|ENSEMBL:ENSP00000228434.3|HGNC:1694|LOINC:LP19033-7|MESH:C000731405|MESH:C055855|MESH:D000099192|NCBIGENE:969|NCIT:C104074|NCIT:C104076|OMIM:107273|PR:Q07108|UMLS:C0108800|UMLS:C1413235|UMLS:C2744535|UNIPROTKB:Q07108|UNIPROTKB:Q53ZX0
CD70|P32970,ONC2_P32970|CD70,14,CHEMBL.TARGET:CHEMBL3712913|ENSEMBL:ENSG00000125726|HGNC:11937|MESH:C505771|NCBIGENE:970|NCIT:C104077|NCIT:C104079|OMIM:602840|PR:P32970|REACT:R-HSA-5667139|UMLS:C1664176|UMLS:C1824671|UNIPROTKB:A0A0U5JA32|UNIPROTKB:P32970
CD74|P04233,DEV_P04233|CD74,11,ENSEMBL:ENSG00000019582|HGNC:1697|LOINC:LP268950-5|NCBIGENE:972|NCIT:C97418|NCIT:C97420|OMIM:142790|PR:P04233|UMLS:C1413237|UMLS:C4082587|UNIPROTKB:P04233
CD79B|P40259,MET_P40259|CD79B,17,ENSEMBL:ENSG00000007312|ENSEMBL:LRG_43|HGNC:1699|LOINC:LP268952-1|LOINC:LP422606-6|MESH:C497883|NCBIGENE:974|NCIT:C97424|NCIT:C97426|OMIM:147245|PR:P40259|REACT:R-HSA-197156|REACT:R-HSA-983634|UMLS:C0104979|UMLS:C1413239|UMLS:C1506376|UNIPROTKB:P40259
CD83|Q01151,IRE_Q01151|CD83,17,ENSEMBL:ENSG00000112149|ENSEMBL:ENSP00000368450|ENSEMBL:ENSP00000368450.3|ENSEMBL:ENSP00000480760|ENSEMBL:ENSP00000480760.1|HGNC:1703|LOINC:LP20127-4|MESH:C000728065|NCBIGENE:9308|NCIT:C84311|NCIT:C84313|OMIM:604534|PR:Q01151|UMLS:C1413241|UMLS:C1620157|UNIPROTKB:A0A087WX61|UNIPROTKB:Q01151
CD84|Q9UIB8,CVD2_Q9UIB8|CD84,10,ENSEMBL:ENSG00000066294|HGNC:1704|MESH:C498970|NCBIGENE:8832|OMIM:604513|PR:Q9UIB8|REACT:R-HSA-3325587|UMLS:C0666283|UMLS:C1413242|UNIPROTKB:Q9UIB8
CD8A|P01732,INF_P01732|CD8A,15,ENSEMBL:ENSG00000153563|ENSEMBL:LRG_44|HGNC:1706|NCBIGENE:925|NCIT:C104107|NCIT:C104109|OMIM:186910|PR:000001084|PR:P01732|REACT:R-HSA-197601|UMLS:C1413244|UMLS:C1721291|UNIPROTKB:P01732|UNIPROTKB:Q6ZVS2|UNIPROTKB:Q8TAW8
CD93|Q9NPY3,CVD3_Q9NPY3|CD93,25,ENSEMBL:ENSG00000125810|ENSEMBL:ENSP00000246006|ENSEMBL:ENSP00000246006.4|ENSEMBL:ENSP00000520912|ENSEMBL:ENSP00000520912.1|ENSEMBL:ENSP00000520913|ENSEMBL:ENSP00000520913.1|ENSEMBL:ENSP00000520914|ENSEMBL:ENSP00000520914.1|HGNC:15855|LOINC:LP268955-4|NCBIGENE:22918|NCIT:C203769|OMIM:120577|PR:000002037|PR:Q9NPY3|REACT:R-HSA-6801403|REACT:R-HSA-6801408|REACT:R-HSA-6801410|REACT:R-HSA-6801600|REACT:R-HSA-6806155|UMLS:C0368875|UMLS:C1824672|UMLS:C5890831|UNIPROTKB:Q9NPY3
CD99L2|Q8TCZ2,DEV_Q8TCZ2|CD99L2,9,ENSEMBL:ENSG00000102181|HGNC:18237|NCBIGENE:83692|OMIM:300846|PR:Q8TCZ2|REACT:R-HSA-8867207|UMLS:C1425388|UNIPROTKB:A0A024RC16|UNIPROTKB:Q8TCZ2
CDC27|P30260,ONC3_P30260|CDC27,15,ENSEMBL:ENSG00000004897|ENSEMBL:ENSP00000437339|ENSEMBL:ENSP00000437339.1|HGNC:1728|MESH:C577366|NCBIGENE:996|OMIM:116946|PR:P30260|REACT:R-HSA-174073|REACT:R-HSA-174175|UMLS:C1413260|UMLS:C3711795|UNIPROTKB:B4DL80|UNIPROTKB:G5EA36|UNIPROTKB:P30260
CDCP1|Q9H5V8,INF_Q9H5V8|CDCP1,12,ENSEMBL:ENSG00000163814|HGNC:24357|MESH:C432044|NCBIGENE:64866|NCIT:C95586|NCIT:C95588|OMIM:611735|PR:000005227|PR:Q9H5V8|UMLS:C0968315|UMLS:C1540305|UNIPROTKB:Q9H5V8
CDH15|P55291,NEX_P55291|CDH15,11,ENSEMBL:ENSG00000129910|ENSEMBL:ENSP00000289746|ENSEMBL:ENSP00000289746.2|HGNC:1754|NCBIGENE:1013|OMIM:114019|PR:P55291|REACT:R-HSA-375055|UMLS:C1413272|UMLS:C1612179|UNIPROTKB:P55291
CDH17|Q12864,NEX_Q12864|CDH17,21,ENSEMBL:ENSG00000079112|ENSEMBL:ENSP00000027335|ENSEMBL:ENSP00000027335.3|ENSEMBL:ENSP00000401468|ENSEMBL:ENSP00000401468.2|ENSEMBL:ENSP00000547635|ENSEMBL:ENSP00000547635.1|ENSEMBL:ENSP00000621227|ENSEMBL:ENSP00000621227.1|HGNC:1756|MESH:C490584|NCBIGENE:1015|NCIT:C143096|NCIT:C143098|OMIM:603017|PR:000005235|PR:Q12864|REACT:R-HSA-5215987|UMLS:C0246443|UMLS:C1413274|UNIPROTKB:Q12864
CDH1|P12830,CAM_P12830|CDH1,26,ENSEMBL:ENSG00000039068|ENSEMBL:LRG_301|HGNC:1748|LOINC:LP19682-1|LOINC:LP288123-5|MESH:C513384|NCBIGENE:999|NCIT:C17245|NCIT:C18249|OMIM:192090|PR:P12830|REACT:R-HSA-198003|REACT:R-HSA-202929|REACT:R-HSA-202940|REACT:R-HSA-2534158|REACT:R-HSA-2534244|REACT:R-HSA-3827997|REACT:R-HSA-8876938|REACT:R-HSA-8877002|REACT:R-HSA-9756422|UMLS:C0694872|UMLS:C1739912|UNIPROTKB:A0A0U2ZQU7|UNIPROTKB:B3GN61|UNIPROTKB:P12830|UNIPROTKB:Q9UII7
CDH2|P19022,MET_P19022|CDH2,24,CHEMBL.TARGET:CHEMBL1697669|ENSEMBL:ENSG00000170558|ENSEMBL:ENSP00000412120|ENSEMBL:ENSP00000412120.2|ENSEMBL:ENSP00000502206|ENSEMBL:ENSP00000502206.1|HGNC:1759|MESH:C050361|NCBIGENE:1000|NCIT:C60831|NCIT:C77157|OMIM:114020|ORPHANET:508970|PR:000001443|PR:P19022|REACT:R-HSA-191429|REACT:R-HSA-8956761|REACT:R-HSA-8956899|REACT:R-HSA-9824074|UMLS:C1413277|UMLS:C1455819|UMLS:C4281710|UNIPROTKB:C9J126|UNIPROTKB:P19022
CDH3|P22223,NEU1_P22223|CDH3,13,ENSEMBL:ENSG00000062038|HGNC:1762|MESH:C512197|NCBIGENE:1001|NCIT:C20720|NCIT:C21020|OMIM:114021|PR:P22223|REACT:R-HSA-198241|UMLS:C1337110|UMLS:C1723700|UNIPROTKB:B4DLF0|UNIPROTKB:P22223
CDH5|P33151,CVD3_P33151|CDH5,18,ENSEMBL:ENSG00000179776|HGNC:1764|MESH:C000731217|MESH:C094954|MESH:D000099152|NCBIGENE:1003|NCIT:C20722|NCIT:C21021|OMIM:601120|PR:000001444|PR:P33151|REACT:R-HSA-418992|REACT:R-HSA-5357435|UMLS:C0300423|UMLS:C1332729|UMLS:C1741231|UNIPROTKB:P33151|UNIPROTKB:Q59EA3
CDH6|P55285,NEU1_P55285|CDH6,12,ENSEMBL:ENSG00000113361|HGNC:1765|NCBIGENE:1004|NCIT:C177729|NCIT:C177731|OMIM:603007|PR:000005247|PR:P55285|REACT:R-HSA-418986|UMLS:C1413280|UMLS:C1620174|UNIPROTKB:P55285
CDHR2|Q9BYE9,ONC3_Q9BYE9|CDHR2,21,ENSEMBL:ENSG00000074276|ENSEMBL:ENSP00000261944|ENSEMBL:ENSP00000261944.5|ENSEMBL:ENSP00000424565|ENSEMBL:ENSP00000424565.1|ENSEMBL:ENSP00000558651|ENSEMBL:ENSP00000558651.1|ENSEMBL:ENSP00000558652|ENSEMBL:ENSP00000558652.1|ENSEMBL:ENSP00000558653|ENSEMBL:ENSP00000558653.1|ENSEMBL:ENSP00000558654|ENSEMBL:ENSP00000558654.1|HGNC:18231|MESH:C464586|NCBIGENE:54825|OMIM:619713|PR:Q9BYE9|UMLS:C1144387|UMLS:C2239803|UNIPROTKB:Q9BYE9
CDHR5|Q9HBB8,MET_Q9HBB8|CDHR5,12,ENSEMBL:ENSG00000099834|ENSEMBL:ENSG00000273572|HGNC:7521|MESH:C413024|NCBIGENE:53841|OMIM:606839|PR:Q9HBB8|UMLS:C1417502|UMLS:C1610755|UNIPROTKB:B4DV98|UNIPROTKB:Q58EZ6|UNIPROTKB:Q9HBB8
CDKN1A|P38936,ONC2_P38936|CDKN1A,88,ENSEMBL:ENSG00000124762|ENSEMBL:ENSP00000244741|ENSEMBL:ENSP00000244741.6|ENSEMBL:ENSP00000362815|ENSEMBL:ENSP00000362815.1|ENSEMBL:ENSP00000384849|ENSEMBL:ENSP00000384849.1|ENSEMBL:ENSP00000409259|ENSEMBL:ENSP00000409259.3|ENSEMBL:ENSP00000482768|ENSEMBL:ENSP00000482768.1|ENSEMBL:ENSP00000534258|ENSEMBL:ENSP00000534258.1|ENSEMBL:ENSP00000534259|ENSEMBL:ENSP00000534259.1|ENSEMBL:ENSP00000534260|ENSEMBL:ENSP00000534260.1|ENSEMBL:ENSP00000534261|ENSEMBL:ENSP00000534261.1|ENSEMBL:ENSP00000534262|ENSEMBL:ENSP00000534262.1|ENSEMBL:ENSP00000534263|ENSEMBL:ENSP00000534263.1|ENSEMBL:ENSP00000534264|ENSEMBL:ENSP00000534264.1|ENSEMBL:ENSP00000534265|ENSEMBL:ENSP00000534265.1|ENSEMBL:ENSP00000534266|ENSEMBL:ENSP00000534266.1|ENSEMBL:ENSP00000581863|ENSEMBL:ENSP00000581863.1|ENSEMBL:ENSP00000581864|ENSEMBL:ENSP00000581864.1|ENSEMBL:ENSP00000581865|ENSEMBL:ENSP00000581865.1|ENSEMBL:ENSP00000581866|ENSEMBL:ENSP00000581866.1|ENSEMBL:ENSP00000581867|ENSEMBL:ENSP00000581867.1|ENSEMBL:ENSP00000581868|ENSEMBL:ENSP00000581868.1|ENSEMBL:ENSP00000581869|ENSEMBL:ENSP00000581869.1|ENSEMBL:ENSP00000581870|ENSEMBL:ENSP00000581870.1|ENSEMBL:ENSP00000581871|ENSEMBL:ENSP00000581871.1|ENSEMBL:ENSP00000613163|ENSEMBL:ENSP00000613163.1|ENSEMBL:ENSP00000613164|ENSEMBL:ENSP00000613164.1|ENSEMBL:ENSP00000613165|ENSEMBL:ENSP00000613165.1|ENSEMBL:ENSP00000613166|ENSEMBL:ENSP00000613166.1|ENSEMBL:ENSP00000613167|ENSEMBL:ENSP00000613167.1|ENSEMBL:ENSP00000613169|ENSEMBL:ENSP00000613169.1|ENSEMBL:ENSP00000613170|ENSEMBL:ENSP00000613170.1|ENSEMBL:ENSP00000613171|ENSEMBL:ENSP00000613171.1|ENSEMBL:ENSP00000613172|ENSEMBL:ENSP00000613172.1|ENSEMBL:ENSP00000613173|ENSEMBL:ENSP00000613173.1|ENSEMBL:ENSP00000613174|ENSEMBL:ENSP00000613174.1|ENSEMBL:ENSP00000613175|ENSEMBL:ENSP00000613175.1|HGNC:1784|MESH:C493956|NCBIGENE:1026|NCIT:C17782|NCIT:C17783|OMIM:116899|PR:000005274|PR:P38936|REACT:R-HSA-182512|REACT:R-HSA-182585|REACT:R-HSA-187857|REACT:R-HSA-198614|REACT:R-HSA-3786256|REACT:R-HSA-8942601|UMLS:C0249197|UMLS:C1529821|UNIPROTKB:P38936
CDNF|Q49AH0,CRE_Q49AH0|CDNF,9,ENSEMBL:ENSG00000185267|HGNC:24913|MESH:C522217|NCBIGENE:441549|OMIM:611233|PR:Q49AH0|UMLS:C1538945|UMLS:C2001823|UNIPROTKB:Q49AH0
CDON|Q4KMG0,DEV_Q4KMG0|CDON,19,ENSEMBL:ENSG00000064309|ENSEMBL:ENSP00000506883|ENSEMBL:ENSP00000506883.1|ENSEMBL:ENSP00000508160|ENSEMBL:ENSP00000508160.1|HGNC:17104|MESH:C107286|NCBIGENE:50937|NCIT:C24290|NCIT:C25891|OMIM:608707|PR:000005282|PR:Q4KMG0|REACT:R-HSA-197892|UMLS:C1332740|UMLS:C1336539|UMLS:C1430881|UNIPROTKB:A0A804HL16|UNIPROTKB:Q4KMG0
CDSN|Q15517,IRE_Q15517|CDSN,26,ENSEMBL:ENSG00000137197|ENSEMBL:ENSG00000204539|ENSEMBL:ENSG00000206460|ENSEMBL:ENSG00000237114|ENSEMBL:ENSG00000237123|ENSEMBL:ENSG00000237165|ENSEMBL:ENSP00000259726|ENSEMBL:ENSP00000259726.6|ENSEMBL:ENSP00000365465|ENSEMBL:ENSP00000365465.2|ENSEMBL:ENSP00000388386|ENSEMBL:ENSP00000388386.2|ENSEMBL:ENSP00000392863|ENSEMBL:ENSP00000392863.2|ENSEMBL:ENSP00000399604|ENSEMBL:ENSP00000399604.2|HGNC:1802|MESH:C109656|NCBIGENE:1041|OMIM:602593|PR:Q15517|REACT:R-HSA-6814395|REACT:R-HSA-8847707|UMLS:C1413299|UMLS:C1431107|UNIPROTKB:Q15517
CEACAM1|P13688,ONC2_P13688|CEACAM1,16,ENSEMBL:ENSG00000079385|HGNC:1814|NCBIGENE:634|NCIT:C104113|NCIT:C104115|OMIM:109770|PR:P13688|REACT:R-HSA-197701|REACT:R-HSA-6799528|REACT:R-HSA-6800953|REACT:R-HSA-9855957|UMLS:C1413306|UMLS:C1610997|UMLS:C3540477|UNIPROTKB:P13688|UNIPROTKB:Q3KRG8
CEACAM3|P40198,NEX_P40198|CEACAM3,14,ENSEMBL:ENSG00000170956|HGNC:1815|MESH:C075729|NCBIGENE:1084|NCIT:C170837|NCIT:C170839|OMIM:609142|PR:P40198|REACT:R-HSA-197706|REACT:R-HSA-6806076|UMLS:C1413307|UMLS:C1429738|UMLS:C5400889|UNIPROTKB:P40198
CEACAM5|P06731,ONC2_P06731|CEACAM5,18,ENSEMBL:ENSG00000105388|ENSEMBL:ENSP00000482157|ENSEMBL:ENSP00000482157.1|HGNC:1817|MESH:C527875|NCBIGENE:1048|NCIT:C16384|NCIT:C20998|OMIM:114890|PR:P06731|REACT:R-HSA-8940811|REACT:R-HSA-8943378|UMLS:C1332744|UMLS:C2352715|UNIPROTKB:A0A024R0K5|UNIPROTKB:A0A087WYX0|UNIPROTKB:P06731|UNIPROTKB:Q53G30
CEACAM8|P31997,CVD2_P31997|CEACAM8,21,ENSEMBL:ENSG00000124469|ENSEMBL:ENSP00000244336|ENSEMBL:ENSP00000244336.5|ENSEMBL:ENSP00000570056|ENSEMBL:ENSP00000570056.1|HGNC:1820|MESH:C504120|NCBIGENE:1088|NCIT:C118588|NCIT:C118590|OMIM:615747|PR:P31997|REACT:R-HSA-204084|REACT:R-HSA-6799129|REACT:R-HSA-6800922|REACT:R-HSA-6800969|UMLS:C0376896|UMLS:C1413310|UNIPROTKB:B4DLI3|UNIPROTKB:P31997|UNIPROTKB:Q0Z7S6
CERT|Q9Y5P4,NEX_Q9Y5P4|COL4A3BP,21,ENSEMBL:ENSG00000113163|ENSEMBL:ENSP00000496016|ENSEMBL:ENSP00000496016.1|HGNC:2205|MESH:C119090|NCBIGENE:10087|NCIT:C90607|NCIT:C91070|OMIM:604677|PR:000005716|PR:Q9Y5P4|REACT:R-HSA-429665|REACT:R-HSA-429695|REACT:R-HSA-429704|REACT:R-HSA-429712|REACT:R-HSA-429727|UMLS:C1309072|UMLS:C1413584|UMLS:C3853747|UNIPROTKB:A0A2R8Y7C5|UNIPROTKB:Q9Y5P4
CES1|P23141,CAM_P23141|CES1,22,ENSEMBL:ENSG00000198848|ENSEMBL:ENSG00000262243|ENSEMBL:ENSP00000458586|ENSEMBL:ENSP00000458586.1|ENSEMBL:ENSP00000460045|ENSEMBL:ENSP00000460045.1|ENSEMBL:ENSP00000461208|ENSEMBL:ENSP00000461208.1|HGNC:1863|LOINC:LP203636-8|LOINC:LP288131-8|MESH:C474609|NCBIGENE:1066|NCIT:C116034|NCIT:C116036|OMIM:114835|PR:P23141|REACT:R-HSA-2429659|REACT:R-HSA-9727618|UMLS:C1258847|UMLS:C1413347|UNIPROTKB:P23141
CES2|O00748,ODA_O00748|CES2,12,ENSEMBL:ENSG00000172831|HGNC:1864|MESH:C517204|NCBIGENE:8824|NCIT:C116037|NCIT:C116039|OMIM:605278|PR:O00748|REACT:R-HSA-5693713|UMLS:C1413348|UMLS:C1869509|UNIPROTKB:O00748
CETN2|P41208,NEX_P41208|CETN2,16,ENSEMBL:ENSG00000147400|ENSEMBL:ENSP00000359300|ENSEMBL:ENSP00000359300.3|ENSEMBL:ENSP00000517979|ENSEMBL:ENSP00000517979.1|HGNC:1867|MESH:C472752|NCBIGENE:1069|OMIM:300006|PR:P41208|REACT:R-HSA-380298|REACT:R-HSA-4570486|REACT:R-HSA-4570490|UMLS:C1175407|UMLS:C1413351|UNIPROTKB:P41208
CFC1|P0CG37,CRE_P0CG37|CFC1,21,ENSEMBL:ENSG00000136698|ENSEMBL:ENSP00000259216|ENSEMBL:ENSP00000259216.5|ENSEMBL:ENSP00000480526|ENSEMBL:ENSP00000480526.1|ENSEMBL:ENSP00000480843|ENSEMBL:ENSP00000480843.1|HGNC:18292|MESH:C491268|NCBIGENE:55997|NCIT:C16253|NCIT:C28693|OMIM:605194|PR:000005375|PR:P0CG37|REACT:R-HSA-1181327|UMLS:C1332788|UMLS:C1453297|UNIPROTKB:A0A087WWV2|UNIPROTKB:A0A087WX98|UNIPROTKB:P0CG37
CFHR5|Q9BXR6,CAM_Q9BXR6|CFHR5,17,ENSEMBL:ENSG00000134389|ENSEMBL:ENSP00000256785|ENSEMBL:ENSP00000256785.4|ENSEMBL:ENSP00000517752|ENSEMBL:ENSP00000517752.1|ENSEMBL:LRG_227|HGNC:24668|MESH:C432223|NCBIGENE:81494|NCIT:C198627|OMIM:608593|PR:000005383|PR:Q9BXR6|REACT:R-HSA-8851419|UMLS:C1448061|UMLS:C1538446|UNIPROTKB:Q9BXR6
CGA|P01215,DEV_P01215|CGA,21,ENSEMBL:ENSG00000135346|ENSEMBL:ENSP00000482232|ENSEMBL:ENSP00000482232.1|ENSEMBL:ENSP00000486024|ENSEMBL:ENSP00000486024.1|HGNC:1885|MESH:C554042|NCBIGENE:1081|NCIT:C129840|NCIT:C129842|OMIM:118850|PR:P01215|REACT:R-HSA-378967|REACT:R-HSA-6793928|REACT:R-HSA-6793933|REACT:R-HSA-8864416|UMLS:C0018664|UMLS:C1413366|UNIPROTKB:A0A087WYZ4|UNIPROTKB:P01215|UNIPROTKB:Q6I9S8
CGB3_CGB5_CGB8|P0DN86,ONC3_P0DN86|CGB3,3,PR:P0DN86|REACT:R-HSA-8936343|UNIPROTKB:P0DN86
CHI3L1|P36222,CVD3_P36222|CHI3L1,15,ENSEMBL:ENSG00000133048|ENSEMBL:ENSP00000255409|ENSEMBL:ENSP00000255409.3|HGNC:1932|MESH:C084533|NCBIGENE:1116|NCIT:C125183|NCIT:C93267|OMIM:601525|PR:P36222|REACT:R-HSA-6799507|REACT:R-HSA-6806319|UMLS:C0528649|UMLS:C1413387|UNIPROTKB:P36222
CHIT1|Q13231,CVD3_Q13231|CHIT1,13,ENSEMBL:ENSG00000133063|HGNC:1936|NCBIGENE:1118|NCIT:C120051|NCIT:C120053|OMIM:600031|PR:Q13231|REACT:R-HSA-6786396|REACT:R-HSA-6799529|REACT:R-HSA-6800898|UMLS:C1413391|UMLS:C3502322|UNIPROTKB:Q13231
CHL1|O00533,CAM_O00533|CHL1,15,CHEMBL.TARGET:CHEMBL1075422|EFO:0002132|ENSEMBL:ENSG00000134121|ENSEMBL:ENSP00000483512|ENSEMBL:ENSP00000483512.1|HGNC:1939|MESH:C490650|NCBIGENE:10752|OMIM:607416|PR:O00533|REACT:R-HSA-443615|UMLS:C1413393|UMLS:C1504818|UNIPROTKB:A0A087X0M8|UNIPROTKB:O00533
CHRDL2|Q6WN34,MET_Q6WN34|CHRDL2,9,ENSEMBL:ENSG00000054938|HGNC:24168|MESH:C477338|NCBIGENE:25884|OMIM:613127|PR:Q6WN34|UMLS:C1428354|UMLS:C1454907|UNIPROTKB:Q6WN34
CKAP4|Q07065,IRE_Q07065|CKAP4,18,ENSEMBL:ENSG00000136026|ENSEMBL:ENSP00000367265|ENSEMBL:ENSP00000367265.4|HGNC:16991|MESH:C081876|NCBIGENE:10970|OMIM:618595|PR:Q07065|REACT:R-HSA-5686280|REACT:R-HSA-5686285|REACT:R-HSA-5686306|REACT:R-HSA-6799552|REACT:R-HSA-6799559|REACT:R-HSA-8956737|REACT:R-HSA-8956926|UMLS:C1424677|UMLS:C1429859|UNIPROTKB:Q07065
CLEC10A|Q8IUN9,NEU1_Q8IUN9|CLEC10A,19,ENSEMBL:ENSG00000132514|ENSEMBL:ENSP00000414938|ENSEMBL:ENSP00000414938.2|ENSEMBL:ENSP00000544131|ENSEMBL:ENSP00000544131.1|ENSEMBL:ENSP00000613540|ENSEMBL:ENSP00000613540.1|HGNC:16916|MESH:C545222|NCBIGENE:10462|NCIT:C122764|NCIT:C122766|OMIM:605999|PR:Q8IUN9|REACT:R-HSA-1472863|UMLS:C1539104|UMLS:C2742389|UNIPROTKB:J3KR22|UNIPROTKB:Q8IUN9
CLEC11A|Q9Y240,DEV_Q9Y240|CLEC11A,15,ENSEMBL:ENSG00000105472|ENSEMBL:ENSP00000250340|ENSEMBL:ENSP00000250340.3|HGNC:10576|MESH:C110532|NCBIGENE:6320|NCIT:C116594|NCIT:C116597|NCIT:C116598|OMIM:604713|PR:Q9Y240|UMLS:C0671154|UMLS:C1539105|UMLS:C3888289|UNIPROTKB:Q9Y240
CLEC14A|Q86T13,DEV_Q86T13|CLEC14A,11,ENSEMBL:ENSG00000176435|ENSEMBL:ENSP00000353013|ENSEMBL:ENSP00000353013.2|HGNC:19832|MESH:C570898|NCBIGENE:161198|OMIM:616845|PR:Q86T13|UMLS:C1539107|UMLS:C3490995|UNIPROTKB:Q86T13
CLEC1A|Q8NC01,ODA_Q8NC01|CLEC1A,17,ENSEMBL:ENSG00000150048|ENSEMBL:ENSP00000326407|ENSEMBL:ENSP00000326407.4|ENSEMBL:ENSP00000415048|ENSEMBL:ENSP00000415048.2|ENSEMBL:ENSP00000417010|ENSEMBL:ENSP00000417010.2|HGNC:24355|NCBIGENE:51267|OMIM:606782|PR:Q8NC01|UMLS:C1539085|UNIPROTKB:B3KRP6|UNIPROTKB:B4DV89|UNIPROTKB:E7ESV9|UNIPROTKB:E9PFB4|UNIPROTKB:Q8NC01
CLEC1B|Q9P126,NEU1_Q9P126|CLEC1B,11,ENSEMBL:ENSG00000165682|HGNC:24356|MESH:C546928|NCBIGENE:51266|OMIM:606783|PR:Q9P126|REACT:R-HSA-1472858|REACT:R-HSA-5684819|UMLS:C1539086|UMLS:C2744532|UNIPROTKB:Q9P126
CLEC4A|Q9UMR7,IRE_Q9UMR7|CLEC4A,10,ENSEMBL:ENSG00000111729|HGNC:13257|MESH:C423004|NCBIGENE:50856|OMIM:605306|PR:Q9UMR7|REACT:R-HSA-1472853|UMLS:C1122625|UMLS:C1539093|UNIPROTKB:Q9UMR7
CLEC4C|Q8WTT0,IRE_Q8WTT0|CLEC4C,18,CHEMBL.TARGET:CHEMBL2176855|ENSEMBL:ENSG00000198178|HGNC:13258|MESH:C443299|NCBIGENE:170482|NCIT:C104131|NCIT:C104133|OMIM:606677|PR:000001292|PR:Q8WTT0|PTHR22802:SF423|REACT:R-HSA-2130705|REACT:R-HSA-6800186|REACT:R-HSA-6800915|REACT:R-HSA-6801022|UMLS:C1100431|UMLS:C1539094|UNIPROTKB:Q8WTT0
CLEC4D|Q8WXI8,IRE_Q8WXI8|CLEC4D,15,ENSEMBL:ENSG00000166527|ENSEMBL:ENSP00000299665|ENSEMBL:ENSP00000299665.2|HGNC:14554|MESH:C482593|NCBIGENE:338339|OMIM:609964|PR:Q8WXI8|REACT:R-HSA-1472859|REACT:R-HSA-6799525|REACT:R-HSA-6800875|REACT:R-HSA-6800925|UMLS:C1435762|UMLS:C1539095|UNIPROTKB:Q8WXI8
CLEC4G|Q6UXB4,IRE_Q6UXB4|CLEC4G,19,ENSEMBL:ENSG00000182566|ENSEMBL:ENSP00000327599|ENSEMBL:ENSP00000327599.4|HGNC:24591|MESH:C505228|NCBIGENE:339390|NCIT:C189939|NCIT:C189941|OMIM:616256|PR:000029360|PR:Q6UXB4|PTHR22802:SF245|REACT:R-HSA-1472852|UMLS:C1539098|UMLS:C1622713|UNIPROTKB:B7ZKQ2|UNIPROTKB:Q08G24|UNIPROTKB:Q6UXB4|UNIPROTKB:Q6XYD1
CLEC5A|Q9NY25,MET_Q9NY25|CLEC5A,17,ENSEMBL:ENSG00000258227|ENSEMBL:ENSP00000446890|ENSEMBL:ENSP00000446890.2|HGNC:2054|MESH:C509771|NCBIGENE:23601|OMIM:604987|PR:Q9NY25|REACT:R-HSA-210028|REACT:R-HSA-6799520|REACT:R-HSA-6801019|UMLS:C1259886|UMLS:C1539100|UNIPROTKB:A4D1U7|UNIPROTKB:G3V1V3|UNIPROTKB:Q14DL9|UNIPROTKB:Q9NY25
CLEC6A|Q6EIG7,IRE_Q6EIG7|CLEC6A,15,CHEMBL.TARGET:CHEMBL2176856|ENSEMBL:ENSG00000205846|HGNC:14556|MESH:C000593630|NCBIGENE:93978|NCIT:C201950|OMIM:613579|PR:000001806|PR:Q6EIG7|PTHR22802:SF249|REACT:R-HSA-1472857|UMLS:C1539101|UMLS:C3886112|UMLS:C5890870|UNIPROTKB:Q6EIG7
CLEC7A|Q9BXN2,IRE_Q9BXN2|CLEC7A,21,ENSEMBL:ENSG00000172243|ENSEMBL:ENSP00000434954|ENSEMBL:ENSP00000434954.1|ENSEMBL:LRG_179|HGNC:14558|MESH:C546929|NCBIGENE:64581|NCIT:C122761|NCIT:C122763|OMIM:606264|PR:Q9BXN2|REACT:R-HSA-2130683|REACT:R-HSA-5607641|UMLS:C1539102|UMLS:C2744537|UNIPROTKB:A0A0S2Z5Q1|UNIPROTKB:A0A2Z5YRT6|UNIPROTKB:A0A2Z5YRU4|UNIPROTKB:F6UK94|UNIPROTKB:Q68D78|UNIPROTKB:Q9BXN2
CLIP2|Q9UDT6,ONC3_Q9UDT6|CLIP2,10,ENSEMBL:ENSG00000106665|HGNC:2586|NCBIGENE:7461|OMIM:603432|PR:Q9UDT6|UMLS:C1824747|UMLS:C2350719|UNIPROTKB:A0A140VJG6|UNIPROTKB:A7E2F7|UNIPROTKB:Q9UDT6
CLMP|Q9H6B4,MET_Q9H6B4|CLMP,18,ENSEMBL:ENSG00000166250|ENSEMBL:ENSP00000405577|ENSEMBL:ENSP00000405577.2|ENSEMBL:ENSP00000520511|ENSEMBL:ENSP00000520511.1|ENSEMBL:ENSP00000566703|ENSEMBL:ENSP00000566703.1|ENSEMBL:ENSP00000583078|ENSEMBL:ENSP00000583078.1|HGNC:24039|MESH:C568771|NCBIGENE:79827|OMIM:611693|PR:Q9H6B4|UMLS:C1449445|UMLS:C1968826|UNIPROTKB:B4E3S3|UNIPROTKB:Q9H6B4
CLSPN|Q9HAW4,ODA_Q9HAW4|CLSPN,16,ENSEMBL:ENSG00000092853|HGNC:19715|MESH:C488158|NCBIGENE:63967|NCIT:C116689|NCIT:C116691|OMIM:605434|PR:Q9HAW4|REACT:R-HSA-176282|REACT:R-HSA-176296|REACT:R-HSA-351929|REACT:R-HSA-351935|REACT:R-HSA-6783087|UMLS:C1426354|UMLS:C1447801|UNIPROTKB:Q9HAW4
CLSTN1|O94985,NEX_O94985|CLSTN1,10,ENSEMBL:ENSG00000171603|HGNC:17447|MESH:C503225|NCBIGENE:22883|OMIM:611321|PR:O94985|UMLS:C1175245|UMLS:C1424968|UNIPROTKB:B4E3Q1|UNIPROTKB:O94985
CLSTN2|Q9H4D0,MET_Q9H4D0|CLSTN2,11,ENSEMBL:ENSG00000158258|ENSEMBL:ENSP00000402460|ENSEMBL:ENSP00000402460.2|HGNC:17448|MESH:C472551|NCBIGENE:64084|OMIM:611323|PR:Q9H4D0|UMLS:C1175246|UMLS:C1424969|UNIPROTKB:Q9H4D0
CLSTN3|Q9BQT9,CRE_Q9BQT9|CLSTN3,10,ENSEMBL:ENSG00000139182|ENSEMBL:ENSG00000288427|HGNC:18371|MESH:C472553|NCBIGENE:9746|OMIM:611324|PR:Q9BQT9|UMLS:C1175248|UMLS:C1425480|UNIPROTKB:Q9BQT9
CLUL1|Q15846,MET_Q15846|CLUL1,24,ENSEMBL:ENSG00000079101|ENSEMBL:ENSP00000341128|ENSEMBL:ENSP00000341128.6|ENSEMBL:ENSP00000383449|ENSEMBL:ENSP00000383449.2|ENSEMBL:ENSP00000441726|ENSEMBL:ENSP00000441726.1|ENSEMBL:ENSP00000441726.2|ENSEMBL:ENSP00000463269|ENSEMBL:ENSP00000463269.2|ENSEMBL:ENSP00000464642|ENSEMBL:ENSP00000464642.1|ENSEMBL:ENSP00000510271|ENSEMBL:ENSP00000510271.1|HGNC:2096|MESH:C405933|NCBIGENE:27098|OMIM:616990|PR:Q15846|UMLS:C1309427|UMLS:C1413515|UNIPROTKB:B7Z5R4|UNIPROTKB:F5GWQ8|UNIPROTKB:Q15846
CNDP1|Q96KN2,CAM_Q96KN2|CNDP1,14,ENSEMBL:ENSG00000150656|ENSEMBL:ENSP00000351682|ENSEMBL:ENSP00000351682.3|HGNC:20675|MESH:C522928|NCBIGENE:84735|NCIT:C200230|OMIM:609064|PR:000005628|PR:Q96KN2|UMLS:C1295477|UMLS:C1539109|UMLS:C1999721|UNIPROTKB:Q96KN2
CNPY2|Q9Y2B0,ONC3_Q9Y2B0|CNPY2,9,ENSEMBL:ENSG00000257727|HGNC:13529|MESH:C502333|NCBIGENE:10330|OMIM:605861|PR:Q9Y2B0|UMLS:C1422040|UMLS:C1571276|UNIPROTKB:Q9Y2B0
CNTN1|Q12860,CVD3_Q12860|CNTN1,11,ENSEMBL:ENSG00000018236|HGNC:2171|MESH:C548669|NCBIGENE:1272|NCIT:C207242|OMIM:600016|PR:Q12860|REACT:R-HSA-373622|UMLS:C1413559|UMLS:C1621867|UNIPROTKB:Q12860
CNTN2|Q02246,ODA_Q02246|CNTN2,19,ENSEMBL:ENSG00000184144|ENSEMBL:ENSP00000330633|ENSEMBL:ENSP00000330633.4|ENSEMBL:ENSP00000491671|ENSEMBL:ENSP00000491671.1|ENSEMBL:ENSP00000492495|ENSEMBL:ENSP00000492495.1|ENSEMBL:ENSP00000492617|ENSEMBL:ENSP00000492617.1|HGNC:2172|MESH:C548674|NCBIGENE:6900|OMIM:190197|PR:Q02246|REACT:R-HSA-373618|UMLS:C1413560|UMLS:C1437544|UNIPROTKB:A1L3A3|UNIPROTKB:Q02246
CNTN4|Q8IWV2,DEV_Q8IWV2|CNTN4,13,ENSEMBL:ENSG00000144619|HGNC:2174|MESH:C098304|NCBIGENE:152330|NCIT:C207256|OMIM:607280|PR:000005669|PR:Q8IWV2|REACT:R-HSA-8940745|REACT:R-HSA-8941043|UMLS:C1413562|UMLS:C1430398|UNIPROTKB:Q8IWV2
CNTN5|O94779,NEU1_O94779|CNTN5,11,ENSEMBL:ENSG00000149972|HGNC:2175|MESH:C000595918|NCBIGENE:53942|OMIM:607219|PR:O94779|REACT:R-HSA-8940831|REACT:R-HSA-8941132|UMLS:C1413563|UMLS:C4042453|UNIPROTKB:O94779
CNTNAP2|Q9UHC6,IRE_Q9UHC6|CNTNAP2,15,ENSEMBL:ENSG00000174469|ENSEMBL:ENSG00000278728|HGNC:13830|MESH:C403049|NCBIGENE:26047|NCIT:C73461|NCIT:C73463|OMIM:604569|PR:000005673|PR:Q9UHC6|UMLS:C1422223|UMLS:C1438672|UNIPROTKB:A0A090N7T7|UNIPROTKB:B2RCH4|UNIPROTKB:Q9UHC6
COCH|O43405,DEV_O43405|COCH,16,ENSEMBL:ENSG00000100473|ENSEMBL:ENSP00000216361|ENSEMBL:ENSP00000216361.5|ENSEMBL:ENSP00000584838|ENSEMBL:ENSP00000584838.1|HGNC:2180|LOINC:LP288151-6|LOINC:LP35857-9|MESH:C110668|NCBIGENE:1690|OMIM:603196|PR:O43405|UMLS:C0671466|UMLS:C1413565|UNIPROTKB:A0A2U3TZE7|UNIPROTKB:O43405
COL18A1|P39060,CAM_P39060|COL18A1,22,ENSEMBL:ENSG00000182871|ENSEMBL:ENSP00000518184|ENSEMBL:ENSP00000518184.1|ENSEMBL:ENSP00000518185|ENSEMBL:ENSP00000518185.1|HGNC:2195|MESH:C000612902|NCBIGENE:80781|NCIT:C17792|NCIT:C18046|NCIT:C24305|OMIM:120328|PDQ:CDR0000037823|PR:000005702|PR:P39060|UMLS:C1332771|UMLS:C3887702|UMLS:C4082596|UMLS:C4307330|UNIPROTKB:A0AAG2UW65|UNIPROTKB:A0AAG2UXZ5|UNIPROTKB:P39060
COL1A1|P02452,CVD3_P02452|COL1A1,16,ENSEMBL:ENSG00000108821|ENSEMBL:ENSP00000225964|ENSEMBL:ENSP00000225964.6|ENSEMBL:LRG_1|HGNC:2197|LOINC:LP288626-7|MESH:C000716127|NCBIGENE:1277|NCIT:C29949|NCIT:C30013|OMIM:120150|PR:P02452|REACT:R-HSA-8985634|UMLS:C0972255|UMLS:C1332772|UNIPROTKB:P02452
COL4A1|P02462,CRE_P02462|COL4A1,11,ENSEMBL:ENSG00000187498|ENSEMBL:LRG_1116|HGNC:2202|MESH:C547475|NCBIGENE:1282|OMIM:120130|PR:P02462|UMLS:C1413582|UMLS:C2932200|UNIPROTKB:A5PKV2|UNIPROTKB:P02462
COL9A1|P20849,ONC3_P20849|COL9A1,12,ENSEMBL:ENSG00000112280|ENSEMBL:ENSP00000506990|ENSEMBL:ENSP00000506990.1|HGNC:2217|MESH:C439970|NCBIGENE:1297|OMIM:120210|PR:P20849|UMLS:C1099263|UMLS:C1413595|UNIPROTKB:A0A804HIB6|UNIPROTKB:P20849
COLEC12|Q5KU26,DEV_Q5KU26|COLEC12,13,ENSEMBL:ENSG00000158270|ENSEMBL:ENSP00000383115|ENSEMBL:ENSP00000383115.3|HGNC:16016|MESH:C422442|NCBIGENE:81035|OMIM:607621|PR:Q5KU26|REACT:R-HSA-2187209|REACT:R-HSA-2981044|UMLS:C1099816|UMLS:C1423911|UNIPROTKB:Q5KU26
COMP|P49747,CAM_P49747|COMP,12,ENSEMBL:ENSG00000105664|HGNC:2227|MESH:C577544|NCBIGENE:1311|NCIT:C131262|NCIT:C131264|OMIM:600310|PR:P49747|REACT:R-HSA-2426331|UMLS:C1456376|UMLS:C3711580|UNIPROTKB:P49747
COMT|P21964,MET_P21964|COMT,19,CHV:0000054871|ENSEMBL:ENSG00000093010|ENSEMBL:LRG_1010|HGNC:2228|LOINC:LP172723-1|LOINC:LP288157-3|MESH:C588010|NCBIGENE:1312|NCIT:C16387|NCIT:C18589|OMIM:116790|PDQ:CDR0000038375|PR:P21964|REACT:R-HSA-175974|REACT:R-HSA-379386|UMLS:C1135159|UMLS:C3850446|UNIPROTKB:A0A140VJG8|UNIPROTKB:P21964
CPA1|P15085,CVD3_P15085|CPA1,14,ENSEMBL:ENSG00000091704|ENSEMBL:ENSP00000011292|ENSEMBL:ENSP00000011292.3|HGNC:2296|NCBIGENE:1357|NCIT:C113582|NCIT:C113584|OMIM:114850|PR:P15085|REACT:R-HSA-9910734|UMLS:C1137931|UMLS:C1413662|UMLS:C5441897|UNIPROTKB:P15085
CPA2|P48052,NEU1_P48052|CPA2,10,ENSEMBL:ENSG00000158516|ENSEMBL:ENSP00000222481|ENSEMBL:ENSP00000222481.4|HGNC:2297|NCBIGENE:1358|OMIM:600688|PR:P48052|REACT:R-HSA-9922737|UMLS:C1413663|UNIPROTKB:P48052
CPB1|P15086,CVD3_P15086|CPB1,15,ENSEMBL:ENSG00000153002|ENSEMBL:ENSP00000282957|ENSEMBL:ENSP00000282957.4|ENSEMBL:ENSP00000417222|ENSEMBL:ENSP00000417222.1|HGNC:2299|MESH:C058173|NCBIGENE:1360|OMIM:114852|PR:P15086|REACT:R-HSA-3229247|REACT:R-HSA-9922768|UMLS:C1413665|UMLS:C1447064|UNIPROTKB:P15086
CPE|P16870,ONC2_P16870|CPE,14,ENSEMBL:ENSG00000109472|HGNC:2303|NCBIGENE:1363|NCIT:C95807|NCIT:C95809|NCIT:C95810|OMIM:114855|PR:P16870|REACT:R-HSA-265204|UMLS:C1413668|UMLS:C3272367|UMLS:C5441613|UNIPROTKB:A0A384N679|UNIPROTKB:P16870
CPM|P14384,NEU1_P14384|CPM,30,ENSEMBL:ENSG00000135678|ENSEMBL:ENSP00000339157|ENSEMBL:ENSP00000339157.3|ENSEMBL:ENSP00000447255|ENSEMBL:ENSP00000447255.1|ENSEMBL:ENSP00000448517|ENSEMBL:ENSP00000448517.1|ENSEMBL:ENSP00000564673|ENSEMBL:ENSP00000564673.1|ENSEMBL:ENSP00000564674|ENSEMBL:ENSP00000564674.1|ENSEMBL:ENSP00000631628|ENSEMBL:ENSP00000631628.1|ENSEMBL:ENSP00000631629|ENSEMBL:ENSP00000631629.1|ENSEMBL:ENSP00000631631|ENSEMBL:ENSP00000631631.1|ENSEMBL:ENSP00000631632|ENSEMBL:ENSP00000631632.1|ENSEMBL:ENSP00000631633|ENSEMBL:ENSP00000631633.1|HGNC:2311|NCBIGENE:1368|OMIM:114860|PR:P14384|REACT:R-HSA-8940702|REACT:R-HSA-8941105|UMLS:C1413672|UMLS:C2930480|UNIPROTKB:P14384
CPVL|Q9H3G5,ONC3_Q9H3G5|CPVL,29,ENSEMBL:ENSG00000106066|ENSEMBL:ENSP00000265394|ENSEMBL:ENSP00000265394.5|ENSEMBL:ENSP00000379572|ENSEMBL:ENSP00000379572.3|ENSEMBL:ENSP00000387164|ENSEMBL:ENSP00000387164.1|ENSEMBL:ENSP00000556377|ENSEMBL:ENSP00000556377.1|ENSEMBL:ENSP00000556378|ENSEMBL:ENSP00000556378.1|ENSEMBL:ENSP00000556379|ENSEMBL:ENSP00000556379.1|ENSEMBL:ENSP00000556385|ENSEMBL:ENSP00000556385.1|ENSEMBL:ENSP00000603804|ENSEMBL:ENSP00000603804.1|ENSEMBL:ENSP00000629780|ENSEMBL:ENSP00000629780.1|ENSEMBL:ENSP00000629789|ENSEMBL:ENSP00000629789.1|HGNC:14399|MESH:C508747|NCBIGENE:54504|OMIM:609780|PR:Q9H3G5|UMLS:C1422620|UMLS:C1701357|UNIPROTKB:Q9H3G5
CPXM1|Q96SM3,CRE_Q96SM3|CPXM1,15,ENSEMBL:ENSG00000088882|ENSEMBL:ENSP00000369979|ENSEMBL:ENSP00000369979.2|HGNC:15771|MESH:C000621999|NCBIGENE:56265|NCIT:C131752|NCIT:C131754|OMIM:609555|PR:000029368|PR:Q96SM3|UMLS:C1824787|UMLS:C4318405|UMLS:C4549967|UNIPROTKB:Q96SM3
CR2|P20023,CAM_P20023|CR2,15,ENSEMBL:ENSG00000117322|ENSEMBL:LRG_348|HGNC:2336|MESH:C000655028|NCBIGENE:1380|NCIT:C104977|NCIT:C104979|OMIM:120650|PR:000001338|PR:P20023|REACT:R-HSA-197936|UMLS:C1413696|UMLS:C3539605|UMLS:C5226106|UNIPROTKB:P20023
CRADD|P78560,NEX_P78560|CRADD,24,ENSEMBL:ENSG00000169372|ENSEMBL:ENSP00000448685|ENSEMBL:ENSP00000448685.1|ENSEMBL:ENSP00000449570|ENSEMBL:ENSP00000449570.1|ENSEMBL:ENSP00000449664|ENSEMBL:ENSP00000449664.1|HGNC:2340|MESH:C104252|NCBIGENE:8738|NCIT:C190817|OMIM:603454|PR:000005845|PR:P78560|REACT:R-HSA-5657970|UMLS:C1413699|UMLS:C1430655|UNIPROTKB:B4DJT6|UNIPROTKB:F5H7C2|UNIPROTKB:F8VV49|UNIPROTKB:F8VVY5|UNIPROTKB:P78560|UNIPROTKB:Q53XL1|UNIPROTKB:Q8IY43
CRELD2|Q6UXH1,DEV_Q6UXH1|CRELD2,9,ENSEMBL:ENSG00000184164|HGNC:28150|MESH:C507070|NCBIGENE:79174|OMIM:607171|PR:Q6UXH1|UMLS:C1674634|UMLS:C1824790|UNIPROTKB:Q6UXH1
CRHBP|P24387,DEV_P24387|CRHBP,13,ENSEMBL:ENSG00000145708|ENSEMBL:ENSP00000274368|ENSEMBL:ENSP00000274368.4|ENSEMBL:ENSP00000580015|ENSEMBL:ENSP00000580015.1|HGNC:2356|NCBIGENE:1393|OMIM:122559|PR:P24387|REACT:R-HSA-8937598|UMLS:C1413708|UMLS:C1454875|UNIPROTKB:P24387
CRH|P06850,ODA_P06850|CRH,21,DRUGBANK:DB05394|ENSEMBL:ENSG00000147571|ENSEMBL:ENSP00000276571|ENSEMBL:ENSP00000276571.3|ENSEMBL:ENSP00000618684|ENSEMBL:ENSP00000618684.1|HGNC:2355|LOINC:LP32691-5|NCBIGENE:1392|NCIT:C2269|NCIT:C38190|NCIT:C394|OMIM:122560|PR:000005867|PR:P06850|REACT:R-HSA-420146|REACT:R-HSA-9017971|UMLS:C0772289|UMLS:C1366488|UNIPROTKB:A0A0S2Z478|UNIPROTKB:P06850
CRIM1|Q9NZV1,DEV_Q9NZV1|CRIM1,12,ENSEMBL:ENSG00000150938|ENSEMBL:ENSG00000277354|ENSEMBL:ENSP00000280527|ENSEMBL:ENSP00000280527.2|HGNC:2359|MESH:C486175|NCBIGENE:51232|OMIM:606189|PR:Q9NZV1|UMLS:C1142672|UMLS:C1413711|UNIPROTKB:Q9NZV1
CRIP2|P52943,NEX_P52943|CRIP2,12,ENSEMBL:ENSG00000182809|HGNC:2361|MESH:C486176|NCBIGENE:1397|NCIT:C104936|NCIT:C104940|OMIM:601183|PR:000005874|PR:P52943|UMLS:C0651363|UMLS:C1456379|UNIPROTKB:P52943
CRISP2|P16562,CRE_P16562|CRISP2,10,ENSEMBL:ENSG00000124490|HGNC:12024|MESH:C062621|NCBIGENE:7180|OMIM:187430|PR:P16562|UMLS:C1420884|UMLS:C1437242|UNIPROTKB:A0A024RD74|UNIPROTKB:P16562
CRKL|P46109,MET_P46109|CRKL,18,ENSEMBL:ENSG00000099942|ENSEMBL:ENSP00000346300|ENSEMBL:ENSP00000346300.3|ENSEMBL:ENSP00000396646|ENSEMBL:ENSP00000396646.1|HGNC:2363|MESH:C082869|NCBIGENE:1399|NCIT:C17700|NCIT:C18375|OMIM:602007|PR:000005883|PR:P46109|REACT:R-HSA-354384|REACT:R-HSA-9024730|UMLS:C0219488|UMLS:C0812253|UNIPROTKB:P46109
CRNN|Q9UBG3,ONC2_Q9UBG3|CRNN,11,ENSEMBL:ENSG00000143536|ENSEMBL:ENSP00000271835|ENSEMBL:ENSP00000271835.3|HGNC:1230|MESH:C418764|NCBIGENE:49860|OMIM:611312|PR:Q9UBG3|UMLS:C0963482|UMLS:C1824796|UNIPROTKB:Q9UBG3
CRTAC1|Q9NQ79,CAM_Q9NQ79|CRTAC1,9,ENSEMBL:ENSG00000095713|HGNC:14882|MESH:C422245|NCBIGENE:55118|OMIM:606276|PR:Q9NQ79|UMLS:C0964915|UMLS:C1423022|UNIPROTKB:Q9NQ79
CRTAM|O95727,NEU1_O95727|CRTAM,12,ENSEMBL:ENSG00000109943|HGNC:24313|NCBIGENE:56253|NCIT:C104172|NCIT:C104174|OMIM:612597|PR:000005899|PR:O95727|REACT:R-HSA-198163|UMLS:C1824797|UMLS:C3539576|UNIPROTKB:O95727
CRX|O43186,CRE_O43186|CRX,11,ENSEMBL:ENSG00000105392|ENSEMBL:ENSP00000221996|ENSEMBL:ENSP00000221996.5|HGNC:2383|NCBIGENE:1406|NCIT:C200285|OMIM:602225|PR:O43186|UMLS:C1413723|UMLS:C1742115|UNIPROTKB:O43186
CSF1|P09603,INF_P09603|CSF1,16,ENSEMBL:ENSG00000184371|HGNC:2432|MESH:C000628668|NCBIGENE:1435|NCIT:C20437|NCIT:C28451|OMIM:120420|PR:P09603|REACT:R-HSA-389148|REACT:R-HSA-6784982|REACT:R-HSA-8956778|REACT:R-HSA-8956881|REACT:R-HSA-9009484|UMLS:C1332789|UMLS:C3887672|UNIPROTKB:P09603
CSF2RA|P15509,NEU1_P15509|CSF2RA,29,ENSEMBL:ENSG00000198223|ENSEMBL:ENSG00000292357|ENSEMBL:ENSP00000520699|ENSEMBL:ENSP00000520699.1|ENSEMBL:ENSP00000520701|ENSEMBL:ENSP00000520701.1|ENSEMBL:ENSP00000520702|ENSEMBL:ENSP00000520702.1|ENSEMBL:ENSP00000642792|ENSEMBL:ENSP00000642792.1|ENSEMBL:ENSP00000642793|ENSEMBL:ENSP00000642793.1|ENSEMBL:LRG_186|HGNC:2435|MESH:C521678|NCBIGENE:1438|NCIT:C39047|NCIT:C39272|OMIM:306250|OMIM:425000|PR:000001354|PR:P15509|REACT:R-HSA-5688867|REACT:R-HSA-913361|UMLS:C1413750|UMLS:C1522544|UNIPROTKB:A0ABB0MVN9|UNIPROTKB:A0ABB0MVP0|UNIPROTKB:P15509
CSF3|P09919,NEU1_P09919|CSF3,19,ENSEMBL:ENSG00000108342|ENSEMBL:ENSP00000327766|ENSEMBL:ENSP00000327766.2|HGNC:2438|NCBIGENE:1440|NCIT:C24312|NCIT:C26078|OMIM:138970|PR:P09919|REACT:R-HSA-5432997|REACT:R-HSA-6784993|REACT:R-HSA-9705721|REACT:R-HSA-9707917|UMLS:C1332793|UMLS:C5441740|UNIPROTKB:F6V1T2|UNIPROTKB:P09919|UNIPROTKB:Q6FH65|UNIPROTKB:Q8N4W3
CSNK1D|P48730,ODA_P48730|CSNK1D,17,ENSEMBL:ENSG00000141551|ENSEMBL:ENSP00000381531|ENSEMBL:ENSP00000381531.5|HGNC:2452|MESH:C000731604|NCBIGENE:1453|NCIT:C125588|NCIT:C125590|OMIM:600864|PR:P48730|REACT:R-HSA-380315|REACT:R-HSA-421305|REACT:R-HSA-5685717|UMLS:C1413755|UMLS:C4084846|UNIPROTKB:H7BYT1|UNIPROTKB:P48730
CST3|P01034,CAM_P01034|CST3,26,ENSEMBL:ENSG00000101439|ENSEMBL:ENSP00000366124|ENSEMBL:ENSP00000366124.3|ENSEMBL:ENSP00000381446|ENSEMBL:ENSP00000381446.1|ENSEMBL:ENSP00000381448|ENSEMBL:ENSP00000381448.1|ENSEMBL:ENSP00000549237|ENSEMBL:ENSP00000549237.1|HGNC:2475|MESH:C525030|NCBIGENE:1471|NCIT:C88356|NCIT:C88359|OMIM:604312|PR:P01034|REACT:R-HSA-6801370|REACT:R-HSA-6801383|REACT:R-HSA-6801534|REACT:R-HSA-8956740|REACT:R-HSA-8956911|REACT:R-HSA-976891|UMLS:C1413772|UMLS:C1453113|UNIPROTKB:A0A0K0K1J1|UNIPROTKB:P01034
CST5|P28325,INF_P28325|CST5,17,ENSEMBL:ENSG00000170367|ENSEMBL:ENSP00000307132|ENSEMBL:ENSP00000307132.4|ENSEMBL:ENSP00000637517|ENSEMBL:ENSP00000637517.1|HGNC:2477|MESH:C071378|NCBIGENE:1473|NCIT:C159794|NCIT:C159796|OMIM:123858|PR:000005967|PR:P28325|UMLS:C1413774|UMLS:C1609352|UMLS:C5203066|UNIPROTKB:P28325
CST6|Q15828,DEV_Q15828|CST6,16,ENSEMBL:ENSG00000175315|ENSEMBL:ENSP00000311313|ENSEMBL:ENSP00000311313.2|HGNC:2478|MESH:C525104|MESH:D055332|NCBIGENE:1474|NCIT:C20728|NCIT:C25800|OMIM:601891|PR:000005968|PR:Q15828|UMLS:C0534343|UMLS:C1413775|UMLS:C1610537|UNIPROTKB:Q15828
CSTB|P04080,CVD3_P04080|CSTB,22,ENSEMBL:ENSG00000160213|ENSEMBL:ENSP00000291568|ENSEMBL:ENSP00000291568.6|ENSEMBL:LRG_485|HGNC:2482|LOINC:LP288163-1|LOINC:LP32722-8|MESH:C524994|NCBIGENE:1476|NCIT:C128870|NCIT:C128872|OMIM:601145|PR:P04080|REACT:R-HSA-6801376|REACT:R-HSA-6801394|REACT:R-HSA-6801398|REACT:R-HSA-6801567|UMLS:C1332798|UMLS:C1609848|UMLS:C4283861|UNIPROTKB:P04080|UNIPROTKB:Q76LA1
CTF1|Q16619,NEX_Q16619|CTF1,13,ENSEMBL:ENSG00000150281|ENSEMBL:LRG_408|HGNC:2499|MESH:C000656476|NCBIGENE:1489|NCIT:C24319|NCIT:C26086|OMIM:600435|PR:Q16619|REACT:R-HSA-5696437|UMLS:C1332801|UMLS:C5226077|UNIPROTKB:Q16619
CTRC|Q99895,CVD2_Q99895|CTRC,14,ENSEMBL:ENSG00000162438|ENSEMBL:ENSP00000365116|ENSEMBL:ENSP00000365116.4|HGNC:2523|LOINC:LP417390-4|NCBIGENE:11330|NCIT:C118557|NCIT:C118559|OMIM:601405|PR:Q99895|REACT:R-HSA-9922787|UMLS:C1413808|UMLS:C2001156|UNIPROTKB:Q99895
CTSC|P53634,NEU1_P53634|CTSC,17,ENSEMBL:ENSG00000109861|ENSEMBL:LRG_50|HGNC:2528|MESH:C533918|NCBIGENE:1075|NCIT:C200303|OMIM:602365|PR:P53634|REACT:R-HSA-1181233|REACT:R-HSA-5689430|REACT:R-HSA-5689724|REACT:R-HSA-5689725|REACT:R-HSA-6799131|REACT:R-HSA-6806204|UMLS:C1413811|UMLS:C2606221|UNIPROTKB:P53634
CTSD|P07339,CVD3_P07339|CTSD,15,ENSEMBL:ENSG00000117984|ENSEMBL:ENSP00000236671|ENSEMBL:ENSP00000236671.2|HGNC:2529|MESH:C533922|NCBIGENE:1509|NCIT:C16388|NCIT:C28406|OMIM:116840|PR:P07339|REACT:R-HSA-9023559|UMLS:C1332805|UMLS:C2606220|UNIPROTKB:P07339|UNIPROTKB:V9HWI3
CTSF|Q9UBX1,DEV_Q9UBX1|CTSF,12,ENSEMBL:ENSG00000174080|ENSEMBL:ENSP00000310832|ENSEMBL:ENSP00000310832.5|HGNC:2531|MESH:C534090|NCBIGENE:8722|OMIM:603539|PR:Q9UBX1|REACT:R-HSA-1181231|UMLS:C1413813|UMLS:C2606241|UNIPROTKB:Q9UBX1
CTSH|P09668,MET_P09668|CTSH,26,ENSEMBL:ENSG00000103811|ENSEMBL:ENSP00000220166|ENSEMBL:ENSP00000220166.6|ENSEMBL:ENSP00000435329|ENSEMBL:ENSP00000435329.2|ENSEMBL:ENSP00000504051|ENSEMBL:ENSP00000504051.1|HGNC:2535|MESH:C534126|NCBIGENE:1512|NCIT:C17276|NCIT:C28463|OMIM:116820|PR:P09668|REACT:R-HSA-1181224|REACT:R-HSA-5685877|REACT:R-HSA-5685888|REACT:R-HSA-5685904|REACT:R-HSA-6801278|REACT:R-HSA-6801295|REACT:R-HSA-6801307|REACT:R-HSA-6801616|UMLS:C1332806|UMLS:C2603690|UNIPROTKB:E9PKT6|UNIPROTKB:P09668
CTSL|P07711,CVD2_P07711|CTSL,23,ENSEMBL:ENSG00000135047|ENSEMBL:ENSP00000340470|ENSEMBL:ENSP00000340470.6|HGNC:2537|MESH:C534281|NCBIGENE:1514|NCIT:C17277|NCIT:C28461|OMIM:116880|PR:P07711|REACT:R-HSA-1181225|REACT:R-HSA-1679026|REACT:R-HSA-1679050|REACT:R-HSA-4127474|REACT:R-HSA-449861|REACT:R-HSA-449863|REACT:R-HSA-9686680|REACT:R-HSA-9686686|UMLS:C1310906|UMLS:C1332807|UNIPROTKB:P07711|UNIPROTKB:Q5T8F0|UNIPROTKB:Q9HBQ7
CTSO|P43234,MET_P43234|CTSO,15,ENSEMBL:ENSG00000256043|ENSEMBL:ENSG00000263238|ENSEMBL:ENSP00000414904|ENSEMBL:ENSP00000414904.3|ENSEMBL:ENSP00000460395|ENSEMBL:ENSP00000460395.1|HGNC:2542|MESH:C534179|NCBIGENE:1519|OMIM:600550|PR:P43234|REACT:R-HSA-1181227|UMLS:C1413820|UMLS:C2603693|UNIPROTKB:P43234
CTSS|P25774,NEU1_P25774|CTSS,16,ENSEMBL:ENSG00000163131|HGNC:2545|NCBIGENE:1520|NCIT:C103232|NCIT:C103234|OMIM:116845|PR:P25774|REACT:R-HSA-1181234|REACT:R-HSA-1236751|REACT:R-HSA-1679012|REACT:R-HSA-6801274|REACT:R-HSA-6801308|REACT:R-HSA-6801535|UMLS:C1413821|UMLS:C2605495|UNIPROTKB:P25774
CTSV|O60911,ONC2_O60911|CTSV,34,ENSEMBL:ENSG00000136943|ENSEMBL:ENSP00000259470|ENSEMBL:ENSP00000259470.5|ENSEMBL:ENSP00000505141|ENSEMBL:ENSP00000505141.1|ENSEMBL:ENSP00000505681|ENSEMBL:ENSP00000505681.1|ENSEMBL:ENSP00000506713|ENSEMBL:ENSP00000506713.1|ENSEMBL:ENSP00000600760|ENSEMBL:ENSP00000600760.1|ENSEMBL:ENSP00000600761|ENSEMBL:ENSP00000600761.1|ENSEMBL:ENSP00000600762|ENSEMBL:ENSP00000600762.1|ENSEMBL:ENSP00000600766|ENSEMBL:ENSP00000600766.1|ENSEMBL:ENSP00000600770|ENSEMBL:ENSP00000600770.1|HGNC:2538|MESH:C117627|NCBIGENE:1515|NCIT:C114303|NCIT:C114305|OMIM:603308|PR:O60911|REACT:R-HSA-1181232|REACT:R-HSA-2228669|REACT:R-HSA-4127471|REACT:R-HSA-4127477|UMLS:C0764137|UMLS:C1413816|UNIPROTKB:B2R717|UNIPROTKB:O60911
CTSZ|Q9UBR2,CVD3_Q9UBR2|CTSZ,22,ENSEMBL:ENSG00000101160|ENSEMBL:ENSP00000217131|ENSEMBL:ENSP00000217131.5|HGNC:2547|MESH:C534182|NCBIGENE:1522|NCIT:C24320|NCIT:C26087|OMIM:603169|PR:Q9UBR2|REACT:R-HSA-2022345|REACT:R-HSA-429814|REACT:R-HSA-434321|REACT:R-HSA-5689431|REACT:R-HSA-5689727|REACT:R-HSA-5689730|REACT:R-HSA-6801304|REACT:R-HSA-6801318|REACT:R-HSA-6801569|UMLS:C1332808|UMLS:C1741101|UNIPROTKB:Q9UBR2
CX3CL1|P78423,INF_P78423|CX3CL1,15,ENSEMBL:ENSG00000006210|ENSEMBL:ENSP00000006053|ENSEMBL:ENSP00000006053.6|HGNC:10647|MESH:C515538|NCBIGENE:6376|NCIT:C20489|NCIT:C24796|OMIM:601880|PR:P78423|REACT:R-HSA-373368|UMLS:C1332814|UMLS:C1741764|UNIPROTKB:A0N0N7|UNIPROTKB:P78423
CXADR|P78310,IRE_P78310|CXADR,11,ENSEMBL:ENSG00000154639|HGNC:2559|NCBIGENE:1525|NCIT:C104699|NCIT:C104701|OMIM:602621|PR:P78310|REACT:R-HSA-197912|UMLS:C1413828|UMLS:C3539542|UNIPROTKB:P78310
CXCL10|P02778,INF_P02778|CXCL10,17,CHEMBL.TARGET:CHEMBL3712964|ENSEMBL:ENSG00000169245|ENSEMBL:ENSP00000305651|ENSEMBL:ENSP00000305651.1|HGNC:10637|MESH:C114753|NCBIGENE:3627|NCIT:C24788|NCIT:C28756|OMIM:147310|PR:000006064|PR:P02778|REACT:R-HSA-373853|REACT:R-HSA-6785009|UMLS:C1308752|UMLS:C1367714|UNIPROTKB:P02778
CXCL11|O14625,INF_O14625|CXCL11,17,ENSEMBL:ENSG00000169248|ENSEMBL:ENSP00000306884|ENSEMBL:ENSP00000306884.3|ENSEMBL:ENSP00000425819|ENSEMBL:ENSP00000425819.1|HGNC:10638|MESH:C515202|NCBIGENE:6373|NCIT:C24789|NCIT:C28757|OMIM:604852|PR:000006065|PR:O14625|REACT:R-HSA-373852|UMLS:C1332816|UMLS:C1335987|UNIPROTKB:O14625
CXCL12|P48061,IRE_P48061|CXCL12,13,ENSEMBL:ENSG00000107562|HGNC:10672|MESH:C515255|NCBIGENE:6387|NCIT:C24797|NCIT:C28774|OMIM:600835|PR:P48061|REACT:R-HSA-2980693|REACT:R-HSA-8954202|UMLS:C1332817|UMLS:C1528383|UNIPROTKB:P48061
CXCL13|O43927,ONC2_O43927|CXCL13,19,ENSEMBL:ENSG00000156234|ENSEMBL:ENSP00000286758|ENSEMBL:ENSP00000286758.4|ENSEMBL:ENSP00000507688|ENSEMBL:ENSP00000507688.1|HGNC:10639|LOINC:LP64435-8|MESH:C110663|NCBIGENE:10563|NCIT:C24790|NCIT:C29030|OMIM:605149|PR:000006067|PR:O43927|REACT:R-HSA-444506|UMLS:C0963811|UMLS:C1366572|UNIPROTKB:O43927|UNIPROTKB:Q53X90
CXCL14|O95715,ONC3_O95715|CXCL14,14,ENSEMBL:ENSG00000145824|ENSEMBL:ENSP00000337065|ENSEMBL:ENSP00000337065.5|HGNC:10640|MESH:C118056|NCBIGENE:9547|NCIT:C24791|NCIT:C29031|OMIM:604186|PR:000006068|PR:O95715|UMLS:C1332818|UMLS:C1335988|UNIPROTKB:O95715
CXCL16|Q9H2A7,CVD3_Q9H2A7|CXCL16,22,ENSEMBL:ENSG00000161921|ENSEMBL:ENSP00000293778|ENSEMBL:ENSP00000293778.7|ENSEMBL:ENSP00000459592|ENSEMBL:ENSP00000459592.2|ENSEMBL:ENSP00000556080|ENSEMBL:ENSP00000556080.1|ENSEMBL:ENSP00000556081|ENSEMBL:ENSP00000556081.1|HGNC:16642|MESH:C423727|NCBIGENE:58191|NCIT:C104143|NCIT:C104145|OMIM:605398|PR:000001804|PR:Q9H2A7|REACT:R-HSA-373826|UMLS:C1424460|UMLS:C1433141|UMLS:C3543836|UNIPROTKB:Q9H2A7
CXCL17|Q6UXB2,ONC2_Q6UXB2|CXCL17,11,ENSEMBL:ENSG00000189377|ENSEMBL:ENSP00000472467|ENSEMBL:ENSP00000472467.1|HGNC:19232|MESH:C508524|NCBIGENE:284340|OMIM:611387|PR:Q6UXB2|UMLS:C1701898|UMLS:C1969646|UNIPROTKB:Q6UXB2
CXCL1|P09341,CVD2_P09341|CXCL1,18,ENSEMBL:ENSG00000163739|ENSEMBL:ENSP00000379110|ENSEMBL:ENSP00000379110.3|HGNC:4602|MESH:C475829|NCBIGENE:2919|NCIT:C18460|NCIT:C20471|OMIM:155730|PR:000006063|PR:P09341|REACT:R-HSA-373778|REACT:R-HSA-6784978|REACT:R-HSA-6799624|REACT:R-HSA-6800931|UMLS:C0131875|UMLS:C0812445|UNIPROTKB:P09341
CXCL1|P09341,INF_P09341|CXCL1,18,ENSEMBL:ENSG00000163739|ENSEMBL:ENSP00000379110|ENSEMBL:ENSP00000379110.3|HGNC:4602|MESH:C475829|NCBIGENE:2919|NCIT:C18460|NCIT:C20471|OMIM:155730|PR:000006063|PR:P09341|REACT:R-HSA-373778|REACT:R-HSA-6784978|REACT:R-HSA-6799624|REACT:R-HSA-6800931|UMLS:C0131875|UMLS:C0812445|UNIPROTKB:P09341
CXCL5|P42830,INF_P42830|CXCL5,16,ENSEMBL:ENSG00000163735|ENSEMBL:ENSP00000296027|ENSEMBL:ENSP00000296027.4|HGNC:10642|MESH:C486263|NCBIGENE:6374|NCIT:C20470|NCIT:C24792|OMIM:600324|PR:000006071|PR:P42830|REACT:R-HSA-373815|UMLS:C1332819|UMLS:C1435946|UNIPROTKB:P42830|UNIPROTKB:Q6I9S7
CXCL6|P80162,INF_P80162|CXCL6,15,ENSEMBL:ENSG00000124875|ENSEMBL:ENSP00000226317|ENSEMBL:ENSP00000226317.5|HGNC:10643|MESH:C515503|NCBIGENE:6372|NCIT:C24793|NCIT:C29339|OMIM:138965|PR:000006072|PR:P80162|REACT:R-HSA-373784|UMLS:C1332820|UMLS:C1870328|UNIPROTKB:P80162
CXCL8|P10145,INF_P10145|IL8,26,CHEMBL.TARGET:CHEMBL2157|ENSEMBL:ENSG00000169429|ENSEMBL:ENSP00000306512|ENSEMBL:ENSP00000306512.3|ENSEMBL:ENSP00000385908|ENSEMBL:ENSP00000385908.1|FMA:264827|HGNC:6025|LOINC:LP30829-3|MESH:C508606|NCBIGENE:3576|NCIT:C20473|NCIT:C24507|OMIM:146930|PR:000001395|PR:P10145|REACT:R-HSA-3788737|REACT:R-HSA-447095|RXNORM:1426866|SNOMEDCT:44459007|UMLS:C0079633|UMLS:C1366571|UMLS:C1698756|UMLS:C5886868|UNIPROTKB:C9J4T6|UNIPROTKB:P10145
CXCL9|Q07325,INF_Q07325|CXCL9,15,ENSEMBL:ENSG00000138755|ENSEMBL:ENSP00000354901|ENSEMBL:ENSP00000354901.4|HGNC:7098|MESH:C080810|NCBIGENE:4283|NCIT:C24597|NCIT:C28468|OMIM:601704|PR:000006073|PR:Q07325|REACT:R-HSA-373856|UMLS:C0215469|UMLS:C1332821|UNIPROTKB:Q07325
DAB2|P98082,MET_P98082|DAB2,17,ENSEMBL:ENSG00000153071|HGNC:2662|MESH:C102885|NCBIGENE:1601|NCIT:C24329|NCIT:C26210|OMIM:601236|PR:000006259|PR:P98082|REACT:R-HSA-2980807|REACT:R-HSA-2980808|REACT:R-HSA-8862456|UMLS:C0673893|UMLS:C1333202|UMLS:C1333302|UNIPROTKB:B2RAW0|UNIPROTKB:P98082
DAG1|Q14118,DEV_Q14118|DAG1,145,ENSEMBL:ENSG00000173402|ENSEMBL:ENSP00000312435|ENSEMBL:ENSP00000312435.2|ENSEMBL:ENSP00000387859|ENSEMBL:ENSP00000387859.2|ENSEMBL:ENSP00000388833|ENSEMBL:ENSP00000388833.2|ENSEMBL:ENSP00000401382|ENSEMBL:ENSP00000401382.3|ENSEMBL:ENSP00000401805|ENSEMBL:ENSP00000401805.2|ENSEMBL:ENSP00000405859|ENSEMBL:ENSP00000405859.2|ENSEMBL:ENSP00000410145|ENSEMBL:ENSP00000410145.3|ENSEMBL:ENSP00000412067|ENSEMBL:ENSP00000412067.2|ENSEMBL:ENSP00000415321|ENSEMBL:ENSP00000415321.4|ENSEMBL:ENSP00000501140|ENSEMBL:ENSP00000501140.1|ENSEMBL:ENSP00000501165|ENSEMBL:ENSP00000501165.2|ENSEMBL:ENSP00000513216|ENSEMBL:ENSP00000513216.1|ENSEMBL:ENSP00000513217|ENSEMBL:ENSP00000513217.1|ENSEMBL:ENSP00000513218|ENSEMBL:ENSP00000513218.1|ENSEMBL:ENSP00000552518|ENSEMBL:ENSP00000552518.1|ENSEMBL:ENSP00000552519|ENSEMBL:ENSP00000552519.1|ENSEMBL:ENSP00000552520|ENSEMBL:ENSP00000552520.1|ENSEMBL:ENSP00000552521|ENSEMBL:ENSP00000552521.1|ENSEMBL:ENSP00000552522|ENSEMBL:ENSP00000552522.1|ENSEMBL:ENSP00000552523|ENSEMBL:ENSP00000552523.1|ENSEMBL:ENSP00000552524|ENSEMBL:ENSP00000552524.1|ENSEMBL:ENSP00000552525|ENSEMBL:ENSP00000552525.1|ENSEMBL:ENSP00000552526|ENSEMBL:ENSP00000552526.1|ENSEMBL:ENSP00000552527|ENSEMBL:ENSP00000552527.1|ENSEMBL:ENSP00000552528|ENSEMBL:ENSP00000552528.1|ENSEMBL:ENSP00000552529|ENSEMBL:ENSP00000552529.1|ENSEMBL:ENSP00000552530|ENSEMBL:ENSP00000552530.1|ENSEMBL:ENSP00000552531|ENSEMBL:ENSP00000552531.1|ENSEMBL:ENSP00000552532|ENSEMBL:ENSP00000552532.1|ENSEMBL:ENSP00000552533|ENSEMBL:ENSP00000552533.1|ENSEMBL:ENSP00000552534|ENSEMBL:ENSP00000552534.1|ENSEMBL:ENSP00000552535|ENSEMBL:ENSP00000552535.1|ENSEMBL:ENSP00000552536|ENSEMBL:ENSP00000552536.1|ENSEMBL:ENSP00000552537|ENSEMBL:ENSP00000552537.1|ENSEMBL:ENSP00000552538|ENSEMBL:ENSP00000552538.1|ENSEMBL:ENSP00000552539|ENSEMBL:ENSP00000552539.1|ENSEMBL:ENSP00000552540|ENSEMBL:ENSP00000552540.1|ENSEMBL:ENSP00000552541|ENSEMBL:ENSP00000552541.1|ENSEMBL:ENSP00000552542|ENSEMBL:ENSP00000552542.1|ENSEMBL:ENSP00000552543|ENSEMBL:ENSP00000552543.1|ENSEMBL:ENSP00000552544|ENSEMBL:ENSP00000552544.1|ENSEMBL:ENSP00000552545|ENSEMBL:ENSP00000552545.1|ENSEMBL:ENSP00000552546|ENSEMBL:ENSP00000552546.1|ENSEMBL:ENSP00000606905|ENSEMBL:ENSP00000606905.1|ENSEMBL:ENSP00000606906|ENSEMBL:ENSP00000606906.1|ENSEMBL:ENSP00000606907|ENSEMBL:ENSP00000606907.1|ENSEMBL:ENSP00000606908|ENSEMBL:ENSP00000606908.1|ENSEMBL:ENSP00000606909|ENSEMBL:ENSP00000606909.1|ENSEMBL:ENSP00000606910|ENSEMBL:ENSP00000606910.1|ENSEMBL:ENSP00000606911|ENSEMBL:ENSP00000606911.1|ENSEMBL:ENSP00000606912|ENSEMBL:ENSP00000606912.1|ENSEMBL:ENSP00000606913|ENSEMBL:ENSP00000606913.1|ENSEMBL:ENSP00000606914|ENSEMBL:ENSP00000606914.1|ENSEMBL:ENSP00000606915|ENSEMBL:ENSP00000606915.1|ENSEMBL:ENSP00000606916|ENSEMBL:ENSP00000606916.1|ENSEMBL:ENSP00000606917|ENSEMBL:ENSP00000606917.1|ENSEMBL:ENSP00000606918|ENSEMBL:ENSP00000606918.1|ENSEMBL:ENSP00000606919|ENSEMBL:ENSP00000606919.1|ENSEMBL:ENSP00000606920|ENSEMBL:ENSP00000606920.1|ENSEMBL:ENSP00000606921|ENSEMBL:ENSP00000606921.1|ENSEMBL:ENSP00000606922|ENSEMBL:ENSP00000606922.1|ENSEMBL:ENSP00000606923|ENSEMBL:ENSP00000606923.1|ENSEMBL:ENSP00000606924|ENSEMBL:ENSP00000606924.1|ENSEMBL:ENSP00000636405|ENSEMBL:ENSP00000636405.1|ENSEMBL:ENSP00000636406|ENSEMBL:ENSP00000636406.1|ENSEMBL:ENSP00000636407|ENSEMBL:ENSP00000636407.1|ENSEMBL:ENSP00000636408|ENSEMBL:ENSP00000636408.1|ENSEMBL:ENSP00000636409|ENSEMBL:ENSP00000636409.1|HGNC:2666|MESH:C483081|NCBIGENE:1605|OMIM:128239|PR:Q14118|UMLS:C1312039|UMLS:C1413902|UNIPROTKB:Q14118
DAPP1|Q9UN19,IRE_Q9UN19|DAPP1,14,ENSEMBL:ENSG00000070190|ENSEMBL:ENSP00000296414|ENSEMBL:ENSP00000296414.7|HGNC:16500|MESH:C486555|NCBIGENE:27071|OMIM:605768|PR:Q9UN19|REACT:R-HSA-1112650|REACT:R-HSA-197950|UMLS:C1424332|UMLS:C1438461|UNIPROTKB:J3KNB3|UNIPROTKB:Q9UN19
DCBLD2|Q96PD2,CRE_Q96PD2|DCBLD2,10,ENSEMBL:ENSG00000057019|HGNC:24627|MESH:C436326|NCBIGENE:131566|OMIM:608698|PR:Q96PD2|UMLS:C1432289|UMLS:C1539222|UNIPROTKB:B7Z7Y3|UNIPROTKB:Q96PD2
DCBLD2|Q96PD2,IRE_Q96PD2|DCBLD2,10,ENSEMBL:ENSG00000057019|HGNC:24627|MESH:C436326|NCBIGENE:131566|OMIM:608698|PR:Q96PD2|UMLS:C1432289|UMLS:C1539222|UNIPROTKB:B7Z7Y3|UNIPROTKB:Q96PD2
DCN|P07585,CVD2_P07585|DCN,12,ENSEMBL:ENSG00000011465|HGNC:2705|MESH:C546878|NCBIGENE:1634|NCIT:C112873|NCIT:C112875|OMIM:125255|PR:P07585|UMLS:C1413930|UMLS:C1700419|UNIPROTKB:P07585|UNIPROTKB:Q6FH10
DCTN1|Q14203,IRE_Q14203|DCTN1,24,ENSEMBL:ENSG00000204843|ENSEMBL:ENSP00000505612|ENSEMBL:ENSP00000505612.1|ENSEMBL:LRG_237|HGNC:2711|MESH:C000606360|NCBIGENE:1639|NCIT:C122875|NCIT:C122877|OMIM:601143|PR:Q14203|REACT:R-HSA-380301|REACT:R-HSA-535580|REACT:R-HSA-5642226|REACT:R-HSA-9701997|REACT:R-HSA-9711953|REACT:R-HSA-9711959|REACT:R-HSA-9711960|REACT:R-HSA-9711962|REACT:R-HSA-9711969|UMLS:C1413935|UMLS:C4049829|UNIPROTKB:A0A7P0Z4C3|UNIPROTKB:Q14203
DCTN2|Q13561,CRE_Q13561|DCTN2,17,ENSEMBL:ENSG00000175203|ENSEMBL:ENSP00000504380|ENSEMBL:ENSP00000504380.1|HGNC:2712|MESH:C000606361|NCBIGENE:10540|OMIM:607376|PR:Q13561|REACT:R-HSA-380302|UMLS:C1413936|UMLS:C4308012|UNIPROTKB:A0A384MDU9|UNIPROTKB:A0A7I2V566|UNIPROTKB:A8K8J9|UNIPROTKB:B3KTX4|UNIPROTKB:Q13561|UNIPROTKB:V9HW58
DCTPP1|Q9H773,ONC3_Q9H773|DCTPP1,10,ENSEMBL:ENSG00000179958|ENSEMBL:ENSP00000322524|ENSEMBL:ENSP00000322524.4|HGNC:28777|NCBIGENE:79077|OMIM:615840|PR:Q9H773|REACT:R-HSA-6786263|UMLS:C2681404|UNIPROTKB:Q9H773
DDAH1|O94760,CRE_O94760|DDAH1,17,ENSEMBL:ENSG00000153904|ENSEMBL:ENSP00000488725|ENSEMBL:ENSP00000488725.1|HGNC:2715|NCBIGENE:23576|NCIT:C224873|OMIM:604743|PR:O94760|REACT:R-HSA-6783970|UMLS:C1413939|UMLS:C1451958|UNIPROTKB:A0A0J9YY78|UNIPROTKB:B2R644|UNIPROTKB:B4DGT0|UNIPROTKB:B4DYP1|UNIPROTKB:B4E3V1|UNIPROTKB:O94760
DDC|P20711,MET_P20711|DDC,29,ENSEMBL:ENSG00000132437|ENSEMBL:ENSP00000478385|ENSEMBL:ENSP00000478385.1|ENSEMBL:ENSP00000479110|ENSEMBL:ENSP00000479110.1|ENSEMBL:ENSP00000567795|ENSEMBL:ENSP00000567795.1|ENSEMBL:ENSP00000567796|ENSEMBL:ENSP00000567796.1|ENSEMBL:ENSP00000567813|ENSEMBL:ENSP00000567813.1|ENSEMBL:ENSP00000567814|ENSEMBL:ENSP00000567814.1|HGNC:2719|MESH:C000595218|NCBIGENE:1644|NCIT:C128874|NCIT:C128876|OMIM:107930|PR:000006342|PR:P20711|REACT:R-HSA-209810|UMLS:C1413943|UMLS:C4042618|UNIPROTKB:A0A087WU57|UNIPROTKB:A0A087WV24|UNIPROTKB:A0A0S2Z3N4|UNIPROTKB:P20711|UNIPROTKB:Q53Y41
DDR1|Q08345,NEU1_Q08345|DDR1,33,CHEMBL.TARGET:CHEMBL4295859|CHEMBL.TARGET:CHEMBL4523274|CHEMBL.TARGET:CHEMBL5319|ENSEMBL:ENSG00000137332|ENSEMBL:ENSG00000204580|ENSEMBL:ENSG00000215522|ENSEMBL:ENSG00000223680|ENSEMBL:ENSG00000229767|ENSEMBL:ENSG00000230456|ENSEMBL:ENSG00000234078|ENSEMBL:ENSP00000405998|ENSEMBL:ENSP00000405998.2|ENSEMBL:ENSP00000447357|ENSEMBL:ENSP00000447357.2|ENSEMBL:ENSP00000448460|ENSEMBL:ENSP00000448460.2|ENSEMBL:ENSP00000448797|ENSEMBL:ENSP00000448797.2|HGNC:2730|MESH:C092030|NCBIGENE:780|NCIT:C20718|NCIT:C25855|OMIM:600408|PR:Q08345|REACT:R-HSA-2327723|UMLS:C0294276|UMLS:C1333206|UNIPROTKB:A0A024RCQ1|UNIPROTKB:A0A0A0MSX3|UNIPROTKB:Q08345|UNIPROTKB:Q96T61|UNIPROTKB:Q96T62
DDX58|O95786,IRE_O95786|DDX58,18,ENSEMBL:ENSG00000107201|ENSEMBL:ENSP00000520439|ENSEMBL:ENSP00000520439.1|HGNC:19102|MESH:C452820|NCBIGENE:23586|NCIT:C101421|OMIM:609631|PR:000029394|PR:O95786|REACT:R-HSA-168917|REACT:R-HSA-3080568|REACT:R-HSA-6782770|REACT:R-HSA-918191|UMLS:C1310468|UMLS:C1539233|UNIPROTKB:A0AAQ5BIG4|UNIPROTKB:O95786
DECR1|Q16698,CVD2_Q16698|DECR1,8,ENSEMBL:ENSG00000104325|HGNC:2753|NCBIGENE:1666|OMIM:222745|PR:Q16698|REACT:R-HSA-53523|UMLS:C1413969|UNIPROTKB:Q16698
DEFA1_DEFA1B|P59665,"CAM_P59665|DEFA1,DEFA1B",31,ENSEMBL:ENSP00000372136|ENSEMBL:ENSP00000372136.3|ENSEMBL:ENSP00000372139|ENSEMBL:ENSP00000372139.2|ENSEMBL:ENSP00000493747|ENSEMBL:ENSP00000493747.1|ENSEMBL:ENSP00000496106|ENSEMBL:ENSP00000496106.1|ENSEMBL:ENSP00000496578|ENSEMBL:ENSP00000496578.1|ENSEMBL:ENSP00000543477|ENSEMBL:ENSP00000543477.1|ENSEMBL:ENSP00000551337|ENSEMBL:ENSP00000551337.1|ENSEMBL:ENSP00000616702|ENSEMBL:ENSP00000616702.1|ENSEMBL:ENSP00000628743|ENSEMBL:ENSP00000628743.1|ENSEMBL:ENSP00000628744|ENSEMBL:ENSP00000628744.1|PR:P59665|REACT:R-HSA-1461998|REACT:R-HSA-1462022|REACT:R-HSA-1467215|REACT:R-HSA-1467282|REACT:R-HSA-1470038|REACT:R-HSA-1470053|REACT:R-HSA-1972397|REACT:R-HSA-8864970|REACT:R-HSA-975663|UNIPROTKB:P59665
DEFB4A_DEFB4B|O15263,"NEX_O15263|DEFB4B,DEFB4A",19,ENSEMBL:ENSP00000303532|ENSEMBL:ENSP00000303532.2|ENSEMBL:ENSP00000424598|ENSEMBL:ENSP00000424598.1|ENSEMBL:ENSP00000479138|ENSEMBL:ENSP00000479138.1|ENSEMBL:ENSP00000493760|ENSEMBL:ENSP00000493760.1|ENSEMBL:ENSP00000496499|ENSEMBL:ENSP00000496499.1|MESH:C106641|NCIT:C215875|PR:000025895|PR:O15263|REACT:R-HSA-1467255|REACT:R-HSA-1467261|REACT:R-HSA-975677|UMLS:C0540333|UNIPROTKB:O15263
DFFA|O00273,IRE_O00273|DFFA,14,ENSEMBL:ENSG00000160049|HGNC:2772|NCBIGENE:1676|OMIM:601882|PR:O00273|REACT:R-HSA-211185|REACT:R-HSA-211188|REACT:R-HSA-211199|REACT:R-HSA-211205|REACT:R-HSA-211221|REACT:R-HSA-211228|UMLS:C1413982|UMLS:C1505245|UNIPROTKB:O00273
DGKZ|Q13574,IRE_Q13574|DGKZ,15,CHEMBL.TARGET:CHEMBL4105942|ENSEMBL:ENSG00000149091|HGNC:2857|MESH:C526463|NCBIGENE:8525|NCIT:C150100|NCIT:C150102|OMIM:601441|PR:000006451|PR:Q13574|REACT:R-HSA-426060|UMLS:C1414037|UMLS:C2351298|UMLS:C4723715|UNIPROTKB:Q13574
DIABLO|Q9NR28,MET_Q9NR28|DIABLO,17,ENSEMBL:ENSG00000184047|HGNC:21528|MESH:C412403|NCBIGENE:56616|NCIT:C105651|NCIT:C105653|OMIM:605219|PR:Q9NR28|REACT:R-HSA-114298|REACT:R-HSA-64637|UMLS:C0916706|UMLS:C1427590|UNIPROTKB:A0A0S2Z5P6|UNIPROTKB:A0A0S2Z5U7|UNIPROTKB:K7X1S0|UNIPROTKB:Q502X2|UNIPROTKB:Q9NR28
DKK1|O94907,CVD2_O94907|DKK1,18,ENSEMBL:ENSG00000107984|ENSEMBL:ENSP00000363081|ENSEMBL:ENSP00000363081.3|HGNC:2891|MESH:C501126|NCBIGENE:22943|NCIT:C95416|NCIT:C95418|OMIM:605189|PR:O94907|REACT:R-HSA-2888959|REACT:R-HSA-452535|REACT:R-HSA-5368462|UMLS:C1414057|UMLS:C1530081|UMLS:C2987134|UNIPROTKB:I1W660|UNIPROTKB:O94907
DKK3|Q9UBP4,DEV_Q9UBP4|DKK3,47,ENSEMBL:ENSG00000050165|ENSEMBL:ENSP00000314910|ENSEMBL:ENSP00000314910.4|ENSEMBL:ENSP00000379762|ENSEMBL:ENSP00000379762.2|ENSEMBL:ENSP00000433112|ENSEMBL:ENSP00000433112.1|ENSEMBL:ENSP00000506835|ENSEMBL:ENSP00000506835.1|ENSEMBL:ENSP00000573574|ENSEMBL:ENSP00000573574.1|ENSEMBL:ENSP00000573575|ENSEMBL:ENSP00000573575.1|ENSEMBL:ENSP00000573577|ENSEMBL:ENSP00000573577.1|ENSEMBL:ENSP00000573581|ENSEMBL:ENSP00000573581.1|ENSEMBL:ENSP00000573582|ENSEMBL:ENSP00000573582.1|ENSEMBL:ENSP00000601349|ENSEMBL:ENSP00000601349.1|ENSEMBL:ENSP00000601353|ENSEMBL:ENSP00000601353.1|ENSEMBL:ENSP00000628848|ENSEMBL:ENSP00000628848.1|ENSEMBL:ENSP00000628854|ENSEMBL:ENSP00000628854.1|ENSEMBL:ENSP00000628856|ENSEMBL:ENSP00000628856.1|ENSEMBL:ENSP00000628859|ENSEMBL:ENSP00000628859.1|ENSEMBL:ENSP00000628871|ENSEMBL:ENSP00000628871.1|ENSEMBL:ENSP00000628873|ENSEMBL:ENSP00000628873.1|HGNC:2893|MESH:C498624|NCBIGENE:27122|NCIT:C95419|NCIT:C95422|OMIM:605416|PR:000006501|PR:Q9UBP4|UMLS:C1414059|UMLS:C1438784|UNIPROTKB:F6SYF8|UNIPROTKB:Q9UBP4
DKK4|Q9UBT3,NEU1_Q9UBT3|DKK4,17,ENSEMBL:ENSG00000104371|ENSEMBL:ENSP00000220812|ENSEMBL:ENSP00000220812.2|HGNC:2894|MESH:C442333|NCBIGENE:27121|NCIT:C111881|NCIT:C111883|OMIM:605417|PR:000006502|PR:Q9UBT3|REACT:R-HSA-3769327|REACT:R-HSA-5368466|UMLS:C1310304|UMLS:C1414060|UMLS:C3816454|UNIPROTKB:Q9UBT3
DKKL1|Q9UK85,CRE_Q9UK85|DKKL1,12,ENSEMBL:ENSG00000104901|ENSEMBL:ENSP00000221498|ENSEMBL:ENSP00000221498.1|HGNC:16528|MESH:C577596|NCBIGENE:27120|OMIM:605418|PR:Q9UK85|UMLS:C1539292|UMLS:C3658152|UNIPROTKB:A0A140VK15|UNIPROTKB:Q9UK85
DLK1|P80370,CVD3_P80370|DLK1,16,CHEMBL.TARGET:CHEMBL5671|ENSEMBL:ENSG00000185559|ENSEMBL:LRG_1044|HGNC:2907|NCBIGENE:8788|NCIT:C99660|NCIT:C99662|OMIM:176290|PR:000006521|PR:P80370|REACT:R-HSA-1604447|UMLS:C0289979|UMLS:C1414069|UMLS:C3274856|UNIPROTKB:A8K019|UNIPROTKB:P80370
DLL1|O00548,ONC2_O00548|DLL1,17,ENSEMBL:ENSG00000198719|ENSEMBL:ENSG00000275555|HGNC:2908|MESH:C512941|NCBIGENE:28514|NCIT:C106582|NCIT:C106586|OMIM:606582|PR:000006523|PR:O00548|REACT:R-HSA-157089|REACT:R-HSA-9013081|REACT:R-HSA-9023392|UMLS:C1414070|UMLS:C3815527|UNIPROTKB:A0A384P5C6|UNIPROTKB:O00548
DNAJB1|P25685,CRE_P25685|DNAJB1,18,ENSEMBL:ENSG00000132002|HGNC:5270|MESH:C494647|NCBIGENE:3337|NCIT:C122560|NCIT:C122562|OMIM:604572|PR:000006573|PR:P25685|PTHR24078:SF568|REACT:R-HSA-3299666|REACT:R-HSA-4793736|REACT:R-HSA-5082366|REACT:R-HSA-5690241|UMLS:C0244895|UMLS:C1415791|UNIPROTKB:P25685|UNIPROTKB:Q6FHS4
DNER|Q8NFT8,INF_Q8NFT8|DNER,15,ENSEMBL:ENSG00000187957|ENSEMBL:ENSP00000345229|ENSEMBL:ENSP00000345229.4|HGNC:24456|MESH:C462501|NCBIGENE:92737|NCIT:C115968|NCIT:C115972|OMIM:607299|PR:000006599|PR:Q8NFT8|REACT:R-HSA-1604557|UMLS:C1257727|UMLS:C1824952|UNIPROTKB:Q8NFT8
DPEP1|P16444,NEX_P16444|DPEP1,32,ENSEMBL:ENSG00000015413|ENSEMBL:ENSP00000261615|ENSEMBL:ENSP00000261615.4|ENSEMBL:ENSP00000376807|ENSEMBL:ENSP00000376807.3|ENSEMBL:ENSP00000397313|ENSEMBL:ENSP00000397313.1|ENSEMBL:ENSP00000508584|ENSEMBL:ENSP00000508584.1|ENSEMBL:ENSP00000546549|ENSEMBL:ENSP00000546549.1|ENSEMBL:ENSP00000546550|ENSEMBL:ENSP00000546550.1|ENSEMBL:ENSP00000546551|ENSEMBL:ENSP00000546551.1|ENSEMBL:ENSP00000546552|ENSEMBL:ENSP00000546552.1|ENSEMBL:ENSP00000606288|ENSEMBL:ENSP00000606288.1|ENSEMBL:ENSP00000606292|ENSEMBL:ENSP00000606292.1|ENSEMBL:ENSP00000606293|ENSEMBL:ENSP00000606293.1|HGNC:3002|NCBIGENE:1800|OMIM:179780|PR:P16444|REACT:R-HSA-2142820|UMLS:C1414134|UMLS:C1608785|UNIPROTKB:A0A140VJI3|UNIPROTKB:P16444
DPEP2|Q9H4A9,NEX_Q9H4A9|DPEP2,8,ENSEMBL:ENSG00000167261|HGNC:23028|NCBIGENE:64174|OMIM:609925|PR:Q9H4A9|REACT:R-HSA-266067|UMLS:C1427861|UNIPROTKB:Q9H4A9
DPP10|Q8N608,IRE_Q8N608|DPP10,13,ENSEMBL:ENSG00000175497|HGNC:20823|MESH:C476879|NCBIGENE:57628|OMIM:608209|PR:Q8N608|UMLS:C1311280|UMLS:C1427153|UNIPROTKB:B2RCJ8|UNIPROTKB:B4DKB5|UNIPROTKB:Q0GLB7|UNIPROTKB:Q0GLB9|UNIPROTKB:Q8N608
DPP4|P27487,CAM_P27487|DPP4,24,ENSEMBL:ENSG00000197635|ENSEMBL:ENSP00000353731|ENSEMBL:ENSP00000353731.3|ENSEMBL:ENSP00000503161|ENSEMBL:ENSP00000503161.1|HGNC:3009|LOINC:LP15324-4|MESH:C042807|MESH:D018819|NCBIGENE:1803|NCIT:C91298|NCIT:C91300|OMIM:102720|PR:000001341|PR:P27487|REACT:R-HSA-400517|REACT:R-HSA-400527|SNOMEDCT:62412007|UMLS:C0081937|UMLS:C1414141|UMLS:C1447020|UMLS:C4530581|UNIPROTKB:A0A7I2V2X8|UNIPROTKB:P27487
DPP6|P42658,ODA_P42658|DPP6,29,ENSEMBL:ENSG00000130226|ENSEMBL:ENSP00000384393|ENSEMBL:ENSP00000384393.1|ENSEMBL:ENSP00000385578|ENSEMBL:ENSP00000385578.1|ENSEMBL:ENSP00000397303|ENSEMBL:ENSP00000397303.1|ENSEMBL:ENSP00000516214|ENSEMBL:ENSP00000516214.1|ENSEMBL:ENSP00000516215|ENSEMBL:ENSP00000516215.1|HGNC:3010|MESH:C503535|NCBIGENE:1804|NCIT:C201943|OMIM:126141|PR:000006661|PR:P42658|UMLS:C1414142|UMLS:C1611457|UNIPROTKB:A0A994J521|UNIPROTKB:A0A994J7K0|UNIPROTKB:A7E2E4|UNIPROTKB:B7Z299|UNIPROTKB:E9PDL2|UNIPROTKB:E9PF59|UNIPROTKB:F6RI98|UNIPROTKB:P42658|UNIPROTKB:Q8IYG9
DPP7|Q9UHL4,MET_Q9UHL4|DPP7,15,ENSEMBL:ENSG00000176978|ENSEMBL:ENSP00000360635|ENSEMBL:ENSP00000360635.2|ENSEMBL:ENSP00000520771|ENSEMBL:ENSP00000520771.1|HGNC:14892|NCBIGENE:29952|OMIM:610537|PR:Q9UHL4|REACT:R-HSA-6799153|REACT:R-HSA-6806216|UMLS:C1423031|UMLS:C1610820|UNIPROTKB:A0ABB0MVF0|UNIPROTKB:Q9UHL4
DRAXIN|Q8NBI3,NEU1_Q8NBI3|DRAXIN,16,ENSEMBL:ENSG00000162490|ENSEMBL:ENSP00000294485|ENSEMBL:ENSP00000294485.5|ENSEMBL:ENSP00000525975|ENSEMBL:ENSP00000525975.1|ENSEMBL:ENSP00000581451|ENSEMBL:ENSP00000581451.1|HGNC:25054|MESH:C545900|NCBIGENE:374946|OMIM:612682|PR:000030775|PR:Q8NBI3|UMLS:C1823801|UMLS:C2744668|UNIPROTKB:Q8NBI3
DRG2|P55039,ONC3_P55039|DRG2,19,ENSEMBL:ENSG00000108591|ENSEMBL:ENSP00000225729|ENSEMBL:ENSP00000225729.3|ENSEMBL:ENSP00000379076|ENSEMBL:ENSP00000379076.4|HGNC:3030|MESH:C409877|NCBIGENE:1819|NCIT:C125551|NCIT:C125553|OMIM:602986|PR:000006689|PR:P55039|REACT:R-HSA-9629595|REACT:R-HSA-9629597|UMLS:C0915111|UMLS:C1414152|UNIPROTKB:A8MZF9|UNIPROTKB:P55039
DSC2|Q02487,DEV_Q02487|DSC2,30,ENSEMBL:ENSG00000134755|ENSEMBL:ENSP00000497441|ENSEMBL:ENSP00000497441.1|ENSEMBL:ENSP00000507826|ENSEMBL:ENSP00000507826.1|ENSEMBL:ENSP00000518963|ENSEMBL:ENSP00000518963.1|ENSEMBL:ENSP00000518984|ENSEMBL:ENSP00000518984.1|ENSEMBL:ENSP00000518986|ENSEMBL:ENSP00000518986.1|ENSEMBL:ENSP00000518988|ENSEMBL:ENSP00000518988.1|ENSEMBL:ENSP00000519012|ENSEMBL:ENSP00000519012.1|ENSEMBL:ENSP00000519024|ENSEMBL:ENSP00000519024.1|ENSEMBL:LRG_400|HGNC:3036|MESH:C081561|NCBIGENE:1824|OMIM:125645|PR:Q02487|REACT:R-HSA-6814398|REACT:R-HSA-8847718|UMLS:C1414157|UMLS:C1447222|UNIPROTKB:A0A3B3ISU0|UNIPROTKB:A0AAQ5BGT5|UNIPROTKB:Q02487
DSG3|P32926,NEX_P32926|DSG3,18,ENSEMBL:ENSG00000134757|ENSEMBL:ENSP00000257189|ENSEMBL:ENSP00000257189.4|HGNC:3050|MESH:C071894|NCBIGENE:1830|NCIT:C101148|NCIT:C101150|OMIM:169615|PR:P32926|REACT:R-HSA-201590|REACT:R-HSA-202797|REACT:R-HSA-202803|REACT:R-HSA-8847723|UMLS:C1414170|UMLS:C1429685|UMLS:C5441614|UNIPROTKB:P32926
DSG4|Q86SJ6,ODA_Q86SJ6|DSG4,11,ENSEMBL:ENSG00000175065|HGNC:21307|MESH:C473409|NCBIGENE:147409|OMIM:607892|PR:Q86SJ6|REACT:R-HSA-6814743|REACT:R-HSA-8847713|UMLS:C1175955|UMLS:C1427484|UNIPROTKB:Q86SJ6
DUSP3|P51452,NEX_P51452|DUSP3,12,ENSEMBL:ENSG00000108861|HGNC:3069|MESH:C517025|NCBIGENE:1845|NCIT:C20733|NCIT:C25856|OMIM:600183|PR:P51452|REACT:R-HSA-203798|UMLS:C1333258|UMLS:C1869199|UNIPROTKB:P51452
EBI3_IL27|Q14213_Q8NEV9,"CVD2_Q8NEV9,Q14213|IL27,EBI3",19,ENSEMBL:ENSG00000105246|ENSEMBL:ENSP00000221847|ENSEMBL:ENSP00000221847.4|ENSEMBL:ENSP00000575181|ENSEMBL:ENSP00000575181.1|HGNC:3129|MESH:C097732|NCBIGENE:10148|NCIT:C117088|NCIT:C117090|OMIM:605816|PR:000001386|PR:Q14213|REACT:R-HSA-448418|REACT:R-HSA-8950622|REACT:R-HSA-8984965|UMLS:C0385988|UMLS:C1414234|UNIPROTKB:Q14213
ECE1|P42892,NEX_P42892|ECE1,10,ENSEMBL:ENSG00000117298|HGNC:3146|MESH:C000606923|NCBIGENE:1889|OMIM:600423|PR:P42892|REACT:R-HSA-8876866|UMLS:C1414244|UMLS:C4307932|UNIPROTKB:P42892
EDA2R|Q9HAV5,NEU1_Q9HAV5|EDA2R,17,ENSEMBL:ENSG00000131080|HGNC:17756|MESH:C506011|NCBIGENE:60401|NCIT:C159364|NCIT:C159366|OMIM:300276|PR:000006887|PR:Q9HAV5|PTHR12120:SF8|REACT:R-HSA-5669018|UMLS:C1528645|UMLS:C1539328|UMLS:C5202849|UNIPROTKB:B2RBZ9|UNIPROTKB:B4DQY6|UNIPROTKB:Q9HAV5
EDAR|Q9UNE0,IRE_Q9UNE0|EDAR,16,CHEMBL.TARGET:CHEMBL1250376|ENSEMBL:ENSG00000135960|HGNC:2895|MESH:C506008|NCBIGENE:10913|NCIT:C159361|NCIT:C159363|OMIM:604095|PR:000006888|PR:Q9UNE0|PTHR12120:SF9|REACT:R-HSA-5669001|UMLS:C1144169|UMLS:C1414061|UMLS:C5202874|UNIPROTKB:Q9UNE0
EDIL3|O43854,ODA_O43854|EDIL3,11,ENSEMBL:ENSG00000164176|HGNC:3173|MESH:C110183|NCBIGENE:10085|OMIM:606018|PR:O43854|REACT:R-HSA-9926324|REACT:R-HSA-9926334|UMLS:C1414259|UMLS:C1449113|UNIPROTKB:O43854
EFEMP1|Q12805,CAM_Q12805|EFEMP1,16,ENSEMBL:ENSG00000115380|HGNC:3218|MESH:C119630|NCBIGENE:2202|NCIT:C106346|NCIT:C106348|OMIM:601548|PR:000006913|PR:Q12805|REACT:R-HSA-2161393|UMLS:C1414297|UMLS:C1447731|UNIPROTKB:A0A0S2Z3V1|UNIPROTKB:A0A0S2Z4F1|UNIPROTKB:B2R6M6|UNIPROTKB:Q12805
EFNA4|P52798,NEU1_P52798|EFNA4,11,ENSEMBL:ENSG00000243364|HGNC:3224|NCBIGENE:1945|NCIT:C224048|OMIM:601380|PR:P52798|REACT:R-HSA-2682338|REACT:R-HSA-3928414|REACT:R-HSA-3928454|UMLS:C1414303|UNIPROTKB:P52798
EGFL7|Q9UHF1,ODA_Q9UHF1|EGFL7,144,CHEMBL.TARGET:CHEMBL3712972|ENSEMBL:ENSG00000172889|ENSEMBL:ENSP00000307843|ENSEMBL:ENSP00000307843.7|ENSEMBL:ENSP00000360763|ENSEMBL:ENSP00000360763.3|ENSEMBL:ENSP00000360764|ENSEMBL:ENSP00000360764.1|ENSEMBL:ENSP00000385639|ENSEMBL:ENSP00000385639.3|ENSEMBL:ENSP00000563692|ENSEMBL:ENSP00000563692.1|ENSEMBL:ENSP00000563693|ENSEMBL:ENSP00000563693.1|ENSEMBL:ENSP00000563694|ENSEMBL:ENSP00000563694.1|ENSEMBL:ENSP00000563695|ENSEMBL:ENSP00000563695.1|ENSEMBL:ENSP00000563696|ENSEMBL:ENSP00000563696.1|ENSEMBL:ENSP00000563697|ENSEMBL:ENSP00000563697.1|ENSEMBL:ENSP00000563698|ENSEMBL:ENSP00000563698.1|ENSEMBL:ENSP00000563699|ENSEMBL:ENSP00000563699.1|ENSEMBL:ENSP00000563700|ENSEMBL:ENSP00000563700.1|ENSEMBL:ENSP00000563701|ENSEMBL:ENSP00000563701.1|ENSEMBL:ENSP00000563702|ENSEMBL:ENSP00000563702.1|ENSEMBL:ENSP00000563703|ENSEMBL:ENSP00000563703.1|ENSEMBL:ENSP00000563704|ENSEMBL:ENSP00000563704.1|ENSEMBL:ENSP00000563705|ENSEMBL:ENSP00000563705.1|ENSEMBL:ENSP00000563706|ENSEMBL:ENSP00000563706.1|ENSEMBL:ENSP00000563707|ENSEMBL:ENSP00000563707.1|ENSEMBL:ENSP00000563708|ENSEMBL:ENSP00000563708.1|ENSEMBL:ENSP00000563709|ENSEMBL:ENSP00000563709.1|ENSEMBL:ENSP00000563710|ENSEMBL:ENSP00000563710.1|ENSEMBL:ENSP00000563713|ENSEMBL:ENSP00000563713.1|ENSEMBL:ENSP00000563714|ENSEMBL:ENSP00000563714.1|ENSEMBL:ENSP00000563715|ENSEMBL:ENSP00000563715.1|ENSEMBL:ENSP00000563716|ENSEMBL:ENSP00000563716.1|ENSEMBL:ENSP00000563717|ENSEMBL:ENSP00000563717.1|ENSEMBL:ENSP00000563719|ENSEMBL:ENSP00000563719.1|ENSEMBL:ENSP00000563720|ENSEMBL:ENSP00000563720.1|ENSEMBL:ENSP00000563721|ENSEMBL:ENSP00000563721.1|ENSEMBL:ENSP00000563725|ENSEMBL:ENSP00000563725.1|ENSEMBL:ENSP00000563726|ENSEMBL:ENSP00000563726.1|ENSEMBL:ENSP00000563727|ENSEMBL:ENSP00000563727.1|ENSEMBL:ENSP00000563728|ENSEMBL:ENSP00000563728.1|ENSEMBL:ENSP00000563729|ENSEMBL:ENSP00000563729.1|ENSEMBL:ENSP00000563730|ENSEMBL:ENSP00000563730.1|ENSEMBL:ENSP00000563731|ENSEMBL:ENSP00000563731.1|ENSEMBL:ENSP00000563732|ENSEMBL:ENSP00000563732.1|ENSEMBL:ENSP00000635582|ENSEMBL:ENSP00000635582.1|ENSEMBL:ENSP00000635583|ENSEMBL:ENSP00000635583.1|ENSEMBL:ENSP00000635584|ENSEMBL:ENSP00000635584.1|ENSEMBL:ENSP00000635585|ENSEMBL:ENSP00000635585.1|ENSEMBL:ENSP00000635586|ENSEMBL:ENSP00000635586.1|ENSEMBL:ENSP00000635590|ENSEMBL:ENSP00000635590.1|ENSEMBL:ENSP00000635591|ENSEMBL:ENSP00000635591.1|ENSEMBL:ENSP00000635592|ENSEMBL:ENSP00000635592.1|ENSEMBL:ENSP00000635593|ENSEMBL:ENSP00000635593.1|ENSEMBL:ENSP00000635594|ENSEMBL:ENSP00000635594.1|ENSEMBL:ENSP00000635595|ENSEMBL:ENSP00000635595.1|ENSEMBL:ENSP00000635596|ENSEMBL:ENSP00000635596.1|ENSEMBL:ENSP00000635597|ENSEMBL:ENSP00000635597.1|ENSEMBL:ENSP00000635601|ENSEMBL:ENSP00000635601.1|ENSEMBL:ENSP00000635602|ENSEMBL:ENSP00000635602.1|ENSEMBL:ENSP00000635603|ENSEMBL:ENSP00000635603.1|ENSEMBL:ENSP00000635604|ENSEMBL:ENSP00000635604.1|ENSEMBL:ENSP00000635605|ENSEMBL:ENSP00000635605.1|ENSEMBL:ENSP00000635607|ENSEMBL:ENSP00000635607.1|ENSEMBL:ENSP00000635608|ENSEMBL:ENSP00000635608.1|ENSEMBL:ENSP00000635610|ENSEMBL:ENSP00000635610.1|ENSEMBL:ENSP00000635611|ENSEMBL:ENSP00000635611.1|ENSEMBL:ENSP00000635613|ENSEMBL:ENSP00000635613.1|ENSEMBL:ENSP00000635614|ENSEMBL:ENSP00000635614.1|ENSEMBL:ENSP00000635616|ENSEMBL:ENSP00000635616.1|ENSEMBL:ENSP00000635617|ENSEMBL:ENSP00000635617.1|HGNC:20594|MESH:C527877|NCBIGENE:51162|NCIT:C175629|NCIT:C175631|OMIM:608582|PR:000006931|PR:Q9UHF1|UMLS:C1427021|UMLS:C2352717|UMLS:C5444105|UNIPROTKB:Q9UHF1
EGFR|P00533,CVD3_P00533|EGFR,27,ENSEMBL:ENSG00000146648|ENSEMBL:ENSP00000413354|ENSEMBL:ENSP00000413354.2|ENSEMBL:ENSP00000415559|ENSEMBL:ENSP00000415559.1|ENSEMBL:LRG_304|HGNC:3236|LOINC:LP19695-3|LOINC:LP288193-8|MESH:C512478|NCBIGENE:1956|NCIT:C17068|NCIT:C17757|NCIT:C18436|OMIM:131550|PR:P00533|REACT:R-HSA-8874800|UMLS:C1368111|UMLS:C1414313|UMLS:C1739039|UNIPROTKB:B7Z2I3|UNIPROTKB:C9JYS6|UNIPROTKB:E7BSV0|UNIPROTKB:F2YGG7|UNIPROTKB:F6QWY5|UNIPROTKB:P00533|UNIPROTKB:Q504U8
EGF|P01133,ONC2_P01133|EGF,25,CHEMBL.TARGET:CHEMBL5734|ENSEMBL:ENSG00000138798|ENSEMBL:ENSP00000498337|ENSEMBL:ENSP00000498337.1|HGNC:3229|NCBIGENE:1950|NCIT:C118403|NCIT:C20425|NCIT:C24359|OMIM:131530|PR:000060268|PR:P01133|REACT:R-HSA-139875|REACT:R-HSA-179863|REACT:R-HSA-179888|REACT:R-HSA-54209|REACT:R-HSA-8869086|REACT:R-HSA-9795740|RXNORM:1427157|UMLS:C1367721|UMLS:C2825836|UMLS:C3897855|UMLS:C6022366|UNIPROTKB:A0A494C018|UNIPROTKB:P01133
EGLN1|Q9GZT9,IRE_Q9GZT9|EGLN1,14,ENSEMBL:ENSG00000135766|HGNC:1232|MESH:C490190|NCBIGENE:54583|NCIT:C101543|NCIT:C101545|OMIM:606425|PR:Q9GZT9|REACT:R-HSA-1234108|UMLS:C1412925|UMLS:C1451072|UMLS:C3540623|UNIPROTKB:Q9GZT9|UNIPROTKB:R4SCQ0
EIF4B|P23588,NEX_P23588|EIF4B,17,ENSEMBL:ENSG00000063046|ENSEMBL:ENSP00000388806|ENSEMBL:ENSP00000388806.3|HGNC:3285|NCBIGENE:1975|NCIT:C121143|NCIT:C121145|OMIM:603928|PR:P23588|REACT:R-HSA-165773|REACT:R-HSA-72589|UMLS:C1414350|UMLS:C5441610|UNIPROTKB:B4DRM3|UNIPROTKB:E7EX17|UNIPROTKB:P23588|UNIPROTKB:Q7Z5Y0
EIF4EBP1|Q13541,INF_Q13541|EIF4EBP1,15,ENSEMBL:ENSG00000187840|ENSEMBL:ENSP00000340691|ENSEMBL:ENSP00000340691.4|HGNC:3288|MESH:C087000|NCBIGENE:1978|NCIT:C91347|NCIT:C91349|OMIM:602223|PR:Q13541|REACT:R-HSA-165685|REACT:R-HSA-72580|UMLS:C0254260|UMLS:C1414352|UNIPROTKB:Q13541
EIF4G1|Q04637,IRE_Q04637|EIF4G1,21,ENSEMBL:ENSG00000114867|HGNC:3296|MESH:C113920|NCBIGENE:1981|NCIT:C82961|NCIT:C82963|OMIM:600495|ORPHANET:285068|PR:000006998|PR:Q04637|REACT:R-HSA-165762|REACT:R-HSA-72584|UMLS:C0756289|UMLS:C1414356|UMLS:C2826593|UNIPROTKB:B2RU06|UNIPROTKB:B2RU10|UNIPROTKB:B4DSI9|UNIPROTKB:O95065|UNIPROTKB:Q04637|UNIPROTKB:Q96I65
EIF5A|P63241,IRE_P63241|EIF5A,15,ENSEMBL:ENSG00000132507|ENSEMBL:ENSG00000288145|HGNC:3300|MESH:C000727724|NCBIGENE:1984|NCIT:C91353|NCIT:C91355|OMIM:600187|PR:P63241|REACT:R-HSA-3006308|REACT:R-HSA-3006309|REACT:R-HSA-3006310|UMLS:C0283786|UMLS:C1414360|UNIPROTKB:P63241
ELOA|Q14241,ONC3_Q14241|TCEB3,10,ENSEMBL:ENSG00000011007|HGNC:11620|MESH:C000616397|NCBIGENE:6924|OMIM:600786|PR:Q14241|REACT:R-HSA-112421|UMLS:C1420630|UMLS:C4547042|UNIPROTKB:Q14241
ENAH|Q8N8S7,ODA_Q8N8S7|ENAH,16,ENSEMBL:ENSG00000154380|HGNC:18271|MESH:C511939|NCBIGENE:55740|NCIT:C73551|NCIT:C73553|OMIM:609061|PR:Q8N8S7|REACT:R-HSA-426406|UMLS:C1425409|UMLS:C1723431|UMLS:C2347704|UNIPROTKB:A0A097PIC4|UNIPROTKB:A0A097PID1|UNIPROTKB:A0A4D6J698|UNIPROTKB:Q8N8S7
ENG|P17813,CAM_P17813|ENG,22,ENSEMBL:ENSG00000106991|ENSEMBL:ENSP00000479015|ENSEMBL:ENSP00000479015.1|ENSEMBL:ENSP00000519249|ENSEMBL:ENSP00000519249.1|ENSEMBL:LRG_589|HGNC:3349|LOINC:LP288197-9|LOINC:LP71479-7|MESH:C064206|NCBIGENE:2022|NCIT:C17406|NCIT:C28573|OMIM:131195|PR:P17813|UMLS:C1366583|UMLS:C1437287|UNIPROTKB:B7Z6Y5|UNIPROTKB:F5GX88|UNIPROTKB:P17813|UNIPROTKB:Q5T9B9|UNIPROTKB:Q96CG0
ENO2|P09104,MET_P09104|ENO2,13,ENSEMBL:ENSG00000111674|HGNC:3353|MESH:C000715382|NCBIGENE:2026|NCIT:C62212|NCIT:C62216|OMIM:131360|PR:P09104|REACT:R-HSA-71429|UMLS:C1414404|UMLS:C5441659|UNIPROTKB:P09104|UNIPROTKB:Q6FHV6
ENPP2|Q13822,DEV_Q13822|ENPP2,15,ENSEMBL:ENSG00000136960|ENSEMBL:ENSP00000403315|ENSEMBL:ENSP00000403315.2|HGNC:3357|MESH:C000731399|NCBIGENE:5168|NCIT:C104209|NCIT:C104211|OMIM:601060|PR:Q13822|REACT:R-HSA-8938996|UMLS:C1384621|UMLS:C1414408|UNIPROTKB:E7EUF1|UNIPROTKB:Q13822
ENPP7|Q6UWV6,MET_Q6UWV6|ENPP7,14,ENSEMBL:ENSG00000182156|ENSEMBL:ENSP00000332656|ENSEMBL:ENSP00000332656.5|ENSEMBL:ENSP00000534539|ENSEMBL:ENSP00000534539.1|HGNC:23764|MESH:C508908|NCBIGENE:339221|OMIM:616997|PR:Q6UWV6|REACT:R-HSA-1631583|UMLS:C1539359|UMLS:C1701046|UNIPROTKB:Q6UWV6
ENTPD2|Q9Y5L3,ODA_Q9Y5L3|ENTPD2,10,ENSEMBL:ENSG00000054179|HGNC:3364|NCBIGENE:954|NCIT:C206105|OMIM:602012|PR:Q9Y5L3|REACT:R-HSA-8851088|UMLS:C0752705|UMLS:C1414413|UNIPROTKB:Q9Y5L3
ENTPD5|O75356,MET_O75356|ENTPD5,77,ENSEMBL:ENSG00000187097|ENSEMBL:ENSP00000335246|ENSEMBL:ENSP00000335246.6|ENSEMBL:ENSP00000451810|ENSEMBL:ENSP00000451810.1|ENSEMBL:ENSP00000570932|ENSEMBL:ENSP00000570932.1|ENSEMBL:ENSP00000570934|ENSEMBL:ENSP00000570934.1|ENSEMBL:ENSP00000570935|ENSEMBL:ENSP00000570935.1|ENSEMBL:ENSP00000570936|ENSEMBL:ENSP00000570936.1|ENSEMBL:ENSP00000570937|ENSEMBL:ENSP00000570937.1|ENSEMBL:ENSP00000570941|ENSEMBL:ENSP00000570941.1|ENSEMBL:ENSP00000570942|ENSEMBL:ENSP00000570942.1|ENSEMBL:ENSP00000570945|ENSEMBL:ENSP00000570945.1|ENSEMBL:ENSP00000570946|ENSEMBL:ENSP00000570946.1|ENSEMBL:ENSP00000570948|ENSEMBL:ENSP00000570948.1|ENSEMBL:ENSP00000570949|ENSEMBL:ENSP00000570949.1|ENSEMBL:ENSP00000570951|ENSEMBL:ENSP00000570951.1|ENSEMBL:ENSP00000570952|ENSEMBL:ENSP00000570952.1|ENSEMBL:ENSP00000570953|ENSEMBL:ENSP00000570953.1|ENSEMBL:ENSP00000570954|ENSEMBL:ENSP00000570954.1|ENSEMBL:ENSP00000570955|ENSEMBL:ENSP00000570955.1|ENSEMBL:ENSP00000570956|ENSEMBL:ENSP00000570956.1|ENSEMBL:ENSP00000570958|ENSEMBL:ENSP00000570958.1|ENSEMBL:ENSP00000570959|ENSEMBL:ENSP00000570959.1|ENSEMBL:ENSP00000570961|ENSEMBL:ENSP00000570961.1|ENSEMBL:ENSP00000570962|ENSEMBL:ENSP00000570962.1|ENSEMBL:ENSP00000570963|ENSEMBL:ENSP00000570963.1|ENSEMBL:ENSP00000570964|ENSEMBL:ENSP00000570964.1|ENSEMBL:ENSP00000570965|ENSEMBL:ENSP00000570965.1|ENSEMBL:ENSP00000570966|ENSEMBL:ENSP00000570966.1|ENSEMBL:ENSP00000570967|ENSEMBL:ENSP00000570967.1|ENSEMBL:ENSP00000570972|ENSEMBL:ENSP00000570972.1|ENSEMBL:ENSP00000570973|ENSEMBL:ENSP00000570973.1|ENSEMBL:ENSP00000570974|ENSEMBL:ENSP00000570974.1|ENSEMBL:ENSP00000570978|ENSEMBL:ENSP00000570978.1|ENSEMBL:ENSP00000641844|ENSEMBL:ENSP00000641844.1|HGNC:3367|MESH:C117634|NCBIGENE:957|OMIM:603162|PR:O75356|REACT:R-HSA-8851371|UMLS:C1414416|UMLS:C1438916|UNIPROTKB:G3V4I0|UNIPROTKB:O75356
ENTPD6|O75354,CRE_O75354|ENTPD6,19,ENSEMBL:ENSG00000197586|ENSEMBL:ENSP00000347084|ENSEMBL:ENSP00000347084.6|ENSEMBL:ENSP00000401895|ENSEMBL:ENSP00000401895.2|HGNC:3368|MESH:C561876|NCBIGENE:955|OMIM:603160|PR:O75354|REACT:R-HSA-8851464|UMLS:C1414417|UMLS:C3254131|UNIPROTKB:B4DDM7|UNIPROTKB:B4DHS2|UNIPROTKB:B4DU64|UNIPROTKB:B4E1D1|UNIPROTKB:O75354|UNIPROTKB:Q5QPI9
ENTPD6|O75354,ODA_O75354|ENTPD6,19,ENSEMBL:ENSG00000197586|ENSEMBL:ENSP00000347084|ENSEMBL:ENSP00000347084.6|ENSEMBL:ENSP00000401895|ENSEMBL:ENSP00000401895.2|HGNC:3368|MESH:C561876|NCBIGENE:955|OMIM:603160|PR:O75354|REACT:R-HSA-8851464|UMLS:C1414417|UMLS:C3254131|UNIPROTKB:B4DDM7|UNIPROTKB:B4DHS2|UNIPROTKB:B4DU64|UNIPROTKB:B4E1D1|UNIPROTKB:O75354|UNIPROTKB:Q5QPI9
EPCAM|P16422,CVD3_P16422|EPCAM,17,ENSEMBL:ENSG00000119888|ENSEMBL:ENSP00000263735|ENSEMBL:ENSP00000263735.4|ENSEMBL:LRG_215|HGNC:11529|LOINC:LP199720-6|LOINC:LP288198-7|MESH:C499379|NCBIGENE:4072|NCIT:C18421|NCIT:C20209|OMIM:185535|PR:P16422|REACT:R-HSA-375068|UMLS:C0812305|UMLS:C0903677|UNIPROTKB:P16422
EPHA10|Q5JZY3,NEX_Q5JZY3|EPHA10,13,ENSEMBL:ENSG00000183317|HGNC:19987|MESH:C568447|NCBIGENE:284656|OMIM:611123|PR:Q5JZY3|REACT:R-HSA-2682318|REACT:R-HSA-3928357|UMLS:C1539363|UMLS:C3253053|UNIPROTKB:Q4G0R4|UNIPROTKB:Q5JZY3|UNIPROTKB:Q8N289
EPHA2|P29317,ONC2_P29317|EPHA2,14,CHEMBL.MECHANISM:ephrin_type-a_receptor_2|ENSEMBL:ENSG00000142627|HGNC:3386|MESH:C000623258|NCBIGENE:1969|NCIT:C24363|NCIT:C26156|OMIM:176946|PR:P29317|REACT:R-HSA-211422|REACT:R-HSA-3928380|UMLS:C1333337|UMLS:C1333410|UNIPROTKB:P29317
EPHB4|P54760,CVD3_P54760|EPHB4,23,ENSEMBL:ENSG00000196411|ENSEMBL:ENSP00000353833|ENSEMBL:ENSP00000353833.3|HGNC:3395|MESH:C000656586|NCBIGENE:2050|NCIT:C113830|NCIT:C113832|OMIM:600011|PR:P54760|REACT:R-HSA-2682323|REACT:R-HSA-3928364|REACT:R-HSA-3928406|REACT:R-HSA-3928420|REACT:R-HSA-3928457|REACT:R-HSA-3928476|UMLS:C1414431|UMLS:C3810533|UMLS:C5391261|UNIPROTKB:F6RDZ0|UNIPROTKB:P54760|UNIPROTKB:Q541P7|UNIPROTKB:Q96L35
EPHB6|O15197,NEU1_O15197|EPHB6,38,ENSEMBL:ENSG00000106123|ENSEMBL:ENSG00000275482|ENSEMBL:ENSP00000404786|ENSEMBL:ENSP00000404786.2|ENSEMBL:ENSP00000481418|ENSEMBL:ENSP00000481418.1|ENSEMBL:ENSP00000481994|ENSEMBL:ENSP00000481994.1|ENSEMBL:ENSP00000487627|ENSEMBL:ENSP00000487627.1|ENSEMBL:ENSP00000498670|ENSEMBL:ENSP00000498670.1|ENSEMBL:ENSP00000607348|ENSEMBL:ENSP00000607348.1|ENSEMBL:ENSP00000607350|ENSEMBL:ENSP00000607350.1|ENSEMBL:ENSP00000607351|ENSEMBL:ENSP00000607351.1|ENSEMBL:ENSP00000611037|ENSEMBL:ENSP00000611037.1|HGNC:3396|MESH:C106797|NCBIGENE:2051|NCIT:C150223|NCIT:C150225|OMIM:602757|PR:O15197|REACT:R-HSA-2682336|REACT:R-HSA-3928334|REACT:R-HSA-3928398|REACT:R-HSA-3928399|REACT:R-HSA-3928437|REACT:R-HSA-3928469|UMLS:C0540659|UMLS:C1414432|UNIPROTKB:A0A0G2JNH7|UNIPROTKB:F8WCM8|UNIPROTKB:O15197
EPO|P01588,ODA_P01588|EPO,16,ENSEMBL:ENSG00000130427|ENSEMBL:ENSP00000252723|ENSEMBL:ENSP00000252723.2|HGNC:3415|MESH:C554270|NCBIGENE:2056|NCIT:C20429|NCIT:C28442|OMIM:133170|PR:P01588|REACT:R-HSA-379001|REACT:R-HSA-5652235|UMLS:C1366564|UMLS:C2976467|UNIPROTKB:G9JKG7|UNIPROTKB:P01588
ERBB2|P04626,ONC2_P04626|ERBB2,33,CHV:0000025053|ENSEMBL:ENSG00000141736|ENSEMBL:ENSP00000404047|ENSEMBL:ENSP00000404047.2|ENSEMBL:ENSP00000462808|ENSEMBL:ENSP00000462808.1|ENSEMBL:ENSP00000463714|ENSEMBL:ENSP00000463714.1|ENSEMBL:ENSP00000521134|ENSEMBL:ENSP00000521134.1|ENSEMBL:LRG_724|HGNC:3430|LOINC:LP288200-1|LOINC:LP36215-9|MESH:C508053|NCBIGENE:2064|NCIT:C129898|NCIT:C17319|NCIT:C17756|NCIT:C18435|OMIM:164870|PR:P04626|REACT:R-HSA-8864449|UMLS:C0242957|UMLS:C1506592|UMLS:C1702024|UMLS:C4320090|UNIPROTKB:B4DTR1|UNIPROTKB:F5H1T4|UNIPROTKB:F6QU44|UNIPROTKB:J3QLU9|UNIPROTKB:P04626|UNIPROTKB:X5DNK3
ERBB3|P21860,ONC2_P21860|ERBB3,14,ENSEMBL:ENSG00000065361|ENSEMBL:LRG_996|HGNC:3431|MESH:C581292|NCBIGENE:2065|NCIT:C18386|NCIT:C18490|OMIM:190151|PR:P21860|REACT:R-HSA-1248742|REACT:R-HSA-372885|UMLS:C0812265|UMLS:C3657415|UNIPROTKB:P21860
ERBB4|Q15303,ONC2_Q15303|ERBB4,30,ENSEMBL:ENSG00000178568|HGNC:3432|MESH:C587689|NCBIGENE:2066|NCIT:C17685|NCIT:C18388|OMIM:600543|PR:000007160|PR:Q15303|REACT:R-HSA-1227940|REACT:R-HSA-1233232|REACT:R-HSA-1233237|REACT:R-HSA-1250307|REACT:R-HSA-1250313|REACT:R-HSA-1250319|REACT:R-HSA-1251964|REACT:R-HSA-1251969|REACT:R-HSA-1251975|REACT:R-HSA-1251984|REACT:R-HSA-1251987|REACT:R-HSA-1252004|REACT:R-HSA-1252010|REACT:R-HSA-1252017|REACT:R-HSA-1254387|REACT:R-HSA-1254405|REACT:R-HSA-9612670|UMLS:C0812267|UMLS:C3853568|UMLS:C3884540|UNIPROTKB:Q15303
ERBIN|Q96RT1,ODA_Q96RT1|ERBB2IP,19,ENSEMBL:ENSG00000112851|ENSEMBL:ENSP00000514083|ENSEMBL:ENSP00000514083.1|ENSEMBL:ENSP00000514089|ENSEMBL:ENSP00000514089.1|HGNC:15842|MESH:C413364|NCBIGENE:55914|NCIT:C24374|NCIT:C26175|OMIM:606944|PR:000007158|PR:Q96RT1|REACT:R-HSA-1358718|UMLS:C1333352|UMLS:C1447765|UNIPROTKB:A0A8V8TML4|UNIPROTKB:A0A8V8TPC7|UNIPROTKB:Q96RT1
EREG|O14944,NEX_O14944|EREG,17,ENSEMBL:ENSG00000124882|ENSEMBL:ENSP00000244869|ENSEMBL:ENSP00000244869.2|HGNC:3443|MESH:C587880|NCBIGENE:2069|NCIT:C118410|NCIT:C24375|NCIT:C26171|OMIM:602061|PR:O14944|REACT:R-HSA-1233233|REACT:R-HSA-9628816|UMLS:C1366644|UMLS:C3884279|UMLS:C3888282|UNIPROTKB:O14944
ERP44|Q9BS26,ONC3_Q9BS26|ERP44,14,ENSEMBL:ENSG00000023318|ENSEMBL:ENSP00000262455|ENSEMBL:ENSP00000262455.6|HGNC:18311|MESH:C451899|NCBIGENE:23071|OMIM:609170|PR:Q9BS26|REACT:R-HSA-6799567|REACT:R-HSA-6806302|UMLS:C1121715|UMLS:C1425439|UNIPROTKB:A0A384MEE7|UNIPROTKB:Q9BS26
ESAM|Q96AP7,DEV_Q96AP7|ESAM,10,ENSEMBL:ENSG00000149564|HGNC:17474|MESH:C568779|NCBIGENE:90952|OMIM:614281|PR:Q96AP7|REACT:R-HSA-197898|UMLS:C1424976|UMLS:C3253526|UNIPROTKB:Q96AP7
ESM1|Q9NQ30,ONC2_Q9NQ30|ESM1,13,ENSEMBL:ENSG00000164283|HGNC:3466|MESH:C101134|NCBIGENE:11082|NCIT:C104087|NCIT:C104089|OMIM:601521|PR:000007200|PR:Q9NQ30|UMLS:C1414460|UMLS:C1449013|UMLS:C3537322|UNIPROTKB:Q9NQ30
EZR|P15311,NEU1_P15311|EZR,26,ENSEMBL:ENSG00000092820|ENSEMBL:ENSP00000338934|ENSEMBL:ENSP00000338934.7|ENSEMBL:ENSP00000356042|ENSEMBL:ENSP00000356042.3|ENSEMBL:ENSP00000522664|ENSEMBL:ENSP00000522664.1|ENSEMBL:ENSP00000522665|ENSEMBL:ENSP00000522665.1|ENSEMBL:ENSP00000593559|ENSEMBL:ENSP00000593559.1|ENSEMBL:ENSP00000593561|ENSEMBL:ENSP00000593561.1|HGNC:12691|MESH:C000731207|NCBIGENE:7430|NCIT:C68722|NCIT:C68724|OMIM:123900|PR:P15311|REACT:R-HSA-374559|REACT:R-HSA-374572|REACT:R-HSA-9020826|UMLS:C1421450|UMLS:C1701977|UNIPROTKB:P15311
F11R|Q9Y624,CVD3_Q9Y624|F11R,14,ENSEMBL:ENSG00000158769|HGNC:14685|MESH:C407243|NCBIGENE:50848|NCIT:C118591|NCIT:C118593|OMIM:605721|PR:Q9Y624|REACT:R-HSA-197845|REACT:R-HSA-2134498|UMLS:C0913854|UMLS:C1422839|UNIPROTKB:Q6FIB4|UNIPROTKB:Q9Y624
F11|P03951,CAM_P03951|F11,19,ENSEMBL:ENSG00000088926|ENSEMBL:ENSP00000424479|ENSEMBL:ENSP00000424479.1|ENSEMBL:LRG_583|HGNC:3529|LOINC:LP208566-2|LOINC:LP288203-5|NCBIGENE:2160|NCIT:C201572|OMIM:264900|PR:P03951|REACT:R-HSA-158124|REACT:R-HSA-158208|REACT:R-HSA-158260|REACT:R-HSA-158263|UMLS:C1414498|UMLS:C5979974|UNIPROTKB:D6RB32|UNIPROTKB:P03951
F2R|P25116,CVD2_P25116|F2R,17,ENSEMBL:ENSG00000181104|ENSEMBL:ENSP00000321326|ENSEMBL:ENSP00000321326.4|ENSEMBL:LRG_641|HGNC:3537|NCBIGENE:2149|NCIT:C24383|NCIT:C26105|OMIM:187930|PR:P25116|REACT:R-HSA-114531|REACT:R-HSA-114586|REACT:R-HSA-61309|REACT:R-HSA-9708861|UMLS:C1366449|UMLS:C4048327|UNIPROTKB:P25116
F3|P13726,CVD2_P13726|F3,18,CHEMBL.TARGET:CHEMBL5787|ENSEMBL:ENSG00000117525|ENSEMBL:LRG_552|HGNC:3541|MESH:C052493|NCBIGENE:2152|NCIT:C17197|NCIT:C21098|OMIM:134390|PR:000001940|PR:P13726|REACT:R-HSA-140704|REACT:R-HSA-140762|REACT:R-HSA-8960687|UMLS:C1333522|UMLS:C4048299|UMLS:C5433294|UNIPROTKB:P13726
F7|P08709,CAM_P08709|F7,18,ENSEMBL:ENSG00000057593|ENSEMBL:ENSP00000442051|ENSEMBL:ENSP00000442051.2|ENSEMBL:LRG_554|HGNC:3544|LOINC:LP19700-1|LOINC:LP288208-4|NCBIGENE:2155|NCIT:C16570|NCIT:C28469|OMIM:613878|PR:P08709|REACT:R-HSA-5641222|UMLS:C1333523|UMLS:C5441682|UNIPROTKB:B4DPM2|UNIPROTKB:F5H8B0|UNIPROTKB:P08709
FABP2|P12104,CVD2_P12104|FABP2,14,ENSEMBL:ENSG00000145384|ENSEMBL:ENSP00000274024|ENSEMBL:ENSP00000274024.3|HGNC:3556|MESH:C493404|NCBIGENE:2169|NCIT:C20926|NCIT:C29616|OMIM:134640|PR:P12104|REACT:R-HSA-2026074|UMLS:C1173118|UMLS:C1333525|UNIPROTKB:P12104
FABP4|P15090,CVD3_P15090|FABP4,18,ENSEMBL:ENSG00000170323|ENSEMBL:ENSP00000256104|ENSEMBL:ENSP00000256104.4|HGNC:3559|MESH:C493410|NCBIGENE:2167|NCIT:C20976|NCIT:C29617|OMIM:600434|PR:P15090|REACT:R-HSA-163428|REACT:R-HSA-2026069|REACT:R-HSA-2026072|REACT:R-HSA-5640172|UMLS:C1312689|UMLS:C1333527|UNIPROTKB:E7DVW4|UNIPROTKB:P15090
FABP6|P51161,CVD2_P51161|FABP6,12,ENSEMBL:ENSG00000170231|HGNC:3561|NCBIGENE:2172|NCIT:C118966|NCIT:C118968|OMIM:600422|PR:P51161|REACT:R-HSA-194158|REACT:R-HSA-9607340|UMLS:C1414515|UMLS:C1435727|UNIPROTKB:P51161
FABP9|Q0Z7S8,ODA_Q0Z7S8|FABP9,10,ENSEMBL:ENSG00000205186|ENSEMBL:ENSP00000368362|ENSEMBL:ENSP00000368362.2|HGNC:3563|NCBIGENE:646480|OMIM:620856|PR:Q0Z7S8|REACT:R-HSA-5215983|UMLS:C1414517|UNIPROTKB:Q0Z7S8
FADD|Q13158,ONC2_Q13158|FADD,15,ENSEMBL:ENSG00000168040|ENSEMBL:ENSP00000301838|ENSEMBL:ENSP00000301838.5|ENSEMBL:LRG_228|HGNC:3573|MESH:C505533|NCBIGENE:8772|NCIT:C24384|NCIT:C26106|OMIM:602457|PR:Q13158|REACT:R-HSA-54639|UMLS:C1333530|UMLS:C1527783|UNIPROTKB:Q13158
FAM3B|P58499,IRE_P58499|FAM3B,9,ENSEMBL:ENSG00000183844|HGNC:1253|MESH:C577825|NCBIGENE:54097|OMIM:608617|PR:P58499|UMLS:C1412940|UMLS:C3658114|UNIPROTKB:P58499
FAM3C|Q92520,MET_Q92520|FAM3C,58,ENSEMBL:ENSG00000196937|ENSEMBL:ENSP00000353025|ENSEMBL:ENSP00000353025.3|ENSEMBL:ENSP00000520951|ENSEMBL:ENSP00000520951.1|ENSEMBL:ENSP00000562243|ENSEMBL:ENSP00000562243.1|ENSEMBL:ENSP00000562244|ENSEMBL:ENSP00000562244.1|ENSEMBL:ENSP00000562246|ENSEMBL:ENSP00000562246.1|ENSEMBL:ENSP00000562247|ENSEMBL:ENSP00000562247.1|ENSEMBL:ENSP00000562249|ENSEMBL:ENSP00000562249.1|ENSEMBL:ENSP00000562251|ENSEMBL:ENSP00000562251.1|ENSEMBL:ENSP00000562255|ENSEMBL:ENSP00000562255.1|ENSEMBL:ENSP00000562256|ENSEMBL:ENSP00000562256.1|ENSEMBL:ENSP00000562257|ENSEMBL:ENSP00000562257.1|ENSEMBL:ENSP00000562258|ENSEMBL:ENSP00000562258.1|ENSEMBL:ENSP00000562259|ENSEMBL:ENSP00000562259.1|ENSEMBL:ENSP00000562260|ENSEMBL:ENSP00000562260.1|ENSEMBL:ENSP00000562261|ENSEMBL:ENSP00000562261.1|ENSEMBL:ENSP00000621333|ENSEMBL:ENSP00000621333.1|ENSEMBL:ENSP00000621336|ENSEMBL:ENSP00000621336.1|ENSEMBL:ENSP00000621337|ENSEMBL:ENSP00000621337.1|ENSEMBL:ENSP00000621338|ENSEMBL:ENSP00000621338.1|ENSEMBL:ENSP00000621339|ENSEMBL:ENSP00000621339.1|ENSEMBL:ENSP00000621340|ENSEMBL:ENSP00000621340.1|ENSEMBL:ENSP00000621341|ENSEMBL:ENSP00000621341.1|HGNC:18664|MESH:C514209|NCBIGENE:10447|NCIT:C122076|NCIT:C122079|OMIM:608618|PR:000029492|PR:Q92520|REACT:R-HSA-8848884|REACT:R-HSA-8848922|UMLS:C1425690|UMLS:C1743459|UNIPROTKB:Q92520
FAP|Q12884,CAM_Q12884|FAP,15,ENSEMBL:ENSG00000078098|ENSEMBL:ENSP00000411391|ENSEMBL:ENSP00000411391.1|HGNC:3590|MESH:C000731311|NCBIGENE:2191|NCIT:C17799|NCIT:C26582|OMIM:600403|PR:Q12884|UMLS:C1366487|UMLS:C1622401|UNIPROTKB:B4DLR2|UNIPROTKB:F6V7M8|UNIPROTKB:Q12884
FASLG|P48023,ONC2_P48023|FASLG,15,ENSEMBL:ENSG00000117560|ENSEMBL:LRG_58|HGNC:11936|MESH:C505661|NCBIGENE:356|NCIT:C20529|NCIT:C21148|OMIM:134638|PR:P48023|REACT:R-HSA-66212|REACT:R-HSA-6797248|UMLS:C1539478|UMLS:C1675724|UNIPROTKB:P48023|UNIPROTKB:Q53ZZ1
FAS|P25445,CVD3_P25445|FAS,30,CHEMBL.TARGET:CHEMBL2417350|CHEMBL.TARGET:CHEMBL4523207|ENSEMBL:ENSG00000026103|ENSEMBL:ENSP00000347979|ENSEMBL:ENSP00000347979.3|ENSEMBL:ENSP00000509810|ENSEMBL:ENSP00000509810.1|ENSEMBL:ENSP00000512813|ENSEMBL:ENSP00000512813.1|ENSEMBL:LRG_134|HGNC:11920|MESH:C491901|NCBIGENE:355|NCIT:C17776|NCIT:C21555|OMIM:134637|PANTHER.FAMILY:PTHR46874|PR:000001962|PR:P25445|PTHR46874:SF1|REACT:R-HSA-66248|REACT:R-HSA-6799817|UMLS:C1454645|UMLS:C1539477|UNIPROTKB:A0A499FID1|UNIPROTKB:A0A8I5KWV4|UNIPROTKB:A0A8Q3SIR6|UNIPROTKB:K9J972|UNIPROTKB:P25445|UNIPROTKB:Q59FU8
FBP1|P09467,MET_P09467|FBP1,28,CHEMBL.TARGET:CHEMBL5360|ENSEMBL:ENSG00000165140|ENSEMBL:ENSP00000364475|ENSEMBL:ENSP00000364475.5|ENSEMBL:ENSP00000408025|ENSEMBL:ENSP00000408025.1|ENSEMBL:ENSP00000554926|ENSEMBL:ENSP00000554926.1|ENSEMBL:ENSP00000554928|ENSEMBL:ENSP00000554928.1|ENSEMBL:ENSP00000554929|ENSEMBL:ENSP00000554929.1|ENSEMBL:ENSP00000554930|ENSEMBL:ENSP00000554930.1|HGNC:3606|MESH:C000630809|NCBIGENE:2203|NCIT:C117100|NCIT:C117102|OMIM:611570|PR:000007365|PR:P09467|REACT:R-HSA-70476|UMLS:C1414544|UMLS:C3889472|UMLS:C5197049|UNIPROTKB:P09467|UNIPROTKB:Q2TU34
FCAR|P24071,NEX_P24071|FCAR,27,ENSEMBL:ENSG00000186431|ENSEMBL:ENSG00000273738|ENSEMBL:ENSG00000274580|ENSEMBL:ENSG00000275136|ENSEMBL:ENSG00000275269|ENSEMBL:ENSG00000275564|ENSEMBL:ENSG00000275970|ENSEMBL:ENSG00000276858|ENSEMBL:ENSG00000276985|ENSEMBL:ENSG00000278415|ENSEMBL:ENSG00000283750|ENSEMBL:ENSG00000283953|ENSEMBL:ENSG00000284004|ENSEMBL:ENSG00000284061|ENSEMBL:ENSG00000284245|HGNC:3608|NCBIGENE:2204|OMIM:147045|PR:P24071|REACT:R-HSA-6799610|REACT:R-HSA-6800900|REACT:R-HSA-6800928|REACT:R-HSA-6806318|UMLS:C1414546|UMLS:C2350837|UNIPROTKB:A0A1P8A760|UNIPROTKB:P24071
FCER2|P06734,DEV_P06734|FCER2,21,ENSEMBL:ENSG00000104921|ENSEMBL:ENSP00000264072|ENSEMBL:ENSP00000264072.6|ENSEMBL:ENSP00000353178|ENSEMBL:ENSP00000353178.4|ENSEMBL:ENSP00000471974|ENSEMBL:ENSP00000471974.1|HGNC:3612|MESH:C546930|NCBIGENE:2208|NCIT:C96899|NCIT:C96902|OMIM:151445|PR:000001880|PR:P06734|REACT:R-HSA-2127280|REACT:R-HSA-2127282|UMLS:C1414549|UMLS:C2744538|UNIPROTKB:K3W4U1|UNIPROTKB:P06734
FCGR2A|P12318,CAM_P12318|FCGR2A,18,ENSEMBL:ENSG00000143226|ENSEMBL:ENSP00000514258|ENSEMBL:ENSP00000514258.1|ENSEMBL:LRG_1109|HGNC:3616|MESH:C445323|NCBIGENE:2212|NCIT:C38552|NCIT:C38553|OMIM:146790|PR:P12318|REACT:R-HSA-197838|REACT:R-HSA-2029069|REACT:R-HSA-6804791|UMLS:C1414553|UMLS:C1448238|UNIPROTKB:A0A8V8TPS4|UNIPROTKB:P12318
FCGR2B|P31994,CVD2_P31994|FCGR2B,12,ENSEMBL:ENSG00000072694|HGNC:3618|MESH:C499173|NCBIGENE:2213|NCIT:C38554|NCIT:C38555|OMIM:604590|PR:P31994|REACT:R-HSA-197854|UMLS:C1414554|UMLS:C1452607|UNIPROTKB:P31994
FCGR3B|O75015,CAM_O75015|FCGR3B,26,ENSEMBL:ENSG00000162747|ENSEMBL:ENSP00000356941|ENSEMBL:ENSP00000356941.2|ENSEMBL:ENSP00000394204|ENSEMBL:ENSP00000394204.3|ENSEMBL:ENSP00000497461|ENSEMBL:ENSP00000497461.1|ENSEMBL:ENSP00000578350|ENSEMBL:ENSP00000578350.1|ENSEMBL:LRG_1238|HGNC:3620|MESH:C428200|NCBIGENE:2215|NCIT:C38560|NCIT:C38561|OMIM:610665|PR:O75015|REACT:R-HSA-197857|REACT:R-HSA-6803332|REACT:R-HSA-8940738|REACT:R-HSA-8941071|UMLS:C0966831|UMLS:C1414556|UNIPROTKB:A0A3B3ISU3|UNIPROTKB:H0Y4U3|UNIPROTKB:O75015
FCN2|Q15485,CAM_Q15485|FCN2,13,ENSEMBL:ENSG00000160339|HGNC:3624|MESH:C000727820|NCBIGENE:2220|NCIT:C153280|NCIT:C153282|OMIM:601624|PR:000007438|PR:Q15485|REACT:R-HSA-2530438|UMLS:C0753749|UMLS:C1414560|UNIPROTKB:Q15485
FCRL1|Q96LA6,MET_Q96LA6|FCRL1,12,ENSEMBL:ENSG00000163534|HGNC:18509|MESH:C551993|NCBIGENE:115350|NCIT:C117128|NCIT:C117130|OMIM:606508|PR:000007440|PR:Q96LA6|UMLS:C1539511|UMLS:C2975217|UNIPROTKB:Q96LA6
FCRL2|Q96LA5,NEU1_Q96LA5|FCRL2,14,ENSEMBL:ENSG00000132704|HGNC:14875|MESH:C422179|NCBIGENE:79368|NCIT:C117132|NCIT:C117135|OMIM:606509|PR:000007441|PR:Q96LA5|UMLS:C0971458|UMLS:C1539512|UNIPROTKB:B4DVJ9|UNIPROTKB:B4E0W2|UNIPROTKB:Q96LA5
FCRL3|Q96P31,IRE_Q96P31|FCRL3,9,ENSEMBL:ENSG00000160856|HGNC:18506|MESH:C457775|NCBIGENE:115352|OMIM:606510|PR:Q96P31|UMLS:C1310513|UMLS:C1539513|UNIPROTKB:Q96P31
FCRL5|Q96RD9,DEV_Q96RD9|FCRL5,12,ENSEMBL:ENSG00000143297|HGNC:18508|MESH:C432367|NCBIGENE:83416|NCIT:C123872|NCIT:C123874|OMIM:605877|PR:000001314|PR:Q96RD9|UMLS:C0968435|UMLS:C1539515|UNIPROTKB:Q96RD9
FCRL6|Q6DN72,IRE_Q6DN72|FCRL6,9,ENSEMBL:ENSG00000181036|HGNC:31910|MESH:C520037|NCBIGENE:343413|OMIM:613562|PR:Q6DN72|UMLS:C1539516|UMLS:C1957313|UNIPROTKB:Q6DN72
FCRLB|Q6BAA4,ONC2_Q6BAA4|FCRLB,9,ENSEMBL:ENSG00000162746|HGNC:26431|MESH:C504209|NCBIGENE:127943|OMIM:609251|PR:Q6BAA4|UMLS:C1612136|UMLS:C1825287|UNIPROTKB:Q6BAA4
FES|P07332,ODA_P07332|FES,13,ENSEMBL:ENSG00000182511|HGNC:3657|MESH:C496645|NCBIGENE:2242|NCIT:C45497|NCIT:C45498|OMIM:190030|PR:000007463|PR:P07332|REACT:R-HSA-396937|UMLS:C1414588|UMLS:C1451575|UNIPROTKB:P07332
FETUB|Q9UGM5,CAM_Q9UGM5|FETUB,22,ENSEMBL:ENSG00000090512|ENSEMBL:ENSP00000371569|ENSEMBL:ENSP00000371569.3|ENSEMBL:ENSP00000568711|ENSEMBL:ENSP00000568711.1|ENSEMBL:ENSP00000568714|ENSEMBL:ENSP00000568714.1|ENSEMBL:ENSP00000568715|ENSEMBL:ENSP00000568715.1|ENSEMBL:ENSP00000568717|ENSEMBL:ENSP00000568717.1|HGNC:3658|MESH:C504687|NCBIGENE:26998|OMIM:605954|PR:Q9UGM5|UMLS:C1414589|UMLS:C1613316|UNIPROTKB:B7Z8T3|UNIPROTKB:E9PG08|UNIPROTKB:Q5J875|UNIPROTKB:Q9UGM5
FGF19|O95750,INF_O95750|FGF19,17,ENSEMBL:ENSG00000162344|ENSEMBL:ENSP00000294312|ENSEMBL:ENSP00000294312.3|ENSEMBL:ENSP00000581962|ENSEMBL:ENSP00000581962.1|HGNC:3675|MESH:C117476|NCBIGENE:9965|NCIT:C96328|NCIT:C96330|OMIM:603891|PR:O95750|REACT:R-HSA-189888|UMLS:C1414603|UMLS:C1431711|UNIPROTKB:A0A7U3L4E7|UNIPROTKB:O95750
FGF21|Q9NSA1,CRE_Q9NSA1|FGF21,17,ENSEMBL:ENSG00000105550|ENSEMBL:ENSP00000222157|ENSEMBL:ENSP00000222157.3|ENSEMBL:ENSP00000471477|ENSEMBL:ENSP00000471477.1|HGNC:3678|NCBIGENE:26291|NCIT:C24391|NCIT:C26127|OMIM:609436|PR:Q9NSA1|REACT:R-HSA-189909|REACT:R-HSA-6784626|REACT:R-HSA-6784692|UMLS:C1333538|UMLS:C3887831|UNIPROTKB:Q9NSA1
FGF21|Q9NSA1,CVD2_Q9NSA1|FGF21,17,ENSEMBL:ENSG00000105550|ENSEMBL:ENSP00000222157|ENSEMBL:ENSP00000222157.3|ENSEMBL:ENSP00000471477|ENSEMBL:ENSP00000471477.1|HGNC:3678|NCBIGENE:26291|NCIT:C24391|NCIT:C26127|OMIM:609436|PR:Q9NSA1|REACT:R-HSA-189909|REACT:R-HSA-6784626|REACT:R-HSA-6784692|UMLS:C1333538|UMLS:C3887831|UNIPROTKB:Q9NSA1
FGF21|Q9NSA1,INF_Q9NSA1|FGF21,17,ENSEMBL:ENSG00000105550|ENSEMBL:ENSP00000222157|ENSEMBL:ENSP00000222157.3|ENSEMBL:ENSP00000471477|ENSEMBL:ENSP00000471477.1|HGNC:3678|NCBIGENE:26291|NCIT:C24391|NCIT:C26127|OMIM:609436|PR:Q9NSA1|REACT:R-HSA-189909|REACT:R-HSA-6784626|REACT:R-HSA-6784692|UMLS:C1333538|UMLS:C3887831|UNIPROTKB:Q9NSA1
FGF23|Q9GZV9,CVD2_Q9GZV9|FGF23,21,ENSEMBL:ENSG00000118972|ENSEMBL:ENSP00000237837|ENSEMBL:ENSP00000237837.1|HGNC:3680|LOINC:LP288219-1|LOINC:LP35570-8|MESH:C000717427|NCBIGENE:8074|NCIT:C104382|NCIT:C104384|OMIM:605380|PR:Q9GZV9|REACT:R-HSA-189891|REACT:R-HSA-8851624|REACT:R-HSA-8851630|REACT:R-HSA-8851633|REACT:R-HSA-8956697|REACT:R-HSA-8957077|UMLS:C1414605|UMLS:C1431973|UNIPROTKB:Q9GZV9
FGF23|Q9GZV9,INF_Q9GZV9|FGF23,21,ENSEMBL:ENSG00000118972|ENSEMBL:ENSP00000237837|ENSEMBL:ENSP00000237837.1|HGNC:3680|LOINC:LP288219-1|LOINC:LP35570-8|MESH:C000717427|NCBIGENE:8074|NCIT:C104382|NCIT:C104384|OMIM:605380|PR:Q9GZV9|REACT:R-HSA-189891|REACT:R-HSA-8851624|REACT:R-HSA-8851630|REACT:R-HSA-8851633|REACT:R-HSA-8956697|REACT:R-HSA-8957077|UMLS:C1414605|UMLS:C1431973|UNIPROTKB:Q9GZV9
FGF2|P09038,IRE_P09038|FGF2,14,ENSEMBL:ENSG00000138685|ENSEMBL:LRG_1185|HGNC:3676|NCBIGENE:2247|NCIT:C18569|NCIT:C20547|OMIM:134920|PR:P09038|REACT:R-HSA-189898|REACT:R-HSA-2888971|UMLS:C0919506|UMLS:C3887569|UNIPROTKB:D9ZGF5|UNIPROTKB:P09038
FGFBP1|Q14512,ONC2_Q14512|FGFBP1,18,ENSEMBL:ENSG00000137440|ENSEMBL:ENSP00000371770|ENSEMBL:ENSP00000371770.1|ENSEMBL:ENSP00000558747|ENSEMBL:ENSP00000558747.1|ENSEMBL:ENSP00000558748|ENSEMBL:ENSP00000558748.1|ENSEMBL:ENSP00000625116|ENSEMBL:ENSP00000625116.1|HGNC:19695|MESH:C070699|NCBIGENE:9982|OMIM:607737|PR:Q14512|REACT:R-HSA-5656040|UMLS:C1504709|UMLS:C1539517|UNIPROTKB:Q14512
FGFR2|P21802,NEX_P21802|FGFR2,66,CHV:0000021098|ENSEMBL:ENSG00000066468|ENSEMBL:ENSP00000474011|ENSEMBL:ENSP00000474011.1|ENSEMBL:ENSP00000484154|ENSEMBL:ENSP00000484154.1|ENSEMBL:ENSP00000506937|ENSEMBL:ENSP00000506937.1|ENSEMBL:LRG_994|HGNC:3689|LOINC:LP19704-3|LOINC:LP288221-7|MESH:C496353|NCBIGENE:2263|NCIT:C124075|NCIT:C17411|NCIT:C19931|OMIM:176943|PR:P21802|REACT:R-HSA-1637888|REACT:R-HSA-1637889|REACT:R-HSA-1637916|REACT:R-HSA-1637924|REACT:R-HSA-1637931|REACT:R-HSA-189871|REACT:R-HSA-189885|REACT:R-HSA-189920|REACT:R-HSA-190412|REACT:R-HSA-190416|REACT:R-HSA-192600|REACT:R-HSA-192601|REACT:R-HSA-192603|REACT:R-HSA-2011846|REACT:R-HSA-2011851|REACT:R-HSA-2011852|REACT:R-HSA-2011874|REACT:R-HSA-2011877|REACT:R-HSA-2011879|REACT:R-HSA-2011880|REACT:R-HSA-2029861|REACT:R-HSA-2029862|REACT:R-HSA-2029865|REACT:R-HSA-2029866|REACT:R-HSA-2029869|REACT:R-HSA-2029870|REACT:R-HSA-2029881|REACT:R-HSA-2029883|REACT:R-HSA-2029886|REACT:R-HSA-2029902|REACT:R-HSA-2071928|REACT:R-HSA-2071931|REACT:R-HSA-2071940|REACT:R-HSA-2071942|REACT:R-HSA-2071944|REACT:R-HSA-2071946|REACT:R-HSA-9667332|REACT:R-HSA-9667344|UMLS:C1259992|UMLS:C1333542|UMLS:C4084718|UNIPROTKB:A0A087X1F2|UNIPROTKB:A0A141AXF1|UNIPROTKB:A0A804HI76|UNIPROTKB:D2CGD1|UNIPROTKB:P21802|UNIPROTKB:S4R381
FGR|P09769,ODA_P09769|FGR,56,ENSEMBL:ENSG00000000938|ENSEMBL:ENSP00000363115|ENSEMBL:ENSP00000363115.3|ENSEMBL:ENSP00000363116|ENSEMBL:ENSP00000363116.1|ENSEMBL:ENSP00000363117|ENSEMBL:ENSP00000363117.3|ENSEMBL:ENSP00000382126|ENSEMBL:ENSP00000382126.1|ENSEMBL:ENSP00000529174|ENSEMBL:ENSP00000529174.1|ENSEMBL:ENSP00000529175|ENSEMBL:ENSP00000529175.1|ENSEMBL:ENSP00000529176|ENSEMBL:ENSP00000529176.1|ENSEMBL:ENSP00000529177|ENSEMBL:ENSP00000529177.1|ENSEMBL:ENSP00000529180|ENSEMBL:ENSP00000529180.1|ENSEMBL:ENSP00000529181|ENSEMBL:ENSP00000529181.1|ENSEMBL:ENSP00000529182|ENSEMBL:ENSP00000529182.1|ENSEMBL:ENSP00000529183|ENSEMBL:ENSP00000529183.1|ENSEMBL:ENSP00000529184|ENSEMBL:ENSP00000529184.1|ENSEMBL:ENSP00000529186|ENSEMBL:ENSP00000529186.1|ENSEMBL:ENSP00000529187|ENSEMBL:ENSP00000529187.1|ENSEMBL:ENSP00000529188|ENSEMBL:ENSP00000529188.1|ENSEMBL:ENSP00000529190|ENSEMBL:ENSP00000529190.1|ENSEMBL:ENSP00000638181|ENSEMBL:ENSP00000638181.1|ENSEMBL:ENSP00000638182|ENSEMBL:ENSP00000638182.1|ENSEMBL:ENSP00000638184|ENSEMBL:ENSP00000638184.1|ENSEMBL:ENSP00000638185|ENSEMBL:ENSP00000638185.1|HGNC:3697|NCBIGENE:2268|NCIT:C17483|NCIT:C18542|OMIM:164940|PR:P09769|REACT:R-HSA-432116|REACT:R-HSA-6804974|REACT:R-HSA-6806524|UMLS:C0919478|UMLS:C1429388|UNIPROTKB:P09769|UNIPROTKB:P78453
FHIT|P49789,NEX_P49789|FHIT,17,ENSEMBL:ENSG00000189283|ENSEMBL:ENSP00000417480|ENSEMBL:ENSP00000417480.1|ENSEMBL:ENSP00000417557|ENSEMBL:ENSP00000417557.1|ENSEMBL:ENSP00000418582|ENSEMBL:ENSP00000418582.1|HGNC:3701|MESH:C000731316|NCBIGENE:2272|NCIT:C18025|NCIT:C18524|OMIM:601153|PR:P49789|UMLS:C0919457|UMLS:C1173495|UNIPROTKB:P49789
FKBP1B|P68106,ODA_P68106|FKBP1B,11,ENSEMBL:ENSG00000119782|ENSEMBL:ENSP00000406593|ENSEMBL:ENSP00000406593.1|HGNC:3712|NCBIGENE:2281|OMIM:600620|PR:P68106|REACT:R-HSA-5490321|UMLS:C1414619|UNIPROTKB:F8W6G9|UNIPROTKB:P68106
FKBP4|Q02790,MET_Q02790|FKBP4,17,ENSEMBL:ENSG00000004478|ENSEMBL:ENSP00000001008|ENSEMBL:ENSP00000001008.4|ENSEMBL:ENSP00000628610|ENSEMBL:ENSP00000628610.1|ENSEMBL:ENSP00000628612|ENSEMBL:ENSP00000628612.1|HGNC:3720|NCBIGENE:2288|OMIM:600611|PR:Q02790|REACT:R-HSA-4793843|REACT:R-HSA-5324621|REACT:R-HSA-5618108|REACT:R-HSA-8939162|UMLS:C1414626|UNIPROTKB:Q02790
FKBP5|Q13451,NEX_Q13451|FKBP5,15,ENSEMBL:ENSG00000096060|HGNC:3721|MESH:C000731285|NCBIGENE:2289|NCIT:C105829|NCIT:C105831|OMIM:602623|PR:Q13451|REACT:R-HSA-5618096|REACT:R-HSA-8939165|REACT:R-HSA-9022741|UMLS:C1414627|UMLS:C1741214|UNIPROTKB:Q13451|UNIPROTKB:Q2TA84
FKBP7|Q9Y680,NEX_Q9Y680|FKBP7,13,ENSEMBL:ENSG00000079150|ENSEMBL:ENSP00000509396|ENSEMBL:ENSP00000509396.1|HGNC:3723|MESH:C000592090|NCBIGENE:51661|OMIM:607062|PR:Q9Y680|UMLS:C1414629|UMLS:C3884502|UNIPROTKB:A0A8I5KT81|UNIPROTKB:B4DRE2|UNIPROTKB:Q9Y680
FLI1|Q01543,CRE_Q01543|FLI1,14,ENSEMBL:ENSG00000151702|ENSEMBL:LRG_646|HGNC:3749|MESH:C078433|NCBIGENE:2313|NCIT:C18321|NCIT:C18566|OMIM:193067|PR:000007553|PR:Q01543|REACT:R-HSA-9616216|UMLS:C0808900|UMLS:C1437505|UNIPROTKB:Q01543
FLRT2|O43155,NEU1_O43155|FLRT2,28,ENSEMBL:ENSG00000185070|ENSEMBL:ENSP00000332879|ENSEMBL:ENSP00000332879.4|ENSEMBL:ENSP00000451050|ENSEMBL:ENSP00000451050.1|ENSEMBL:ENSP00000507088|ENSEMBL:ENSP00000507088.1|ENSEMBL:ENSP00000507815|ENSEMBL:ENSP00000507815.1|ENSEMBL:ENSP00000562951|ENSEMBL:ENSP00000562951.1|ENSEMBL:ENSP00000562952|ENSEMBL:ENSP00000562952.1|ENSEMBL:ENSP00000562953|ENSEMBL:ENSP00000562953.1|ENSEMBL:ENSP00000626336|ENSEMBL:ENSP00000626336.1|ENSEMBL:ENSP00000626337|ENSEMBL:ENSP00000626337.1|HGNC:3761|MESH:C404491|NCBIGENE:23768|OMIM:604807|PR:O43155|REACT:R-HSA-5656052|UMLS:C1309389|UMLS:C1414641|UNIPROTKB:O43155
FLT1|P17948,ONC3_P17948|FLT1,15,CHV:0000049122|ENSEMBL:ENSG00000102755|ENSEMBL:LRG_425|HGNC:3763|MESH:C501162|NCBIGENE:2321|NCIT:C17975|NCIT:C18414|OMIM:165070|PR:P17948|REACT:R-HSA-3004464|UMLS:C0812298|UMLS:C1568520|UNIPROTKB:L7RSL3|UNIPROTKB:P17948
FLT3LG|P49771,INF_P49771|FLT3LG,14,ENSEMBL:ENSG00000090554|HGNC:3766|NCBIGENE:2323|NCIT:C20492|NCIT:C21551|OMIM:600007|PR:000007564|PR:P49771|REACT:R-HSA-6786793|REACT:R-HSA-9706165|UMLS:C1333567|UMLS:C1442820|UNIPROTKB:B7ZLY4|UNIPROTKB:P49771
FLT3|P36888,ONC3_P36888|FLT3,14,ENSEMBL:ENSG00000122025|ENSEMBL:LRG_457|HGNC:3765|LOINC:LP288230-8|LOINC:LP61778-4|MESH:C497970|NCBIGENE:2322|NCIT:C24399|NCIT:C26202|OMIM:136351|PR:P36888|UMLS:C0251006|UMLS:C1333568|UNIPROTKB:P36888
FLT4|P35916,ONC2_P35916|FLT4,17,ENSEMBL:ENSG00000037280|ENSEMBL:ENSP00000426057|ENSEMBL:ENSP00000426057.1|HGNC:3767|MESH:C581309|NCBIGENE:2324|NCIT:C24400|NCIT:C26203|OMIM:136352|PR:P35916|REACT:R-HSA-195359|REACT:R-HSA-9604466|REACT:R-HSA-9860553|UMLS:C1333569|UMLS:C3657407|UNIPROTKB:E9PD35|UNIPROTKB:P35916
FOLR1|P15328,ONC2_P15328|FOLR1,30,ENSEMBL:ENSG00000110195|ENSEMBL:ENSP00000308137|ENSEMBL:ENSP00000308137.4|ENSEMBL:ENSP00000377281|ENSEMBL:ENSP00000377281.3|ENSEMBL:ENSP00000377284|ENSEMBL:ENSP00000377284.1|ENSEMBL:ENSP00000377286|ENSEMBL:ENSP00000377286.2|ENSEMBL:ENSP00000502440|ENSEMBL:ENSP00000502440.1|ENSEMBL:ENSP00000563369|ENSEMBL:ENSP00000563369.1|ENSEMBL:ENSP00000563370|ENSEMBL:ENSP00000563370.1|HGNC:3791|MESH:C548696|NCBIGENE:2348|NCIT:C39283|NCIT:C39284|OMIM:136430|PR:P15328|REACT:R-HSA-5689457|REACT:R-HSA-5689806|REACT:R-HSA-5689808|REACT:R-HSA-6808777|REACT:R-HSA-6808779|UMLS:C1384573|UMLS:C1414662|UNIPROTKB:P15328
FOLR2|P14207,NEX_P14207|FOLR2,24,ENSEMBL:ENSG00000165457|ENSEMBL:ENSP00000298223|ENSEMBL:ENSP00000298223.6|ENSEMBL:ENSP00000538601|ENSEMBL:ENSP00000538601.1|ENSEMBL:ENSP00000538602|ENSEMBL:ENSP00000538602.1|ENSEMBL:ENSP00000613283|ENSEMBL:ENSP00000613283.1|ENSEMBL:ENSP00000613287|ENSEMBL:ENSP00000613287.1|HGNC:3793|MESH:C000610095|NCBIGENE:2350|NCIT:C104913|NCIT:C104916|OMIM:136425|PR:P14207|REACT:R-HSA-8940133|REACT:R-HSA-8940788|REACT:R-HSA-8941109|UMLS:C1414664|UMLS:C4308057|UNIPROTKB:P14207
FOLR3|P41439,ONC2_P41439|FOLR3,12,ENSEMBL:ENSG00000110203|HGNC:3795|MESH:C548697|NCBIGENE:2352|OMIM:602469|PR:P41439|REACT:R-HSA-6799561|REACT:R-HSA-6799573|REACT:R-HSA-6800948|UMLS:C1414666|UMLS:C2933249|UNIPROTKB:P41439
FOSB|P53539,ODA_P53539|FOSB,14,CHEMBL.TARGET:CHEMBL4630821|ENSEMBL:ENSG00000125740|HGNC:3797|MESH:C064269|NCBIGENE:2354|NCIT:C26606|NCIT:C26607|OMIM:164772|PR:000007598|PR:P53539|REACT:R-HSA-9009922|UMLS:C0082613|UMLS:C1333571|UNIPROTKB:P53539
FOXO1|Q12778,ODA_Q12778|FOXO1,26,ENSEMBL:ENSG00000150907|ENSEMBL:ENSP00000368880|ENSEMBL:ENSP00000368880.4|ENSEMBL:ENSP00000579834|ENSEMBL:ENSP00000579834.1|ENSEMBL:ENSP00000632421|ENSEMBL:ENSP00000632421.1|ENSEMBL:LRG_1409|HGNC:3819|LOINC:LP416913-4|LOINC:LP416914-2|MESH:C085126|NCBIGENE:2308|NCIT:C24402|NCIT:C26207|OMIM:136533|PR:Q12778|REACT:R-HSA-199300|REACT:R-HSA-199306|REACT:R-HSA-211158|REACT:R-HSA-5692651|REACT:R-HSA-8948481|REACT:R-HSA-9626942|UMLS:C0250455|UMLS:C1333572|UNIPROTKB:Q12778
FOXO3|O43524,ONC3_O43524|FOXO3,13,ENSEMBL:ENSG00000118689|HGNC:3821|MESH:C499517|NCBIGENE:2309|NCIT:C28519|NCIT:C28520|OMIM:602681|PR:O43524|REACT:R-HSA-8948480|UMLS:C1333573|UMLS:C1333633|UNIPROTKB:A0A856PRE8|UNIPROTKB:O43524
FRZB|Q92765,NEU1_Q92765|FRZB,9,ENSEMBL:ENSG00000162998|ENSEMBL:ENSP00000295113|ENSEMBL:ENSP00000295113.4|HGNC:3959|NCBIGENE:2487|OMIM:605083|PR:Q92765|UMLS:C1414819|UNIPROTKB:Q92765
FSTL3|O95633,DEV_O95633|FSTL3,14,ENSEMBL:ENSG00000070404|HGNC:3973|NCBIGENE:10272|NCIT:C24408|NCIT:C26632|OMIM:605343|PR:000007686|PR:O95633|REACT:R-HSA-2473199|REACT:R-HSA-8956703|REACT:R-HSA-8956915|UMLS:C1333581|UMLS:C4048256|UNIPROTKB:O95633
FST|P19883,CVD2_P19883|FST,12,ENSEMBL:ENSG00000134363|HGNC:3971|MESH:C503233|NCBIGENE:10468|NCIT:C107131|NCIT:C107133|OMIM:136470|PR:P19883|REACT:R-HSA-2473211|UMLS:C1414830|UMLS:C1609759|UNIPROTKB:P19883
FUCA1|P04066,DEV_P04066|FUCA1,16,ENSEMBL:ENSG00000179163|ENSEMBL:ENSP00000363603|ENSEMBL:ENSP00000363603.3|HGNC:4006|MESH:C000593239|NCBIGENE:2517|NCIT:C216148|OMIM:612280|PR:000007697|PR:P04066|REACT:R-HSA-5693804|REACT:R-HSA-6798773|REACT:R-HSA-6806209|UMLS:C1414857|UMLS:C3884563|UNIPROTKB:P04066
FURIN|P09958,ONC2_P09958|FURIN,44,CHEMBL.TARGET:CHEMBL2611|CHV:0000027747|CHV:0000052434|ENSEMBL:ENSG00000140564|ENSEMBL:ENSP00000268171|ENSEMBL:ENSP00000268171.2|ENSEMBL:ENSP00000483552|ENSEMBL:ENSP00000483552.1|ENSEMBL:ENSP00000484952|ENSEMBL:ENSP00000484952.1|ENSEMBL:ENSP00000506143|ENSEMBL:ENSP00000506143.1|ENSEMBL:ENSP00000523440|ENSEMBL:ENSP00000523440.1|ENSEMBL:ENSP00000523443|ENSEMBL:ENSP00000523443.1|ENSEMBL:ENSP00000523444|ENSEMBL:ENSP00000523444.1|ENSEMBL:ENSP00000586081|ENSEMBL:ENSP00000586081.1|ENSEMBL:ENSP00000586087|ENSEMBL:ENSP00000586087.1|ENSEMBL:ENSP00000586088|ENSEMBL:ENSP00000586088.1|HGNC:8568|MESH:C468731|MESH:D045683|NCBIGENE:5045|NCIT:C17902|NCIT:C18603|OMIM:136950|PR:000003137|PR:P09958|REACT:R-HSA-1181103|REACT:R-HSA-157049|REACT:R-HSA-2159856|REACT:R-HSA-448351|REACT:R-HSA-8981023|REACT:R-HSA-9832627|REACT:R-HSA-9837714|UMLS:C0287990|UMLS:C0919550|UMLS:C1310542|UNIPROTKB:P09958
FUS|P35637,ONC3_P35637|FUS,20,ENSEMBL:ENSG00000089280|ENSEMBL:ENSP00000520462|ENSEMBL:ENSP00000520462.1|ENSEMBL:LRG_655|HGNC:4010|LOINC:LP190764-3|LOINC:LP288236-5|MESH:C000599550|NCBIGENE:2521|NCIT:C91852|NCIT:C91854|OMIM:137070|PR:P35637|REACT:R-HSA-72040|UMLS:C1414860|UMLS:C4043426|UNIPROTKB:A0AAQ5BIG2|UNIPROTKB:P35637|UNIPROTKB:Q13344|UNIPROTKB:Q6IBQ5
FUT3_FUT5|P21217_Q11128,"DEV_Q11128,P21217|FUT5,FUT3",26,ENSEMBL:ENSG00000171124|ENSEMBL:ENSP00000305603|ENSEMBL:ENSP00000305603.5|ENSEMBL:ENSP00000416443|ENSEMBL:ENSP00000416443.1|ENSEMBL:ENSP00000465804|ENSEMBL:ENSP00000465804.1|ENSEMBL:ENSP00000468123|ENSEMBL:ENSP00000468123.1|ENSEMBL:ENSP00000517811|ENSEMBL:ENSP00000517811.1|ENSEMBL:ENSP00000517812|ENSEMBL:ENSP00000517812.1|ENSEMBL:ENSP00000517813|ENSEMBL:ENSP00000517813.1|ENSEMBL:ENSP00000517814|ENSEMBL:ENSP00000517814.1|HGNC:4014|NCBIGENE:2525|OMIM:111100|PR:P21217|REACT:R-HSA-5693934|UMLS:C1414864|UMLS:C2604122|UNIPROTKB:A8K737|UNIPROTKB:P21217
FUT8|Q9BYC5,NEX_Q9BYC5|FUT8,11,ENSEMBL:ENSG00000033170|HGNC:4019|NCBIGENE:2530|OMIM:602589|PR:Q9BYC5|REACT:R-HSA-1028782|UMLS:C1414869|UMLS:C1531132|UNIPROTKB:A8K8P8|UNIPROTKB:Q546E0|UNIPROTKB:Q9BYC5
FXYD5|Q96DB9,IRE_Q96DB9|FXYD5,14,ENSEMBL:ENSG00000089327|ENSEMBL:ENSP00000444839|ENSEMBL:ENSP00000444839.1|ENSEMBL:ENSP00000467053|ENSEMBL:ENSP00000467053.1|HGNC:4029|MESH:C451410|NCBIGENE:53827|OMIM:606669|PR:Q96DB9|UMLS:C1414878|UMLS:C1610466|UNIPROTKB:F5H4X8|UNIPROTKB:Q96DB9
GALNT10|Q86SR1,ODA_Q86SR1|GALNT10,10,ENSEMBL:ENSG00000164574|HGNC:19873|MESH:C000727969|NCBIGENE:55568|OMIM:608043|PR:Q86SR1|REACT:R-HSA-913664|UMLS:C1426498|UMLS:C2002990|UNIPROTKB:Q86SR1
GALNT2|Q10471,CRE_Q10471|GALNT2,13,ENSEMBL:ENSG00000143641|HGNC:4124|MESH:C000727970|NCBIGENE:2590|OMIM:602274|PR:Q10471|REACT:R-HSA-8849322|REACT:R-HSA-913618|UMLS:C1414952|UMLS:C2002993|UNIPROTKB:A0A1L7NY50|UNIPROTKB:B7Z6K2|UNIPROTKB:Q10471
GALNT3|Q14435,IRE_Q14435|GALNT3,15,ENSEMBL:ENSG00000115339|HGNC:4125|MESH:C000727971|NCBIGENE:2591|NCIT:C216222|OMIM:601756|PR:Q14435|REACT:R-HSA-6785542|REACT:R-HSA-6785543|REACT:R-HSA-6785545|REACT:R-HSA-6785551|REACT:R-HSA-913620|UMLS:C1414953|UMLS:C1438680|UNIPROTKB:Q14435
GALNT7|Q86SF2,ONC3_Q86SF2|GALNT7,15,ENSEMBL:ENSG00000109586|ENSEMBL:ENSP00000265000|ENSEMBL:ENSP00000265000.4|ENSEMBL:ENSP00000427095|ENSEMBL:ENSP00000427095.2|HGNC:4129|MESH:C000728707|NCBIGENE:51809|OMIM:605005|PR:Q86SF2|REACT:R-HSA-913624|UMLS:C1414957|UMLS:C5829111|UNIPROTKB:H0YAH3|UNIPROTKB:Q86SF2
GAL|P22466,MET_P22466|GAL,25,ENSEMBL:ENSG00000069482|ENSEMBL:ENSP00000265643|ENSEMBL:ENSP00000265643.3|ENSEMBL:ENSP00000603512|ENSEMBL:ENSP00000603512.1|ENSEMBL:ENSP00000603514|ENSEMBL:ENSP00000603514.1|HGNC:4114|MESH:C056567|NCBIGENE:51083|NCIT:C148347|NCIT:C148350|NCIT:C148351|NCIT:C148352|NCIT:C42565|OMIM:137035|PR:P22466|REACT:R-HSA-389038|UMLS:C0060993|UMLS:C1414945|UMLS:C1447046|UMLS:C5441628|UMLS:C5441749|UMLS:C5441968|UNIPROTKB:P22466
GAMT|Q14353,ONC3_Q14353|GAMT,14,ENSEMBL:ENSG00000130005|HGNC:4136|MESH:C494506|NCBIGENE:2593|NCIT:C173490|NCIT:C173492|OMIM:601240|PR:Q14353|REACT:R-HSA-71276|REACT:R-HSA-8962696|UMLS:C1414963|UMLS:C1530538|UNIPROTKB:Q14353|UNIPROTKB:V9HWB2
GAS6|Q14393,CAM_Q14393|GAS6,22,ENSEMBL:ENSG00000183087|HGNC:4168|MESH:C000731586|NCBIGENE:2621|NCIT:C101629|NCIT:C101631|OMIM:600441|PR:Q14393|REACT:R-HSA-163795|REACT:R-HSA-163805|REACT:R-HSA-163812|REACT:R-HSA-163840|REACT:R-HSA-163844|REACT:R-HSA-202768|REACT:R-HSA-391967|REACT:R-HSA-429503|REACT:R-HSA-8956720|REACT:R-HSA-8956905|UMLS:C1414991|UMLS:C1567829|UNIPROTKB:B4DZY7|UNIPROTKB:Q14393
GBP2|P32456,NEX_P32456|GBP2,23,ENSEMBL:ENSG00000162645|ENSEMBL:ENSP00000359497|ENSEMBL:ENSP00000359497.3|ENSEMBL:ENSP00000434282|ENSEMBL:ENSP00000434282.1|ENSEMBL:ENSP00000545631|ENSEMBL:ENSP00000545631.1|ENSEMBL:ENSP00000545632|ENSEMBL:ENSP00000545632.1|HGNC:4183|MESH:C534329|NCBIGENE:2634|NCIT:C189206|NCIT:C189210|OMIM:600412|PR:000007875|PR:P32456|REACT:R-HSA-1015673|REACT:R-HSA-8962791|UMLS:C1415004|UMLS:C2603470|UNIPROTKB:P32456|UNIPROTKB:Q8TCE5
GCG|P01275,CRE_P01275|GCG,22,ENSEMBL:ENSG00000115263|ENSEMBL:ENSP00000364647|ENSEMBL:ENSP00000364647.3|ENSEMBL:ENSP00000387662|ENSEMBL:ENSP00000387662.2|HGNC:4191|NCBIGENE:2641|NCIT:C136747|NCIT:C190208|NCIT:C190209|NCIT:C2268|NCIT:C24422|OMIM:138030|PR:P01275|REACT:R-HSA-5653043|UMLS:C0061355|UMLS:C0772088|UMLS:C1333664|UMLS:C4520795|UMLS:C5781083|UMLS:C5781577|UNIPROTKB:P01275
GCNT1|Q02742,CRE_Q02742|GCNT1,59,ENSEMBL:ENSG00000187210|ENSEMBL:ENSP00000365920|ENSEMBL:ENSP00000365920.4|ENSEMBL:ENSP00000390703|ENSEMBL:ENSP00000390703.2|ENSEMBL:ENSP00000415454|ENSEMBL:ENSP00000415454.1|ENSEMBL:ENSP00000559426|ENSEMBL:ENSP00000559426.1|ENSEMBL:ENSP00000559427|ENSEMBL:ENSP00000559427.1|ENSEMBL:ENSP00000559428|ENSEMBL:ENSP00000559428.1|ENSEMBL:ENSP00000559429|ENSEMBL:ENSP00000559429.1|ENSEMBL:ENSP00000559430|ENSEMBL:ENSP00000559430.1|ENSEMBL:ENSP00000559431|ENSEMBL:ENSP00000559431.1|ENSEMBL:ENSP00000559432|ENSEMBL:ENSP00000559432.1|ENSEMBL:ENSP00000559433|ENSEMBL:ENSP00000559433.1|ENSEMBL:ENSP00000605272|ENSEMBL:ENSP00000605272.1|ENSEMBL:ENSP00000605273|ENSEMBL:ENSP00000605273.1|ENSEMBL:ENSP00000605274|ENSEMBL:ENSP00000605274.1|ENSEMBL:ENSP00000605275|ENSEMBL:ENSP00000605275.1|ENSEMBL:ENSP00000605276|ENSEMBL:ENSP00000605276.1|ENSEMBL:ENSP00000605277|ENSEMBL:ENSP00000605277.1|ENSEMBL:ENSP00000605278|ENSEMBL:ENSP00000605278.1|ENSEMBL:ENSP00000605279|ENSEMBL:ENSP00000605279.1|ENSEMBL:ENSP00000605280|ENSEMBL:ENSP00000605280.1|ENSEMBL:ENSP00000605281|ENSEMBL:ENSP00000605281.1|ENSEMBL:ENSP00000605282|ENSEMBL:ENSP00000605282.1|ENSEMBL:ENSP00000605283|ENSEMBL:ENSP00000605283.1|ENSEMBL:ENSP00000630847|ENSEMBL:ENSP00000630847.1|ENSEMBL:ENSP00000630848|ENSEMBL:ENSP00000630848.1|HGNC:4203|NCBIGENE:2650|OMIM:600391|PR:Q02742|REACT:R-HSA-914020|UMLS:C1415021|UMLS:C1622795|UNIPROTKB:Q02742
GDF15|Q99988,CVD3_Q99988|GDF15,17,ENSEMBL:ENSG00000130513|ENSEMBL:ENSP00000252809|ENSEMBL:ENSP00000252809.3|ENSEMBL:ENSP00000469819|ENSEMBL:ENSP00000469819.2|ENSEMBL:ENSP00000470531|ENSEMBL:ENSP00000470531.3|HGNC:30142|MESH:C526140|NCBIGENE:9518|NCIT:C24679|NCIT:C34026|OMIM:605312|PR:Q99988|UMLS:C1335222|UMLS:C1431343|UNIPROTKB:Q99988
GDF2|Q9UK05,CVD2_Q9UK05|GDF2,16,ENSEMBL:ENSG00000263761|ENSEMBL:ENSP00000463051|ENSEMBL:ENSP00000463051.1|HGNC:4217|MESH:C525887|NCBIGENE:2658|NCIT:C126995|NCIT:C126997|OMIM:605120|PR:Q9UK05|REACT:R-HSA-3222335|UMLS:C1415033|UMLS:C2003591|UMLS:C4282428|UNIPROTKB:B2RC63|UNIPROTKB:Q9UK05
GDNF|P39905,INF_P39905|GDNF,15,ENSEMBL:ENSG00000168621|HGNC:4232|MESH:C495039|NCBIGENE:2668|NCIT:C20446|NCIT:C28465|OMIM:600837|PR:P39905|REACT:R-HSA-375061|REACT:R-HSA-9830759|UMLS:C1333669|UMLS:C1530963|UNIPROTKB:A0A0S2Z3T2|UNIPROTKB:A0A0S2Z3V2|UNIPROTKB:P39905
GDNF|P39905,NEU1_P39905|GDNF,15,ENSEMBL:ENSG00000168621|HGNC:4232|MESH:C495039|NCBIGENE:2668|NCIT:C20446|NCIT:C28465|OMIM:600837|PR:P39905|REACT:R-HSA-375061|REACT:R-HSA-9830759|UMLS:C1333669|UMLS:C1530963|UNIPROTKB:A0A0S2Z3T2|UNIPROTKB:A0A0S2Z3V2|UNIPROTKB:P39905
GFER|P55789,ONC3_P55789|GFER,10,ENSEMBL:ENSG00000127554|HGNC:4236|MESH:C500897|NCBIGENE:2671|OMIM:600924|PR:P55789|REACT:R-HSA-1252051|UMLS:C1415043|UMLS:C1569674|UNIPROTKB:P55789
GFRA1|P56159,NEU1_P56159|GFRA1,11,ENSEMBL:ENSG00000151892|HGNC:4243|MESH:C494987|NCBIGENE:2674|OMIM:601496|PR:P56159|REACT:R-HSA-375067|UMLS:C1415048|UMLS:C1530926|UNIPROTKB:B7Z856|UNIPROTKB:P56159
GFRA2|O00451,CRE_O00451|GFRA2,14,ENSEMBL:ENSG00000168546|HGNC:4244|MESH:C494990|NCBIGENE:2675|NCIT:C24428|NCIT:C26389|OMIM:601956|PR:000007949|PR:O00451|PTHR10269:SF4|REACT:R-HSA-434901|UMLS:C1333672|UMLS:C1457885|UNIPROTKB:O00451
GFRA3|O60609,NEU1_O60609|GFRA3,10,ENSEMBL:ENSG00000146013|HGNC:4245|MESH:C494993|NCBIGENE:2676|OMIM:605710|PR:O60609|REACT:R-HSA-8853796|UMLS:C1415049|UMLS:C1530936|UNIPROTKB:O60609
GGA1|Q9UJY5,ONC3_Q9UJY5|GGA1,10,ENSEMBL:ENSG00000100083|HGNC:17842|NCBIGENE:26088|OMIM:606004|PR:Q9UJY5|REACT:R-HSA-5692930|REACT:R-HSA-8854136|UMLS:C1425123|UMLS:C1431951|UNIPROTKB:Q9UJY5
GGT5|P36269,NEX_P36269|GGT5,12,ENSEMBL:ENSG00000099998|HGNC:4260|MESH:C000723029|NCBIGENE:2687|OMIM:137168|PR:P36269|REACT:R-HSA-265312|REACT:R-HSA-265313|UMLS:C1415061|UMLS:C5772798|UNIPROTKB:B4DEL3|UNIPROTKB:P36269
GH1|P01241,CVD2_P01241|GH1,8,NCIT:C120371|NCIT:C2288|PR:P01241|UMLS:C1333673|UMLS:C4055381|UNIPROTKB:B1A4G6|UNIPROTKB:B1A4G7|UNIPROTKB:P01241
GH2|P01242,CRE_P01242|GH2,12,ENSEMBL:ENSG00000136487|HGNC:4262|MESH:C064980|NCBIGENE:2689|OMIM:139240|PR:P01242|REACT:R-HSA-8942970|REACT:R-HSA-982809|UMLS:C0084063|UMLS:C1415062|UNIPROTKB:A0A0M6L0J9|UNIPROTKB:P01242
GHRL|Q9UBU3,MET_Q9UBU3|GHRL,33,ENSEMBL:ENSG00000157017|HGNC:18129|MESH:C515349|NCBIGENE:51738|NCIT:C104427|NCIT:C104429|OMIM:605353|PR:Q9UBU3|REACT:R-HSA-422027|REACT:R-HSA-422030|REACT:R-HSA-422031|REACT:R-HSA-422035|REACT:R-HSA-422036|REACT:R-HSA-422039|REACT:R-HSA-422041|REACT:R-HSA-422043|REACT:R-HSA-422044|REACT:R-HSA-422052|REACT:R-HSA-422053|REACT:R-HSA-422054|REACT:R-HSA-422066|REACT:R-HSA-422069|REACT:R-HSA-422086|REACT:R-HSA-422089|REACT:R-HSA-422090|REACT:R-HSA-422099|REACT:R-HSA-422100|REACT:R-HSA-422102|REACT:R-HSA-5652756|UMLS:C0916615|UMLS:C1825346|UMLS:C1870739|UNIPROTKB:Q9UBU3
GKN1|Q9NS71,CRE_Q9NS71|GKN1,16,ENSEMBL:ENSG00000169605|ENSEMBL:ENSP00000367172|ENSEMBL:ENSP00000367172.3|ENSEMBL:ENSP00000501093|ENSEMBL:ENSP00000501093.2|HGNC:23217|MESH:C477000|NCBIGENE:56287|OMIM:606402|PR:Q9NS71|UMLS:C1311366|UMLS:C1427996|UNIPROTKB:A0A6E1W6Y3|UNIPROTKB:A0A8I5KHR1|UNIPROTKB:Q53YU7|UNIPROTKB:Q9NS71
GLB1|P16278,IRE_P16278|GLB1,27,ENSEMBL:ENSG00000170266|ENSEMBL:ENSP00000305920|ENSEMBL:ENSP00000305920.8|ENSEMBL:ENSP00000306920|ENSEMBL:ENSP00000306920.4|ENSEMBL:ENSP00000382333|ENSEMBL:ENSP00000382333.2|HGNC:4298|MESH:C061901|NCBIGENE:2720|NCIT:C107436|NCIT:C107438|OMIM:611458|PR:P16278|REACT:R-HSA-1605623|REACT:R-HSA-2262732|REACT:R-HSA-2262735|REACT:R-HSA-2262738|REACT:R-HSA-2262739|REACT:R-HSA-6799124|REACT:R-HSA-6800968|REACT:R-HSA-6806213|UMLS:C1256865|UMLS:C1415090|UNIPROTKB:B7Z6Q5|UNIPROTKB:E7EQ29|UNIPROTKB:P16278
GLO1|Q04760,CVD2_Q04760|GLO1,11,ENSEMBL:ENSG00000124767|HGNC:4323|MESH:C000597196|NCBIGENE:2739|OMIM:138750|PR:Q04760|REACT:R-HSA-5694127|UMLS:C1415104|UMLS:C4042260|UNIPROTKB:Q04760|UNIPROTKB:X5DNM4
GLRX|P35754,MET_P35754|GLRX,39,ENSEMBL:ENSG00000173221|ENSEMBL:ENSP00000237858|ENSEMBL:ENSP00000237858.6|ENSEMBL:ENSP00000369314|ENSEMBL:ENSP00000369314.4|ENSEMBL:ENSP00000422708|ENSEMBL:ENSP00000422708.1|ENSEMBL:ENSP00000424636|ENSEMBL:ENSP00000424636.2|ENSEMBL:ENSP00000427353|ENSEMBL:ENSP00000427353.1|ENSEMBL:ENSP00000577679|ENSEMBL:ENSP00000577679.1|ENSEMBL:ENSP00000577680|ENSEMBL:ENSP00000577680.1|ENSEMBL:ENSP00000577681|ENSEMBL:ENSP00000577681.1|ENSEMBL:ENSP00000608061|ENSEMBL:ENSP00000608061.1|ENSEMBL:ENSP00000608062|ENSEMBL:ENSP00000608062.1|ENSEMBL:ENSP00000608063|ENSEMBL:ENSP00000608063.1|ENSEMBL:ENSP00000608064|ENSEMBL:ENSP00000608064.1|ENSEMBL:ENSP00000628210|ENSEMBL:ENSP00000628210.1|HGNC:4330|MESH:C516005|NCBIGENE:2745|NCIT:C116580|NCIT:C116582|OMIM:600443|PR:P35754|REACT:R-HSA-111740|REACT:R-HSA-55729|UMLS:C1415111|UMLS:C1870389|UNIPROTKB:P35754
GNLY|P22749,CAM_P22749|GNLY,18,ENSEMBL:ENSG00000115523|ENSEMBL:ENSP00000436423|ENSEMBL:ENSP00000436423.1|HGNC:4414|MESH:C075005|NCBIGENE:10578|NCIT:C120946|NCIT:C120948|OMIM:188855|PR:000008119|PR:P22749|REACT:R-HSA-6806691|REACT:R-HSA-6807564|UMLS:C1415164|UMLS:C1437538|UNIPROTKB:B4E3H9|UNIPROTKB:F6U7F4|UNIPROTKB:P22749
GOPC|Q9HD26,ONC3_Q9HD26|GOPC,17,CHEMBL.TARGET:CHEMBL1741218|ENSEMBL:ENSG00000047932|HGNC:17643|MESH:C434484|NCBIGENE:57120|NCIT:C97546|NCIT:C97548|OMIM:606845|PR:000008147|PR:Q9HD26|REACT:R-HSA-5626572|REACT:R-HSA-5627067|REACT:R-HSA-5627281|UMLS:C1425021|UMLS:C1432250|UMLS:C3273483|UNIPROTKB:Q9HD26
GP1BA|P07359,CAM_P07359|GP1BA,22,ENSEMBL:ENSG00000185245|ENSEMBL:ENSP00000329380|ENSEMBL:ENSP00000329380.5|ENSEMBL:LRG_480|HGNC:4439|LOINC:LP432658-5|NCBIGENE:2811|NCIT:C126546|NCIT:C126548|OMIM:606672|PR:P07359|REACT:R-HSA-55861|REACT:R-HSA-8936595|REACT:R-HSA-9844197|REACT:R-HSA-9844240|REACT:R-HSA-9844257|REACT:R-HSA-9844258|REACT:R-HSA-9844280|UMLS:C1415186|UMLS:C1454968|UNIPROTKB:L7UYB8|UNIPROTKB:P07359
GP6|Q9HCN6,CVD3_Q9HCN6|GP6,19,ENSEMBL:ENSG00000088053|ENSEMBL:ENSG00000274050|ENSEMBL:ENSG00000274566|ENSEMBL:ENSG00000275633|ENSEMBL:ENSG00000275931|ENSEMBL:ENSG00000276065|ENSEMBL:ENSG00000276211|ENSEMBL:ENSG00000277439|ENSEMBL:ENSG00000278316|ENSEMBL:ENSG00000278670|ENSEMBL:LRG_560|HGNC:14388|NCBIGENE:51206|OMIM:605546|PR:Q9HCN6|REACT:R-HSA-114574|UMLS:C1422611|UMLS:C1743474|UNIPROTKB:Q9HCN6
GPA33|Q99795,ONC3_Q99795|GPA33,15,ENSEMBL:ENSG00000143167|ENSEMBL:ENSP00000356842|ENSEMBL:ENSP00000356842.3|ENSEMBL:ENSP00000573122|ENSEMBL:ENSP00000573122.1|HGNC:4445|MESH:C104258|NCBIGENE:10223|NCIT:C24441|NCIT:C29621|OMIM:602171|PR:Q99795|UMLS:C1333827|UMLS:C1364020|UNIPROTKB:Q99795
GPC1|P35052,ONC2_P35052|GPC1,18,ENSEMBL:ENSG00000063660|ENSEMBL:ENSP00000415077|ENSEMBL:ENSP00000415077.2|HGNC:4449|MESH:C000621866|NCBIGENE:2817|NCIT:C131290|NCIT:C131293|OMIM:600395|PR:000008163|PR:P35052|UMLS:C1415193|UMLS:C1706284|UMLS:C4318397|UMLS:C4548439|UNIPROTKB:A0A384NPH9|UNIPROTKB:H7C410|UNIPROTKB:P35052
GPC5|P78333,NEU1_P78333|GPC5,15,ENSEMBL:ENSG00000179399|ENSEMBL:ENSP00000366267|ENSEMBL:ENSP00000366267.3|HGNC:4453|MESH:C106228|NCBIGENE:2262|NCIT:C88170|NCIT:C88172|OMIM:602446|PR:000008167|PR:P78333|UMLS:C0539530|UMLS:C1415197|UMLS:C1571489|UNIPROTKB:P78333
GPNMB|Q14956,NEX_Q14956|GPNMB,20,CHEMBL.TARGET:CHEMBL3712919|ENSEMBL:ENSG00000136235|ENSEMBL:ENSP00000386476|ENSEMBL:ENSP00000386476.3|HGNC:4462|MESH:C503042|NCBIGENE:10457|NCIT:C113114|NCIT:C113116|OMIM:604368|PR:000008183|PR:Q14956|REACT:R-HSA-8857550|REACT:R-HSA-8857558|UMLS:C1415205|UMLS:C1610285|UMLS:C3813203|UNIPROTKB:F6UJV1|UNIPROTKB:Q14956|UNIPROTKB:Q96F58
GPNMB|Q14956,ONC2_Q14956|GPNMB,20,CHEMBL.TARGET:CHEMBL3712919|ENSEMBL:ENSG00000136235|ENSEMBL:ENSP00000386476|ENSEMBL:ENSP00000386476.3|HGNC:4462|MESH:C503042|NCBIGENE:10457|NCIT:C113114|NCIT:C113116|OMIM:604368|PR:000008183|PR:Q14956|REACT:R-HSA-8857550|REACT:R-HSA-8857558|UMLS:C1415205|UMLS:C1610285|UMLS:C3813203|UNIPROTKB:F6UJV1|UNIPROTKB:Q14956|UNIPROTKB:Q96F58
GRAP2|O75791,MET_O75791|GRAP2,16,ENSEMBL:ENSG00000100351|HGNC:4563|MESH:C409587|NCBIGENE:9402|NCIT:C189229|NCIT:C189233|OMIM:604518|PR:000008220|PR:O75791|REACT:R-HSA-202367|UMLS:C0914970|UMLS:C1415284|UNIPROTKB:B7Z8E3|UNIPROTKB:B7Z8F8|UNIPROTKB:O75791|UNIPROTKB:Q6FI14
GRN|P28799,CVD3_P28799|GRN,17,ENSEMBL:ENSG00000030582|ENSEMBL:LRG_661|HGNC:4601|LOINC:LP207901-2|LOINC:LP288264-7|MESH:C492314|NCBIGENE:2896|NCIT:C101401|NCIT:C101403|OMIM:138945|PR:000008271|PR:P28799|REACT:R-HSA-6799168|REACT:R-HSA-6806217|UMLS:C1415311|UMLS:C1453193|UNIPROTKB:P28799
GSAP|A4D1B5,CRE_A4D1B5|GSAP,9,ENSEMBL:ENSG00000186088|HGNC:28042|MESH:C552289|NCBIGENE:54103|OMIM:613552|PR:A4D1B5|UMLS:C2678557|UMLS:C2974505|UNIPROTKB:A4D1B5
GSTP1|P09211,NEX_P09211|GSTP1,22,ENSEMBL:ENSG00000084207|ENSEMBL:ENSP00000381607|ENSEMBL:ENSP00000381607.3|ENSEMBL:LRG_723|HGNC:4638|LOINC:LP288632-5|MESH:C496556|NCBIGENE:2950|NCIT:C18049|NCIT:C18519|OMIM:134660|PR:000029113|PR:P09211|REACT:R-HSA-176051|REACT:R-HSA-6801488|REACT:R-HSA-6801490|REACT:R-HSA-6806461|UMLS:C0017833|UMLS:C0622841|UMLS:C0919451|UNIPROTKB:P09211|UNIPROTKB:V9HWE9
GUSB|P08236,DEV_P08236|GUSB,19,ENSEMBL:ENSG00000169919|HGNC:4696|NCBIGENE:2990|NCIT:C148004|NCIT:C148006|OMIM:611499|PR:P08236|REACT:R-HSA-1678846|REACT:R-HSA-2318372|REACT:R-HSA-2318376|REACT:R-HSA-2318382|REACT:R-HSA-2318391|REACT:R-HSA-2318584|REACT:R-HSA-6799122|REACT:R-HSA-6800967|REACT:R-HSA-6806207|UMLS:C1439345|UMLS:C4553956|UNIPROTKB:P08236
GZMA|P12544,NEU1_P12544|GZMA,15,CHEMBL.TARGET:CHEMBL2101|CHEMBL.TARGET:CHEMBL4307|ENSEMBL:ENSG00000145649|HGNC:4708|MESH:C509212|NCBIGENE:3001|NCIT:C121488|NCIT:C121490|OMIM:140050|PR:000003502|PR:P12544|UMLS:C0061877|UMLS:C1313497|UMLS:C1415379|UNIPROTKB:P12544
GZMB|P10144,ONC2_P10144|GZMB,24,CHEMBL.TARGET:CHEMBL2316|ENSEMBL:ENSG00000100453|ENSEMBL:ENSP00000216341|ENSEMBL:ENSP00000216341.4|ENSEMBL:ENSP00000387385|ENSEMBL:ENSP00000387385.3|HGNC:4709|MESH:C509213|NCBIGENE:3002|NCIT:C104263|NCIT:C104268|OMIM:123910|PR:000003499|PR:P10144|REACT:R-HSA-2976052|REACT:R-HSA-55915|REACT:R-HSA-6807037|UMLS:C0061878|UMLS:C1415380|UMLS:C1567160|UNIPROTKB:J3KQ52|UNIPROTKB:P10144|UNIPROTKB:Q67BC3|UNIPROTKB:Q6XGZ4
GZMH|P20718,ONC2_P20718|GZMH,10,ENSEMBL:ENSG00000100450|HGNC:4710|MESH:C069434|NCBIGENE:2999|OMIM:116831|PR:P20718|REACT:R-HSA-2990875|UMLS:C1415381|UMLS:C1700370|UNIPROTKB:P20718
HAGH|Q16775,NEU1_Q16775|HAGH,11,ENSEMBL:ENSG00000063854|ENSEMBL:ENSP00000455422|ENSEMBL:ENSP00000455422.1|HGNC:4805|NCBIGENE:3029|OMIM:138760|PR:Q16775|REACT:R-HSA-6783219|UMLS:C1415464|UNIPROTKB:H3BPQ4|UNIPROTKB:Q16775
HAO1|Q9UJM8,CVD2_Q9UJM8|HAO1,14,ENSEMBL:ENSG00000101323|ENSEMBL:ENSP00000368066|ENSEMBL:ENSP00000368066.3|HGNC:4809|MESH:C408463|NCBIGENE:54363|OMIM:605023|PR:Q9UJM8|REACT:R-HSA-389824|REACT:R-HSA-9033108|UMLS:C0914434|UMLS:C1415468|UNIPROTKB:A8K058|UNIPROTKB:Q9UJM8
HAVCR1|Q96D42,CVD2_Q96D42|HAVCR1,25,ENSEMBL:ENSG00000113249|ENSEMBL:ENSP00000344844|ENSEMBL:ENSP00000344844.3|ENSEMBL:ENSP00000427898|ENSEMBL:ENSP00000427898.1|ENSEMBL:ENSP00000428524|ENSEMBL:ENSP00000428524.1|ENSEMBL:ENSP00000623732|ENSEMBL:ENSP00000623732.1|ENSEMBL:ENSP00000623733|ENSEMBL:ENSP00000623733.1|HGNC:17866|MESH:C491143|NCBIGENE:26762|NCIT:C116606|NCIT:C116608|OMIM:606518|PR:Q96D42|REACT:R-HSA-5660386|UMLS:C1313407|UMLS:C1425141|UNIPROTKB:B4DPB1|UNIPROTKB:E9PFX0|UNIPROTKB:F1CME7|UNIPROTKB:Q96D42
HAVCR1|Q96D42,ODA_Q96D42|HAVCR1,25,ENSEMBL:ENSG00000113249|ENSEMBL:ENSP00000344844|ENSEMBL:ENSP00000344844.3|ENSEMBL:ENSP00000427898|ENSEMBL:ENSP00000427898.1|ENSEMBL:ENSP00000428524|ENSEMBL:ENSP00000428524.1|ENSEMBL:ENSP00000623732|ENSEMBL:ENSP00000623732.1|ENSEMBL:ENSP00000623733|ENSEMBL:ENSP00000623733.1|HGNC:17866|MESH:C491143|NCBIGENE:26762|NCIT:C116606|NCIT:C116608|OMIM:606518|PR:Q96D42|REACT:R-HSA-5660386|UMLS:C1313407|UMLS:C1425141|UNIPROTKB:B4DPB1|UNIPROTKB:E9PFX0|UNIPROTKB:F1CME7|UNIPROTKB:Q96D42
HAVCR2|Q8TDQ0,DEV_Q8TDQ0|HAVCR2,12,ENSEMBL:ENSG00000135077|HGNC:18437|MESH:C448908|NCBIGENE:84868|NCIT:C104276|NCIT:C104278|OMIM:606652|PR:Q8TDQ0|REACT:R-HSA-5340408|UMLS:C1120826|UMLS:C1425514|UNIPROTKB:Q8TDQ0
HBEGF|Q99075,CVD2_Q99075|HBEGF,25,ENSEMBL:ENSG00000113070|ENSEMBL:ENSP00000230990|ENSEMBL:ENSP00000230990.6|ENSEMBL:ENSP00000620503|ENSEMBL:ENSP00000620503.1|HGNC:3059|MESH:C587883|NCBIGENE:1839|NCIT:C118380|NCIT:C24353|NCIT:C26123|OMIM:126150|PR:Q99075|REACT:R-HSA-1233234|REACT:R-HSA-2179390|REACT:R-HSA-2179391|REACT:R-HSA-2179406|REACT:R-HSA-5334776|REACT:R-HSA-5334782|REACT:R-HSA-9624270|REACT:R-HSA-9628819|UMLS:C1539630|UMLS:C3884528|UMLS:C3888283|UNIPROTKB:Q99075
HBQ1|P09105,ONC3_P09105|HBQ1,14,ENSEMBL:ENSG00000086506|ENSEMBL:ENSP00000199708|ENSEMBL:ENSP00000199708.2|HGNC:4833|NCBIGENE:3049|NCIT:C84969|NCIT:C84974|OMIM:142240|PR:000008464|PR:P09105|UMLS:C1415487|UMLS:C2827571|UNIPROTKB:A0A1K0GUV5|UNIPROTKB:P09105
HCLS1|P14317,IRE_P14317|HCLS1,12,ENSEMBL:ENSG00000180353|ENSEMBL:ENSP00000387645|ENSEMBL:ENSP00000387645.2|HGNC:4844|MESH:C061909|NCBIGENE:3059|OMIM:601306|PR:P14317|UMLS:C0122595|UMLS:C1415497|UNIPROTKB:E7EVW7|UNIPROTKB:P14317
HDGF|P51858,MET_P51858|HDGF,12,ENSEMBL:ENSG00000143321|HGNC:4856|NCBIGENE:3068|OMIM:600339|PR:P51858|REACT:R-HSA-535593|REACT:R-HSA-5642236|UMLS:C1415506|UNIPROTKB:A0A384NPW1|UNIPROTKB:A8K8G0|UNIPROTKB:B7Z958|UNIPROTKB:P51858
HEXIM1|O94992,IRE_O94992|HEXIM1,16,CHEMBL.TARGET:CHEMBL3120044|ENSEMBL:ENSG00000186834|ENSEMBL:ENSP00000328773|ENSEMBL:ENSP00000328773.3|HGNC:24953|MESH:C476123|NCBIGENE:10614|NCIT:C112915|NCIT:C112917|OMIM:607328|PR:000008526|PR:O94992|UMLS:C1260118|UMLS:C1825463|UMLS:C3813181|UNIPROTKB:O94992
HGF|P14210,INF_P14210|HGF,17,ENSEMBL:ENSG00000019991|HGNC:4893|MESH:C066855|NCBIGENE:3082|NCIT:C20428|NCIT:C24467|OMIM:142409|PR:P14210|REACT:R-HSA-139866|REACT:R-HSA-141764|REACT:R-HSA-141767|REACT:R-HSA-56497|REACT:R-HSA-6800218|REACT:R-HSA-8948362|UMLS:C1442521|UMLS:C1447107|UNIPROTKB:P14210
HGF|P14210,ONC2_P14210|HGF,17,ENSEMBL:ENSG00000019991|HGNC:4893|MESH:C066855|NCBIGENE:3082|NCIT:C20428|NCIT:C24467|OMIM:142409|PR:P14210|REACT:R-HSA-139866|REACT:R-HSA-141764|REACT:R-HSA-141767|REACT:R-HSA-56497|REACT:R-HSA-6800218|REACT:R-HSA-8948362|UMLS:C1442521|UMLS:C1447107|UNIPROTKB:P14210
HLA-E|P13747,ONC3_P13747|HLA-E,48,ENSEMBL:ENSG00000204592|ENSEMBL:ENSG00000206493|ENSEMBL:ENSG00000225201|ENSEMBL:ENSG00000229252|ENSEMBL:ENSG00000230254|ENSEMBL:ENSG00000233904|ENSEMBL:ENSG00000236632|ENSEMBL:ENSP00000365817|ENSEMBL:ENSP00000365817.4|ENSEMBL:ENSP00000373091|ENSEMBL:ENSP00000373091.4|ENSEMBL:ENSP00000390707|ENSEMBL:ENSP00000390707.2|ENSEMBL:ENSP00000397420|ENSEMBL:ENSP00000397420.2|ENSEMBL:ENSP00000400458|ENSEMBL:ENSP00000400458.2|ENSEMBL:ENSP00000402694|ENSEMBL:ENSP00000402694.2|ENSEMBL:ENSP00000409910|ENSEMBL:ENSP00000409910.2|ENSEMBL:ENSP00000566696|ENSEMBL:ENSP00000566696.1|ENSEMBL:ENSP00000566697|ENSEMBL:ENSP00000566697.1|ENSEMBL:ENSP00000566699|ENSEMBL:ENSP00000566699.1|HGNC:4962|MESH:D000097625|NCBIGENE:3133|NCIT:C179682|NCIT:C179684|OMIM:143010|PR:P13747|REACT:R-HSA-1236744|REACT:R-HSA-1236793|REACT:R-HSA-197643|REACT:R-HSA-8863974|REACT:R-HSA-8962643|REACT:R-HSA-983090|REACT:R-HSA-983339|REACT:R-HSA-983407|UMLS:C0062887|UMLS:C1415585|UNIPROTKB:A0A4E9D3W4|UNIPROTKB:A8K8M6|UNIPROTKB:O19682|UNIPROTKB:P13747
HMBS|P08397,ONC3_P08397|HMBS,23,CHEMBL.TARGET:CHEMBL3988601|ENSEMBL:ENSG00000256269|ENSEMBL:ENSP00000392041|ENSEMBL:ENSP00000392041.3|ENSEMBL:ENSP00000509288|ENSEMBL:ENSP00000509288.1|ENSEMBL:LRG_1076|HGNC:4982|LOINC:LP15810-2|LOINC:LP417400-1|MESH:D011163|NCBIGENE:3145|NCIT:C219078|OMIM:609806|PR:000008623|PR:P08397|REACT:R-HSA-3004609|SNOMEDCT:30690009|UMLS:C0032706|UMLS:C1415597|UNIPROTKB:A0A3F2YNY7|UNIPROTKB:A0A8I5KXV4|UNIPROTKB:P08397
HMOX1|P09601,CVD2_P09601|HMOX1,19,ENSEMBL:ENSG00000100292|ENSEMBL:ENSP00000216117|ENSEMBL:ENSP00000216117.8|HGNC:5013|MESH:C496541|NCBIGENE:3162|NCIT:C43314|NCIT:C43318|OMIM:141250|PR:P09601|REACT:R-HSA-189395|REACT:R-HSA-6789487|REACT:R-HSA-9609901|REACT:R-HSA-9708524|REACT:R-HSA-9708567|UMLS:C1415619|UMLS:C1565861|UNIPROTKB:P09601|UNIPROTKB:Q6FH11
HMOX2|P30519,NEX_P30519|HMOX2,18,ENSEMBL:ENSG00000103415|ENSEMBL:ENSG00000277424|ENSEMBL:ENSP00000477572|ENSEMBL:ENSP00000477572.1|ENSEMBL:ENSP00000480515|ENSEMBL:ENSP00000480515.1|HGNC:5014|NCBIGENE:3163|OMIM:141251|PR:P30519|REACT:R-HSA-189391|REACT:R-HSA-6799628|REACT:R-HSA-6799676|UMLS:C1415620|UMLS:C1739019|UNIPROTKB:A0A087WT44|UNIPROTKB:B3KSE0|UNIPROTKB:P30519
HNMT|P50135,IRE_P50135|HNMT,9,ENSEMBL:ENSG00000150540|HGNC:5028|NCBIGENE:3176|OMIM:605238|PR:P50135|REACT:R-HSA-175994|UMLS:C1415632|UNIPROTKB:B4DWC1|UNIPROTKB:P50135
HPGDS|O60760,ODA_O60760|HPGDS,13,ENSEMBL:ENSG00000163106|ENSEMBL:ENSP00000295256|ENSEMBL:ENSP00000295256.5|HGNC:17890|MESH:C000628111|NCBIGENE:27306|OMIM:602598|PR:O60760|REACT:R-HSA-2142706|UMLS:C1865138|UMLS:C2973990|UNIPROTKB:A0A384P5J0|UNIPROTKB:O60760
HS3ST3B1|Q9Y662,CRE_Q9Y662|HS3ST3B1,12,ENSEMBL:ENSG00000125430|ENSEMBL:ENSP00000354213|ENSEMBL:ENSP00000354213.2|ENSEMBL:ENSP00000436078|ENSEMBL:ENSP00000436078.1|HGNC:5198|NCBIGENE:9953|OMIM:604058|PR:Q9Y662|REACT:R-HSA-2076399|UMLS:C1415731|UNIPROTKB:Q9Y662
HS6ST1|O60243,CRE_O60243|HS6ST1,8,ENSEMBL:ENSG00000136720|HGNC:5201|NCBIGENE:9394|OMIM:604846|PR:O60243|REACT:R-HSA-2076504|UMLS:C1415734|UNIPROTKB:O60243
HSD11B1|P28845,IRE_P28845|HSD11B1,18,ENSEMBL:ENSG00000117594|ENSEMBL:ENSP00000355994|ENSEMBL:ENSP00000355994.3|ENSEMBL:ENSP00000355995|ENSEMBL:ENSP00000355995.1|HGNC:5208|MESH:C468386|NCBIGENE:3290|NCIT:C113165|NCIT:C113167|OMIM:600713|PR:P28845|REACT:R-HSA-193975|UMLS:C1310540|UMLS:C1415736|UMLS:C3715112|UNIPROTKB:P28845|UNIPROTKB:X5D2L1
HSP90B1|P14625,NEX_P14625|HSP90B1,18,ENSEMBL:ENSG00000166598|ENSEMBL:ENSP00000299767|ENSEMBL:ENSP00000299767.4|HGNC:12028|NCBIGENE:7184|NCIT:C117268|NCIT:C117270|OMIM:191175|PR:P14625|REACT:R-HSA-3221623|REACT:R-HSA-3221653|REACT:R-HSA-5642304|REACT:R-HSA-8957016|REACT:R-HSA-981545|UMLS:C1609942|UMLS:C1825546|UNIPROTKB:P14625|UNIPROTKB:V9HWP2
HSPB1|P04792,CVD2_P04792|HSPB1,20,ENSEMBL:ENSG00000106211|ENSEMBL:ENSP00000248553|ENSEMBL:ENSP00000248553.6|ENSEMBL:LRG_248|HGNC:5246|LOINC:LP418791-2|MESH:C057725|NCBIGENE:3315|NCIT:C16671|NCIT:C21092|OMIM:602195|PR:P04792|REACT:R-HSA-450563|REACT:R-HSA-4793786|REACT:R-HSA-5218697|REACT:R-HSA-5687009|UMLS:C1333928|UMLS:C1447061|UNIPROTKB:P04792|UNIPROTKB:V9HW43
HSPB6|O14558,ONC3_O14558|HSPB6,12,ENSEMBL:ENSG00000004776|ENSEMBL:ENSP00000004982|ENSEMBL:ENSP00000004982.3|HGNC:26511|MESH:C494382|NCBIGENE:126393|OMIM:610695|PR:O14558|UMLS:C1530437|UMLS:C1537388|UNIPROTKB:O14558|UNIPROTKB:V9HWB6
HSPG2|P98160,CVD3_P98160|HSPG2,14,ENSEMBL:ENSG00000142798|ENSEMBL:ENSP00000363827|ENSEMBL:ENSP00000363827.3|HGNC:5273|NCBIGENE:3339|NCIT:C95446|NCIT:C95448|OMIM:142461|PR:000008826|PR:P98160|UMLS:C1415793|UMLS:C1610513|UMLS:C2987155|UNIPROTKB:P98160
HTRA2|O43464,DEV_O43464|HTRA2,15,ENSEMBL:ENSG00000115317|ENSEMBL:ENSP00000512836|ENSEMBL:ENSP00000512836.1|HGNC:14348|MESH:C000615914|NCBIGENE:27429|OMIM:606441|PR:O43464|REACT:R-HSA-56655|REACT:R-HSA-9856617|UMLS:C1825553|UMLS:C4547180|UNIPROTKB:A0A384MDW9|UNIPROTKB:A0A8Q3SIX7|UNIPROTKB:O43464
ICA1|Q05084,IRE_Q05084|ICA1,10,ENSEMBL:ENSG00000003147|HGNC:5343|MESH:C087054|NCBIGENE:3382|OMIM:147625|PR:Q05084|UMLS:C1415841|UMLS:C1504736|UNIPROTKB:A0A024RA29|UNIPROTKB:Q05084
ICAM1|P05362,CAM_P05362|ICAM1,17,CHV:0000014217|ENSEMBL:ENSG00000090339|ENSEMBL:ENSP00000264832|ENSEMBL:ENSP00000264832.2|HGNC:5344|MESH:C573420|NCBIGENE:3383|NCIT:C17304|NCIT:C21006|OMIM:147840|PR:P05362|REACT:R-HSA-197683|REACT:R-HSA-6785070|UMLS:C1334074|UMLS:C3493229|UNIPROTKB:A0A384MEK5|UNIPROTKB:P05362
ICAM2|P13598,CVD3_P13598|ICAM2,34,ENSEMBL:ENSG00000108622|ENSEMBL:ENSP00000388666|ENSEMBL:ENSP00000388666.1|ENSEMBL:ENSP00000392634|ENSEMBL:ENSP00000392634.2|ENSEMBL:ENSP00000415283|ENSEMBL:ENSP00000415283.1|ENSEMBL:ENSP00000462579|ENSEMBL:ENSP00000462579.1|ENSEMBL:ENSP00000464665|ENSEMBL:ENSP00000464665.1|ENSEMBL:ENSP00000523017|ENSEMBL:ENSP00000523017.1|ENSEMBL:ENSP00000635173|ENSEMBL:ENSP00000635173.1|ENSEMBL:ENSP00000635174|ENSEMBL:ENSP00000635174.1|ENSEMBL:ENSP00000635175|ENSEMBL:ENSP00000635175.1|HGNC:5345|LOINC:LP268906-7|MESH:C065289|NCBIGENE:3384|NCIT:C17503|NCIT:C21008|OMIM:146630|PR:000001358|PR:P13598|REACT:R-HSA-197852|UMLS:C0083027|UMLS:C1317964|UMLS:C1334075|UNIPROTKB:P13598|UNIPROTKB:Q6FHE2
ICAM3|P32942,CAM_P32942|ICAM3,17,ENSEMBL:ENSG00000076662|ENSEMBL:ENSP00000160262|ENSEMBL:ENSP00000160262.3|ENSEMBL:ENSP00000516505|ENSEMBL:ENSP00000516505.1|HGNC:5346|MESH:C483616|NCBIGENE:3385|NCIT:C17504|NCIT:C21013|OMIM:146631|PR:P32942|REACT:R-HSA-197682|UMLS:C1334076|UMLS:C1450173|UNIPROTKB:A0A9L9PXS1|UNIPROTKB:P32942
ICAM4|Q14773,ONC3_Q14773|ICAM4,15,ENSEMBL:ENSG00000105371|ENSEMBL:LRG_809|HGNC:5347|MESH:C095100|NCBIGENE:3386|NCIT:C189997|NCIT:C189999|OMIM:614088|PR:000001359|PR:Q14773|REACT:R-HSA-3450995|UMLS:C1415842|UMLS:C1456805|UNIPROTKB:Q14773|UNIPROTKB:U5U6P8
ICAM5|Q9UMF0,ONC3_Q9UMF0|ICAM5,13,ENSEMBL:ENSG00000105376|ENSEMBL:ENSP00000221980|ENSEMBL:ENSP00000221980.3|HGNC:5348|MESH:C086747|NCBIGENE:7087|OMIM:601852|PR:Q9UMF0|REACT:R-HSA-197684|UMLS:C1415843|UMLS:C1619844|UNIPROTKB:Q8N6I2|UNIPROTKB:Q9UMF0
ICOSLG|O75144,ONC2_O75144|ICOSLG,23,ENSEMBL:ENSG00000160223|ENSEMBL:ENSP00000494882|ENSEMBL:ENSP00000494882.2|ENSEMBL:ENSP00000514957|ENSEMBL:ENSP00000514957.1|ENSEMBL:ENSP00000514960|ENSEMBL:ENSP00000514960.1|HGNC:17087|MESH:C498514|NCBIGENE:23308|NCIT:C118933|NCIT:C118943|OMIM:605717|PR:O75144|REACT:R-HSA-197910|UMLS:C0961804|UMLS:C1424734|UNIPROTKB:A0A2R8Y5W7|UNIPROTKB:A0A8V8TPM3|UNIPROTKB:A0A8V8TQV9|UNIPROTKB:A0N0L8|UNIPROTKB:B7Z1W8|UNIPROTKB:O75144
IDUA|P35475,CVD2_P35475|IDUA,18,ENSEMBL:ENSG00000127415|ENSEMBL:LRG_1277|HGNC:5391|LOINC:LP288291-0|LOINC:LP97942-4|MESH:C000615655|NCBIGENE:3425|NCIT:C115252|NCIT:C115255|OMIM:252800|PR:P35475|REACT:R-HSA-1678661|REACT:R-HSA-2207687|REACT:R-HSA-2207692|REACT:R-HSA-2207700|UMLS:C1442485|UMLS:C4505965|UNIPROTKB:P35475
IFI30|P13284,NEX_P13284|IFI30,13,ENSEMBL:ENSG00000216490|ENSEMBL:ENSP00000384886|ENSEMBL:ENSP00000384886.1|HGNC:5398|MESH:C056859|NCBIGENE:10437|OMIM:604664|PR:P13284|REACT:R-HSA-1031704|REACT:R-HSA-8962951|UMLS:C1415888|UMLS:C1429428|UNIPROTKB:P13284
IFNGR1|P15260,ONC2_P15260|IFNGR1,32,ENSEMBL:ENSG00000027697|ENSEMBL:ENSP00000394230|ENSEMBL:ENSP00000394230.2|ENSEMBL:ENSP00000494069|ENSEMBL:ENSP00000494069.1|ENSEMBL:ENSP00000495103|ENSEMBL:ENSP00000495103.1|ENSEMBL:ENSP00000495272|ENSEMBL:ENSP00000495272.1|ENSEMBL:ENSP00000496387|ENSEMBL:ENSP00000496387.1|ENSEMBL:ENSP00000496549|ENSEMBL:ENSP00000496549.1|ENSEMBL:ENSP00000512814|ENSEMBL:ENSP00000512814.1|ENSEMBL:LRG_66|HGNC:5439|MESH:C000726727|NCBIGENE:3459|NCIT:C37280|NCIT:C37286|OMIM:107470|ORPHANET:122576|PR:P15260|REACT:R-HSA-629623|REACT:R-HSA-873798|UMLS:C1334083|UMLS:C1334195|UNIPROTKB:A0A0S2Z3Y2|UNIPROTKB:A0A2R8Y4U4|UNIPROTKB:A0A2R8YFL3|UNIPROTKB:P15260
IFNGR2|P38484,ONC3_P38484|IFNGR2,24,ENSEMBL:ENSG00000159128|ENSEMBL:ENSG00000262795|ENSEMBL:ENSP00000290219|ENSEMBL:ENSP00000290219.5|ENSEMBL:ENSP00000371425|ENSEMBL:ENSP00000371425.1|ENSEMBL:ENSP00000458487|ENSEMBL:ENSP00000458487.2|ENSEMBL:LRG_67|HGNC:5440|MESH:C086185|NCBIGENE:3460|NCIT:C37287|NCIT:C37288|OMIM:147569|ORPHANET:122580|PR:P38484|REACT:R-HSA-629620|UMLS:C0252549|UMLS:C1334084|UMLS:C1334196|UNIPROTKB:A8K881|UNIPROTKB:E7EUY1|UNIPROTKB:P38484
IFNG|P01579,INF_P01579|IFNG,16,ENSEMBL:ENSG00000111537|ENSEMBL:ENSP00000229135|ENSEMBL:ENSP00000229135.3|HGNC:5438|MESH:C573415|NCBIGENE:3458|NCIT:C20496|NCIT:C28603|OMIM:147570|PR:P01579|REACT:R-HSA-629621|REACT:R-HSA-8877362|UMLS:C1334085|UMLS:C3493224|UNIPROTKB:A0A7R8GUN6|UNIPROTKB:P01579
IFNL1|Q8IU54,NEX_Q8IU54|IFNL1,16,ENSEMBL:ENSG00000182393|ENSEMBL:ENSP00000329991|ENSEMBL:ENSP00000329991.1|ENSEMBL:ENSP00000517467|ENSEMBL:ENSP00000517467.1|HGNC:18363|NCBIGENE:282618|NCIT:C104350|NCIT:C104352|OMIM:607403|PR:000001476|PR:Q8IU54|REACT:R-HSA-448598|UMLS:C1425473|UMLS:C3541295|UNIPROTKB:Q8IU54
IFNLR1|Q8IU57,IRE_Q8IU57|IFNLR1,11,ENSEMBL:ENSG00000185436|HGNC:18584|MESH:C579640|NCBIGENE:163702|OMIM:607404|PR:Q8IU57|REACT:R-HSA-448592|REACT:R-HSA-8987118|UMLS:C1425622|UMLS:C3657682|UNIPROTKB:Q8IU57
IGF1R|P08069,ONC2_P08069|IGF1R,23,ENSEMBL:ENSG00000140443|ENSEMBL:ENSP00000496919|ENSEMBL:ENSP00000496919.1|ENSEMBL:ENSP00000497069|ENSEMBL:ENSP00000497069.1|ENSEMBL:LRG_1055|HGNC:5465|MESH:C000597236|NCBIGENE:3480|NCIT:C120492|NCIT:C17531|NCIT:C20135|OMIM:147370|PDQ:CDR0000257793|PR:P08069|REACT:R-HSA-2404169|REACT:R-HSA-2404172|REACT:R-HSA-2404180|UMLS:C1334088|UMLS:C4044495|UMLS:C4049897|UNIPROTKB:C9J5X1|UNIPROTKB:P08069
IGF2R|P11717,DEV_P11717|IGF2R,22,ENSEMBL:ENSG00000197081|ENSEMBL:ENSP00000349437|ENSEMBL:ENSP00000349437.1|ENSEMBL:LRG_1036|HGNC:5467|MESH:C000632105|NCBIGENE:3482|NCIT:C24487|NCIT:C26253|OMIM:147280|PR:000001333|PR:P11717|REACT:R-HSA-434213|REACT:R-HSA-434345|REACT:R-HSA-6803320|REACT:R-HSA-6806532|REACT:R-HSA-6814608|REACT:R-HSA-6814609|REACT:R-HSA-8869091|UMLS:C1334090|UMLS:C1334189|UNIPROTKB:P11717
IGFBP1|P08833,CVD3_P08833|IGFBP1,17,ENSEMBL:ENSG00000146678|ENSEMBL:ENSP00000275525|ENSEMBL:ENSP00000275525.3|HGNC:5469|MESH:C032231|NCBIGENE:3484|NCIT:C17505|NCIT:C28588|OMIM:146730|PR:P08833|REACT:R-HSA-381513|REACT:R-HSA-5642259|REACT:R-HSA-8956699|REACT:R-HSA-8957029|UMLS:C0071189|UMLS:C1334092|UNIPROTKB:P08833
IGFBP2|P18065,CVD3_P18065|IGFBP2,17,ENSEMBL:ENSG00000115457|ENSEMBL:ENSP00000233809|ENSEMBL:ENSP00000233809.4|ENSEMBL:ENSP00000389646|ENSEMBL:ENSP00000389646.1|HGNC:5471|MESH:C577903|NCBIGENE:3485|NCIT:C17506|NCIT:C28589|OMIM:146731|PR:P18065|REACT:R-HSA-381402|UMLS:C1334093|UMLS:C4082566|UNIPROTKB:C9JMY1|UNIPROTKB:P18065
IGFBP3|P17936,CAM_P17936|IGFBP3,14,ENSEMBL:ENSG00000146674|ENSEMBL:LRG_68|HGNC:5472|MESH:C515497|NCBIGENE:3486|NCIT:C17509|NCIT:C24488|OMIM:146732|PR:P17936|REACT:R-HSA-6800033|UMLS:C1334094|UMLS:C1872103|UNIPROTKB:B3KPF0|UNIPROTKB:P17936
IGFBP6|P24592,CAM_P24592|IGFBP6,16,ENSEMBL:ENSG00000167779|ENSEMBL:ENSP00000301464|ENSEMBL:ENSP00000301464.3|ENSEMBL:ENSP00000449344|ENSEMBL:ENSP00000449344.1|HGNC:5475|NCBIGENE:3489|NCIT:C17587|NCIT:C24491|OMIM:146735|PR:P24592|REACT:R-HSA-381475|UMLS:C1367148|UMLS:C1442822|UNIPROTKB:F8VVA5|UNIPROTKB:P24592
IGFBP7|Q16270,CVD3_Q16270|IGFBP7,14,ENSEMBL:ENSG00000163453|HGNC:5476|NCBIGENE:3490|NCIT:C73532|NCIT:C73534|OMIM:602867|PR:Q16270|REACT:R-HSA-3214900|REACT:R-HSA-3797198|REACT:R-HSA-8956730|REACT:R-HSA-8956978|UMLS:C1415932|UMLS:C1450557|UNIPROTKB:Q16270
IGFBPL1|Q8WX77,MET_Q8WX77|IGFBPL1,13,ENSEMBL:ENSG00000137142|ENSEMBL:ENSP00000366923|ENSEMBL:ENSP00000366923.1|ENSEMBL:ENSP00000576280|ENSEMBL:ENSP00000576280.1|HGNC:20081|MESH:C501532|NCBIGENE:347252|OMIM:610413|PR:Q8WX77|UMLS:C1537401|UMLS:C1570375|UNIPROTKB:Q8WX77
IGLC2|P0DOY2,CAM_P0DOY2|IGLC1,6,ENSEMBL:ENSP00000374856|ENSEMBL:ENSP00000374856.2|PR:P0DOY2|REACT:R-HSA-9628356|REACT:R-HSA-9628359|UNIPROTKB:P0DOY2
IGSF3|O75054,CRE_O75054|IGSF3,9,ENSEMBL:ENSG00000143061|HGNC:5950|MESH:C115741|NCBIGENE:3321|OMIM:603491|PR:O75054|UMLS:C1308797|UMLS:C1416372|UNIPROTKB:O75054
IKBKG|Q9Y6K9,CVD2_Q9Y6K9|IKBKG,30,ENSEMBL:ENSG00000269335|ENSEMBL:ENSP00000484023|ENSEMBL:ENSP00000484023.1|ENSEMBL:ENSP00000577193|ENSEMBL:ENSP00000577193.1|ENSEMBL:ENSP00000577199|ENSEMBL:ENSP00000577199.1|ENSEMBL:ENSP00000577200|ENSEMBL:ENSP00000577200.1|ENSEMBL:ENSP00000577206|ENSEMBL:ENSP00000577206.1|ENSEMBL:ENSP00000638134|ENSEMBL:ENSP00000638134.1|ENSEMBL:ENSP00000638137|ENSEMBL:ENSP00000638137.1|ENSEMBL:LRG_70|HGNC:5961|LOINC:LP288295-1|LOINC:LP97597-6|MESH:C491731|NCBIGENE:8517|NCIT:C75607|NCIT:C75609|OMIM:300248|PR:Q9Y6K9|UMLS:C1416380|UMLS:C1454118|UMLS:C2698408|UNIPROTKB:A0A087X1B1|UNIPROTKB:Q9Y6K9
IKZF2|Q9UKS7,NEX_Q9UKS7|IKZF2,17,ENSEMBL:ENSG00000030419|ENSEMBL:ENSP00000342876|ENSEMBL:ENSP00000342876.2|HGNC:13177|MESH:C111431|NCBIGENE:22807|NCIT:C80026|NCIT:C80028|OMIM:606234|PR:000002172|PR:Q9UKS7|UMLS:C1449146|UMLS:C1825589|UMLS:C2700326|UNIPROTKB:B4DWF2|UNIPROTKB:J3KNV2|UNIPROTKB:Q9UKS7
IL10RA|Q13651,INF_Q13651|IL10RA,17,ENSEMBL:ENSG00000110324|ENSEMBL:ENSP00000227752|ENSEMBL:ENSP00000227752.4|ENSEMBL:LRG_151|HGNC:5964|NCBIGENE:3587|NCIT:C107582|NCIT:C107586|OMIM:146933|PR:Q13651|REACT:R-HSA-449841|REACT:R-HSA-6784793|REACT:R-HSA-6784810|REACT:R-HSA-9850859|UMLS:C1416381|UMLS:C3815881|UNIPROTKB:Q13651
IL10RB|Q08334,INF_Q08334|IL10RB,21,ENSEMBL:ENSG00000243646|ENSEMBL:ENSP00000290200|ENSEMBL:ENSP00000290200.2|ENSEMBL:ENSP00000489716|ENSEMBL:ENSP00000489716.2|ENSEMBL:ENSP00000489965|ENSEMBL:ENSP00000489965.2|ENSEMBL:LRG_152|HGNC:5965|MESH:C081846|NCBIGENE:3588|NCIT:C24492|NCIT:C26270|OMIM:123889|PR:Q08334|REACT:R-HSA-448423|UMLS:C0217502|UMLS:C1334097|UNIPROTKB:A0A1B0GTI5|UNIPROTKB:A0A1B0GU52|UNIPROTKB:Q08334
IL10|P22301,INF_P22301|IL10,21,CHV:0000015551|ENSEMBL:ENSG00000136634|ENSEMBL:ENSP00000412237|ENSEMBL:ENSP00000412237.1|ENSEMBL:ENSP00000493073|ENSEMBL:ENSP00000493073.2|ENSEMBL:LRG_1230|HGNC:5962|MESH:C508609|NCBIGENE:3586|NCIT:C20512|NCIT:C28600|OMIM:124092|PR:P22301|REACT:R-HSA-447125|REACT:R-HSA-6790020|UMLS:C1334098|UMLS:C1699802|UNIPROTKB:A0A286YEX3|UNIPROTKB:P22301|UNIPROTKB:Q6FGW4
IL10|P22301,IRE_P22301|IL10,21,CHV:0000015551|ENSEMBL:ENSG00000136634|ENSEMBL:ENSP00000412237|ENSEMBL:ENSP00000412237.1|ENSEMBL:ENSP00000493073|ENSEMBL:ENSP00000493073.2|ENSEMBL:LRG_1230|HGNC:5962|MESH:C508609|NCBIGENE:3586|NCIT:C20512|NCIT:C28600|OMIM:124092|PR:P22301|REACT:R-HSA-447125|REACT:R-HSA-6790020|UMLS:C1334098|UMLS:C1699802|UNIPROTKB:A0A286YEX3|UNIPROTKB:P22301|UNIPROTKB:Q6FGW4
IL12A_IL12B|P29459_P29460,"NEU1_P29460,P29459|IL12B,IL12A",23,ENSEMBL:ENSG00000168811|ENSEMBL:ENSP00000303231|ENSEMBL:ENSP00000303231.2|ENSEMBL:ENSP00000514529|ENSEMBL:ENSP00000514529.1|HGNC:5969|MESH:C508858|NCBIGENE:3592|NCIT:C24494|NCIT:C28508|OMIM:161560|PR:000001368|PR:P29459|REACT:R-HSA-447212|REACT:R-HSA-6784984|REACT:R-HSA-8950139|REACT:R-HSA-8950449|REACT:R-HSA-8950463|UMLS:C1334101|UMLS:C1701815|UNIPROTKB:A0A8Z5A9P2|UNIPROTKB:O60595|UNIPROTKB:P29459
IL12B|P29460,INF_P29460|IL12B,20,ENSEMBL:ENSG00000113302|ENSEMBL:ENSP00000231228|ENSEMBL:ENSP00000231228.2|ENSEMBL:LRG_71|HGNC:5970|MESH:C500879|NCBIGENE:3593|NCIT:C24495|NCIT:C28509|OMIM:161561|PR:P29460|REACT:R-HSA-447181|REACT:R-HSA-6784999|REACT:R-HSA-8950126|REACT:R-HSA-8950359|REACT:R-HSA-8950675|REACT:R-HSA-8950760|UMLS:C1099914|UMLS:C1334102|UNIPROTKB:P29460
IL12RB1|P42701,IRE_P42701|IL12RB1,13,ENSEMBL:ENSG00000096996|ENSEMBL:LRG_72|HGNC:5971|MESH:C508438|NCBIGENE:3594|NCIT:C38916|NCIT:C38917|OMIM:601604|PR:P42701|REACT:R-HSA-447227|UMLS:C1416383|UMLS:C1700851|UNIPROTKB:P42701
IL13RA1|P78552,DEV_P78552|IL13RA1,14,ENSEMBL:ENSG00000131724|HGNC:5974|MESH:C508181|NCBIGENE:3597|NCIT:C41228|NCIT:C41230|OMIM:300119|PR:000001371|PR:P78552|REACT:R-HSA-449671|REACT:R-HSA-6786750|UMLS:C1416385|UMLS:C1528378|UNIPROTKB:P78552
IL13|P35225,INF_P35225|IL13,16,CHV:0000021133|ENSEMBL:ENSG00000169194|ENSEMBL:ENSP00000304915|ENSEMBL:ENSP00000304915.3|HGNC:5973|MESH:C578095|NCBIGENE:3596|NCIT:C20515|NCIT:C24496|OMIM:147683|PR:P35225|REACT:R-HSA-447211|UMLS:C1334103|UMLS:C3658037|UNIPROTKB:P35225|UNIPROTKB:Q4VB53
IL15RA|Q13261,INF_Q13261|IL15RA,19,ENSEMBL:ENSG00000134470|ENSEMBL:ENSP00000380421|ENSEMBL:ENSP00000380421.3|HGNC:5978|MESH:C508024|NCBIGENE:3601|NCIT:C126968|NCIT:C126970|OMIM:601070|PR:000008981|PR:Q13261|REACT:R-HSA-449122|REACT:R-HSA-8983117|UMLS:C1416387|UMLS:C1700975|UMLS:C4283909|UNIPROTKB:A0A0A0MS77|UNIPROTKB:G8CVM3|UNIPROTKB:Q13261
IL15|P40933,NEX_P40933|IL15,14,CHV:0000025201|ENSEMBL:ENSG00000164136|HGNC:5977|MESH:C569274|NCBIGENE:3600|NCIT:C20517|NCIT:C28604|OMIM:600554|PR:P40933|REACT:R-HSA-447242|REACT:R-HSA-8983123|UMLS:C1334105|UMLS:C3252356|UNIPROTKB:P40933
IL16|Q14005,CVD2_Q14005|IL16,21,ENSEMBL:ENSG00000172349|ENSEMBL:ENSP00000302935|ENSEMBL:ENSP00000302935.5|HGNC:5980|NCBIGENE:3603|NCIT:C116765|NCIT:C20518|NCIT:C28605|OMIM:603035|PR:000001374|PR:Q14005|REACT:R-HSA-447098|REACT:R-HSA-449071|REACT:R-HSA-449075|REACT:R-HSA-449094|UMLS:C1334106|UMLS:C3887687|UMLS:C3888288|UNIPROTKB:A0A8C8KBU6|UNIPROTKB:Q14005|UNIPROTKB:Q9UME6
IL17A|Q16552,INF_Q16552|IL17A,16,ENSEMBL:ENSG00000112115|ENSEMBL:ENSP00000497968|ENSEMBL:ENSP00000497968.1|ENSEMBL:LRG_1223|HGNC:5981|MESH:C508717|NCBIGENE:3605|NCIT:C20519|NCIT:C28608|OMIM:603149|PR:Q16552|REACT:R-HSA-447093|REACT:R-HSA-8948373|UMLS:C1701790|UMLS:C1825592|UNIPROTKB:Q16552
IL17C|Q9P0M4,INF_Q9P0M4|IL17C,16,ENSEMBL:ENSG00000124391|ENSEMBL:ENSP00000244241|ENSEMBL:ENSP00000244241.4|HGNC:5983|MESH:C515925|NCBIGENE:27189|NCIT:C24497|NCIT:C29740|OMIM:604628|PR:000001140|PR:Q9P0M4|REACT:R-HSA-447182|UMLS:C1334107|UMLS:C1367171|UMLS:C1872933|UNIPROTKB:Q9P0M4
IL17D|Q8TAD2,CVD2_Q8TAD2|IL17D,18,ENSEMBL:ENSG00000172458|ENSEMBL:ENSP00000302924|ENSEMBL:ENSP00000302924.3|ENSEMBL:ENSP00000508385|ENSEMBL:ENSP00000508385.1|ENSEMBL:ENSP00000632894|ENSEMBL:ENSP00000632894.1|ENSEMBL:ENSP00000632895|ENSEMBL:ENSP00000632895.1|HGNC:5984|MESH:C464462|NCBIGENE:53342|NCIT:C226996|OMIM:607587|PR:Q8TAD2|UMLS:C1142880|UMLS:C1416390|UNIPROTKB:Q8TAD2
IL17F|Q96PD4,ONC3_Q96PD4|IL17F,18,ENSEMBL:ENSG00000112116|ENSEMBL:ENSP00000337432|ENSEMBL:ENSP00000337432.4|ENSEMBL:ENSP00000514702|ENSEMBL:ENSP00000514702.1|ENSEMBL:LRG_356|HGNC:16404|MESH:C440021|NCBIGENE:112744|NCIT:C114481|NCIT:C114484|OMIM:606496|PR:Q96PD4|REACT:R-HSA-447175|REACT:R-HSA-8948375|UMLS:C1424252|UMLS:C1432339|UNIPROTKB:Q96PD4
IL17RA|Q96F46,CVD3_Q96F46|IL17RA,13,ENSEMBL:ENSG00000177663|ENSEMBL:LRG_355|HGNC:5985|MESH:C109985|NCBIGENE:23765|NCIT:C179686|NCIT:C179688|OMIM:605461|PR:Q96F46|REACT:R-HSA-447176|UMLS:C0669927|UMLS:C1825593|UNIPROTKB:Q96F46
IL17RB|Q9NRM6,CRE_Q9NRM6|IL17RB,14,ENSEMBL:ENSG00000056736|HGNC:18015|MESH:C408922|NCBIGENE:55540|NCIT:C97967|NCIT:C97970|OMIM:605458|PR:000008982|PR:Q9NRM6|REACT:R-HSA-447257|UMLS:C1312816|UMLS:C1425241|UMLS:C1706285|UNIPROTKB:Q9NRM6
IL18BP|O95998,CVD3_O95998|IL18BP,16,ENSEMBL:ENSG00000137496|ENSEMBL:ENSP00000434717|ENSEMBL:ENSP00000434717.1|ENSEMBL:ENSP00000434835|ENSEMBL:ENSP00000434835.1|HGNC:5987|NCBIGENE:10068|NCIT:C118904|NCIT:C118906|OMIM:604113|PR:O95998|REACT:R-HSA-8848396|UMLS:C1416392|UMLS:C1743775|UNIPROTKB:G3V1C5|UNIPROTKB:O95998
IL18R1|Q13478,INF_Q13478|IL18R1,23,ENSEMBL:ENSG00000115604|ENSEMBL:ENSP00000233957|ENSEMBL:ENSP00000233957.1|ENSEMBL:ENSP00000386663|ENSEMBL:ENSP00000386663.1|ENSEMBL:ENSP00000387211|ENSEMBL:ENSP00000387211.1|ENSEMBL:ENSP00000536272|ENSEMBL:ENSP00000536272.1|HGNC:5988|MESH:C508572|NCBIGENE:8809|NCIT:C124082|NCIT:C124084|OMIM:604494|PR:000001377|PR:Q13478|REACT:R-HSA-197600|UMLS:C1416393|UMLS:C1447429|UMLS:C4085191|UNIPROTKB:B7ZKV7|UNIPROTKB:Q13478
IL18|Q14116,CVD2_Q14116|IL18,17,ENSEMBL:ENSG00000150782|HGNC:5986|MESH:C000589760|NCBIGENE:3606|NCIT:C20520|NCIT:C28609|OMIM:600953|PR:Q14116|REACT:R-HSA-448446|REACT:R-HSA-449023|REACT:R-HSA-449033|REACT:R-HSA-449062|REACT:R-HSA-6785018|REACT:R-HSA-9012548|UMLS:C1334109|UMLS:C3849701|UNIPROTKB:Q14116
IL18|Q14116,INF_Q14116|IL18,17,ENSEMBL:ENSG00000150782|HGNC:5986|MESH:C000589760|NCBIGENE:3606|NCIT:C20520|NCIT:C28609|OMIM:600953|PR:Q14116|REACT:R-HSA-448446|REACT:R-HSA-449023|REACT:R-HSA-449033|REACT:R-HSA-449062|REACT:R-HSA-6785018|REACT:R-HSA-9012548|UMLS:C1334109|UMLS:C3849701|UNIPROTKB:Q14116
IL1A|P01583,INF_P01583|IL1A,20,ENSEMBL:ENSG00000115008|ENSEMBL:ENSP00000263339|ENSEMBL:ENSP00000263339.3|ENSEMBL:ENSP00000629482|ENSEMBL:ENSP00000629482.1|HGNC:5991|MESH:C508584|NCBIGENE:3552|NCIT:C20521|NCIT:C28592|OMIM:147760|PR:P01583|REACT:R-HSA-445746|REACT:R-HSA-449042|REACT:R-HSA-449054|REACT:R-HSA-449059|REACT:R-HSA-4568733|UMLS:C1334111|UMLS:C1702299|UNIPROTKB:P01583
IL1B|P01584,ONC3_P01584|IL1B,20,ENSEMBL:ENSG00000125538|ENSEMBL:ENSP00000263341|ENSEMBL:ENSP00000263341.2|HGNC:5992|MESH:C508585|NCBIGENE:3553|NCIT:C20522|NCIT:C28593|OMIM:147720|PR:P01584|REACT:R-HSA-445748|REACT:R-HSA-448689|REACT:R-HSA-449030|REACT:R-HSA-449046|REACT:R-HSA-5661000|UMLS:C1334112|UMLS:C1702300|UMLS:C5187781|UMLS:C5674336|UNIPROTKB:P01584
IL1R1|P14778,CVD3_P14778|IL1R1,72,ENSEMBL:ENSG00000115594|ENSEMBL:ENSP00000386380|ENSEMBL:ENSP00000386380.1|ENSEMBL:ENSP00000386776|ENSEMBL:ENSP00000386776.1|ENSEMBL:ENSP00000523717|ENSEMBL:ENSP00000523717.1|ENSEMBL:ENSP00000523718|ENSEMBL:ENSP00000523718.1|ENSEMBL:ENSP00000523719|ENSEMBL:ENSP00000523719.1|ENSEMBL:ENSP00000523720|ENSEMBL:ENSP00000523720.1|ENSEMBL:ENSP00000523721|ENSEMBL:ENSP00000523721.1|ENSEMBL:ENSP00000523722|ENSEMBL:ENSP00000523722.1|ENSEMBL:ENSP00000523723|ENSEMBL:ENSP00000523723.1|ENSEMBL:ENSP00000523724|ENSEMBL:ENSP00000523724.1|ENSEMBL:ENSP00000523725|ENSEMBL:ENSP00000523725.1|ENSEMBL:ENSP00000523726|ENSEMBL:ENSP00000523726.1|ENSEMBL:ENSP00000523727|ENSEMBL:ENSP00000523727.1|ENSEMBL:ENSP00000523729|ENSEMBL:ENSP00000523729.1|ENSEMBL:ENSP00000523730|ENSEMBL:ENSP00000523730.1|ENSEMBL:ENSP00000523731|ENSEMBL:ENSP00000523731.1|ENSEMBL:ENSP00000523732|ENSEMBL:ENSP00000523732.1|ENSEMBL:ENSP00000523733|ENSEMBL:ENSP00000523733.1|ENSEMBL:ENSP00000523734|ENSEMBL:ENSP00000523734.1|ENSEMBL:ENSP00000629811|ENSEMBL:ENSP00000629811.1|ENSEMBL:ENSP00000629812|ENSEMBL:ENSP00000629812.1|ENSEMBL:ENSP00000629814|ENSEMBL:ENSP00000629814.1|ENSEMBL:ENSP00000629815|ENSEMBL:ENSP00000629815.1|ENSEMBL:ENSP00000629816|ENSEMBL:ENSP00000629816.1|ENSEMBL:ENSP00000629819|ENSEMBL:ENSP00000629819.1|ENSEMBL:ENSP00000629820|ENSEMBL:ENSP00000629820.1|ENSEMBL:ENSP00000629821|ENSEMBL:ENSP00000629821.1|ENSEMBL:ENSP00000629822|ENSEMBL:ENSP00000629822.1|ENSEMBL:ENSP00000629823|ENSEMBL:ENSP00000629823.1|HGNC:5993|MESH:C508590|NCBIGENE:3554|NCIT:C38911|NCIT:C38912|OMIM:147810|PR:P14778|REACT:R-HSA-197595|REACT:R-HSA-6785033|UMLS:C1416395|UMLS:C1700970|UNIPROTKB:B8ZZW4|UNIPROTKB:P14778
IL1R2|P27930,CVD3_P27930|IL1R2,14,ENSEMBL:ENSG00000115590|HGNC:5994|MESH:C508592|NCBIGENE:7850|NCIT:C38913|NCIT:C38914|OMIM:147811|PR:000001364|PR:P27930|REACT:R-HSA-197598|REACT:R-HSA-6785073|UMLS:C1416396|UMLS:C1701550|UNIPROTKB:P27930
IL1RL1|Q01638,CVD3_Q01638|IL1RL1,14,ENSEMBL:ENSG00000115602|HGNC:5998|MESH:C079241|NCBIGENE:9173|NCIT:C106006|NCIT:C106011|OMIM:601203|PR:000008994|PR:Q01638|REACT:R-HSA-197594|REACT:R-HSA-8981971|UMLS:C0212532|UMLS:C1416400|UNIPROTKB:Q01638
IL1RL2|Q9HB29,CVD2_Q9HB29|IL1RL2,13,ENSEMBL:ENSG00000115598|HGNC:5999|MESH:C000630550|NCBIGENE:8808|NCIT:C178665|NCIT:C178667|OMIM:604512|PR:000008995|PR:Q9HB29|REACT:R-HSA-197599|UMLS:C1416401|UMLS:C5196939|UNIPROTKB:Q9HB29
IL1RN|P18510,CVD2_P18510|IL1RN,18,CHEMBL.TARGET:CHEMBL3414413|CHEMBL.TARGET:CHEMBL4523191|ENSEMBL:ENSG00000136689|ENSEMBL:LRG_188|HGNC:6000|MESH:C507763|NCBIGENE:3557|NCIT:C98164|NCIT:C98166|OMIM:147679|PR:000001137|PR:P18510|REACT:R-HSA-445743|REACT:R-HSA-6785053|UMLS:C1416402|UMLS:C1504688|UMLS:C1704264|UNIPROTKB:P18510
IL20RA|Q9UHF4,INF_Q9UHF4|IL20RA,9,ENSEMBL:ENSG00000016402|HGNC:6003|NCBIGENE:53832|OMIM:605620|PR:Q9UHF4|REACT:R-HSA-448713|UMLS:C1416404|UMLS:C1699804|UNIPROTKB:Q9UHF4
IL20|Q9NYY1,INF_Q9NYY1|IL20,12,ENSEMBL:ENSG00000162891|HGNC:6002|NCBIGENE:50604|NCIT:C104341|NCIT:C104343|OMIM:605619|PR:Q9NYY1|REACT:R-HSA-448437|UMLS:C1416403|UMLS:C1700504|UNIPROTKB:A0A7R8C4W0|UNIPROTKB:Q9NYY1
IL22RA1|Q8N6P7,INF_Q8N6P7|IL22RA1,12,ENSEMBL:ENSG00000142677|ENSEMBL:ENSP00000270800|ENSEMBL:ENSP00000270800.1|HGNC:13700|NCBIGENE:58985|OMIM:605457|PR:Q8N6P7|REACT:R-HSA-448489|REACT:R-HSA-8987198|UMLS:C1422150|UMLS:C1698810|UNIPROTKB:Q8N6P7
IL24|Q13007,INF_Q13007|IL24,13,ENSEMBL:ENSG00000162892|HGNC:11346|MESH:C000731353|NCBIGENE:11009|NCIT:C20793|NCIT:C21524|OMIM:604136|PR:Q13007|REACT:R-HSA-448438|UMLS:C1366521|UMLS:C1568991|UNIPROTKB:A0A7R8C2Y5|UNIPROTKB:Q13007
IL2RA|P01589,CVD3_P01589|IL2RA,22,ENSEMBL:ENSG00000134460|ENSEMBL:ENSP00000369287|ENSEMBL:ENSP00000369287.1|ENSEMBL:ENSP00000369293|ENSEMBL:ENSP00000369293.3|ENSEMBL:ENSP00000402024|ENSEMBL:ENSP00000402024.2|ENSEMBL:LRG_73|HGNC:6008|MESH:C508017|NCBIGENE:3559|NCIT:C17073|NCIT:C21563|OMIM:147730|PR:P01589|REACT:R-HSA-450046|REACT:R-HSA-8877383|UMLS:C1334114|UMLS:C1700887|UNIPROTKB:H0Y5Z0|UNIPROTKB:P01589|UNIPROTKB:Q5W005
IL2RB|P14784,INF_P14784|IL2RB,37,ENSEMBL:ENSG00000100385|ENSEMBL:ENSP00000216223|ENSEMBL:ENSP00000216223.5|ENSEMBL:ENSP00000401020|ENSEMBL:ENSP00000401020.2|ENSEMBL:ENSP00000402685|ENSEMBL:ENSP00000402685.2|ENSEMBL:ENSP00000403731|ENSEMBL:ENSP00000403731.2|ENSEMBL:ENSP00000514005|ENSEMBL:ENSP00000514005.1|ENSEMBL:ENSP00000514009|ENSEMBL:ENSP00000514009.1|ENSEMBL:ENSP00000514011|ENSEMBL:ENSP00000514011.1|ENSEMBL:ENSP00000514012|ENSEMBL:ENSP00000514012.1|ENSEMBL:ENSP00000528200|ENSEMBL:ENSP00000528200.1|ENSEMBL:ENSP00000528201|ENSEMBL:ENSP00000528201.1|ENSEMBL:ENSP00000528203|ENSEMBL:ENSP00000528203.1|HGNC:6009|MESH:C508020|NCBIGENE:3560|NCIT:C24499|NCIT:C26267|OMIM:146710|PR:P14784|REACT:R-HSA-197876|REACT:R-HSA-452093|REACT:R-HSA-8983172|REACT:R-HSA-9009733|UMLS:C1259013|UMLS:C1334115|UNIPROTKB:P14784
IL2|P60568,INF_P60568|IL2,19,ENSEMBL:ENSG00000109471|ENSEMBL:ENSP00000226730|ENSEMBL:ENSP00000226730.5|HGNC:6001|MESH:C508594|NCBIGENE:3558|NCIT:C20507|NCIT:C24498|NCIT:C587|OMIM:147680|PR:P60568|REACT:R-HSA-447099|REACT:R-HSA-8877337|UMLS:C0879590|UMLS:C0919268|UMLS:C1522405|UMLS:C1702044|UNIPROTKB:P60568|UNIPROTKB:Q0GK43
IL32|P24001,NEX_P24001|IL32,20,ENSEMBL:ENSG00000008517|ENSEMBL:ENSP00000436937|ENSEMBL:ENSP00000436937.1|ENSEMBL:ENSP00000479701|ENSEMBL:ENSP00000479701.1|HGNC:16830|MESH:C496971|NCBIGENE:9235|NCIT:C127924|NCIT:C127926|OMIM:606001|PR:000001388|PR:P24001|REACT:R-HSA-448634|UMLS:C1537404|UMLS:C1566219|UNIPROTKB:C6GKH1|UNIPROTKB:F6XF19|UNIPROTKB:G3LU47|UNIPROTKB:P24001
IL33|O95760,INF_O95760|IL33,14,ENSEMBL:ENSG00000137033|HGNC:16028|MESH:C506536|NCBIGENE:90865|NCIT:C101774|NCIT:C101779|OMIM:608678|PR:O95760|REACT:R-HSA-448567|REACT:R-HSA-6783057|REACT:R-HSA-6783145|UMLS:C1667752|UMLS:C1825595|UNIPROTKB:O95760
IL3RA|P26951,NEX_P26951|IL3RA,15,CHEMBL.TARGET:CHEMBL3712987|ENSEMBL:ENSG00000185291|ENSEMBL:ENSG00000292332|HGNC:6012|MESH:C115022|NCBIGENE:3563|NCIT:C39274|NCIT:C39275|OMIM:308385|OMIM:430000|PR:P26951|REACT:R-HSA-879938|UMLS:C0758637|UMLS:C1416408|UNIPROTKB:P26951
IL4R|P24394,CVD2_P24394|IL4R,15,ENSEMBL:ENSG00000077238|HGNC:6015|MESH:C504000|NCBIGENE:3566|NCIT:C24501|NCIT:C26268|OMIM:147781|PR:P24394|REACT:R-HSA-449670|REACT:R-HSA-6786087|REACT:R-HSA-6786275|UMLS:C1334118|UMLS:C1620077|UNIPROTKB:B2RBY1|UNIPROTKB:P24394
IL4|P05112,INF_P05112|IL4,26,CHEMBL.TARGET:CHEMBL3712894|ENSEMBL:ENSG00000113520|ENSEMBL:ENSP00000480581|ENSEMBL:ENSP00000480581.1|FMA:264831|HGNC:6014|LOINC:LP16472-0|MESH:C508598|MESH:D015847|NCBIGENE:3565|NCIT:C20508|NCIT:C28596|OMIM:147780|PR:000001391|PR:P05112|REACT:R-HSA-447110|RXNORM:5891|SNOMEDCT:48727007|UMLS:C0021758|UMLS:C1334119|UMLS:C1701589|UNIPROTKB:A0A087WWX8|UNIPROTKB:D4HNR6|UNIPROTKB:P05112|UNIPROTKB:Q5FC01|UNIPROTKB:U3LVN1
IL5RA|Q01344,NEU1_Q01344|IL5RA,13,ENSEMBL:ENSG00000091181|HGNC:6017|MESH:C485918|NCBIGENE:3568|NCIT:C24503|NCIT:C26269|OMIM:147851|PR:Q01344|REACT:R-HSA-450072|UMLS:C1334120|UMLS:C1451756|UNIPROTKB:Q01344|UNIPROTKB:Q8NHV7
IL5|P05113,INF_P05113|IL5,16,ENSEMBL:ENSG00000113525|HGNC:6016|LOINC:LP16473-8|MESH:C508599|MESH:D015848|NCBIGENE:3567|NCIT:C20509|NCIT:C24502|OMIM:147850|PR:P05113|REACT:R-HSA-447159|SNOMEDCT:81123006|UMLS:C0021759|UMLS:C1334121|UMLS:C1702088|UNIPROTKB:P05113
IL5|P05113,IRE_P05113|IL5,16,ENSEMBL:ENSG00000113525|HGNC:6016|LOINC:LP16473-8|MESH:C508599|MESH:D015848|NCBIGENE:3567|NCIT:C20509|NCIT:C24502|OMIM:147850|PR:P05113|REACT:R-HSA-447159|SNOMEDCT:81123006|UMLS:C0021759|UMLS:C1334121|UMLS:C1702088|UNIPROTKB:P05113
IL6R|P08887,CVD3_P08887|IL6R,21,ENSEMBL:ENSG00000160712|ENSEMBL:ENSP00000477739|ENSEMBL:ENSP00000477739.1|HGNC:6019|MESH:C508603|NCBIGENE:3570|NCIT:C156002|NCIT:C38920|NCIT:C38921|OMIM:147880|PR:000001394|PR:P08887|REACT:R-HSA-1067661|REACT:R-HSA-197824|REACT:R-HSA-8948459|UMLS:C1416409|UMLS:C1699800|UMLS:C4724117|UNIPROTKB:A0A087WTB5|UNIPROTKB:A0N0L5|UNIPROTKB:P08887
IL6|P05231,CVD2_P05231|IL6,31,ENSEMBL:ENSG00000136244|ENSEMBL:ENSP00000258743|ENSEMBL:ENSP00000258743.5|ENSEMBL:ENSP00000384928|ENSEMBL:ENSP00000384928.3|ENSEMBL:ENSP00000385043|ENSEMBL:ENSP00000385043.1|ENSEMBL:ENSP00000385675|ENSEMBL:ENSP00000385675.1|HGNC:6018|MESH:C508600|NCBIGENE:3569|NCIT:C20451|NCIT:C24504|NCIT:C591|OMIM:147620|PR:P05231|REACT:R-HSA-3788729|REACT:R-HSA-447100|REACT:R-HSA-8956764|REACT:R-HSA-8957044|UMLS:C0878479|UMLS:C1334122|UMLS:C1527132|UMLS:C1698754|UNIPROTKB:B4DNQ5|UNIPROTKB:B4DVM1|UNIPROTKB:B5MC21|UNIPROTKB:B5MCZ3|UNIPROTKB:P05231|UNIPROTKB:Q75MH2
IL6|P05231,INF_P05231|IL6,31,ENSEMBL:ENSG00000136244|ENSEMBL:ENSP00000258743|ENSEMBL:ENSP00000258743.5|ENSEMBL:ENSP00000384928|ENSEMBL:ENSP00000384928.3|ENSEMBL:ENSP00000385043|ENSEMBL:ENSP00000385043.1|ENSEMBL:ENSP00000385675|ENSEMBL:ENSP00000385675.1|HGNC:6018|MESH:C508600|NCBIGENE:3569|NCIT:C20451|NCIT:C24504|NCIT:C591|OMIM:147620|PR:P05231|REACT:R-HSA-3788729|REACT:R-HSA-447100|REACT:R-HSA-8956764|REACT:R-HSA-8957044|UMLS:C0878479|UMLS:C1334122|UMLS:C1527132|UMLS:C1698754|UNIPROTKB:B4DNQ5|UNIPROTKB:B4DVM1|UNIPROTKB:B5MC21|UNIPROTKB:B5MCZ3|UNIPROTKB:P05231|UNIPROTKB:Q75MH2
IL6|P05231,IRE_P05231|IL6,31,ENSEMBL:ENSG00000136244|ENSEMBL:ENSP00000258743|ENSEMBL:ENSP00000258743.5|ENSEMBL:ENSP00000384928|ENSEMBL:ENSP00000384928.3|ENSEMBL:ENSP00000385043|ENSEMBL:ENSP00000385043.1|ENSEMBL:ENSP00000385675|ENSEMBL:ENSP00000385675.1|HGNC:6018|MESH:C508600|NCBIGENE:3569|NCIT:C20451|NCIT:C24504|NCIT:C591|OMIM:147620|PR:P05231|REACT:R-HSA-3788729|REACT:R-HSA-447100|REACT:R-HSA-8956764|REACT:R-HSA-8957044|UMLS:C0878479|UMLS:C1334122|UMLS:C1527132|UMLS:C1698754|UNIPROTKB:B4DNQ5|UNIPROTKB:B4DVM1|UNIPROTKB:B5MC21|UNIPROTKB:B5MCZ3|UNIPROTKB:P05231|UNIPROTKB:Q75MH2
IL6|P05231,ONC2_P05231|IL6,31,ENSEMBL:ENSG00000136244|ENSEMBL:ENSP00000258743|ENSEMBL:ENSP00000258743.5|ENSEMBL:ENSP00000384928|ENSEMBL:ENSP00000384928.3|ENSEMBL:ENSP00000385043|ENSEMBL:ENSP00000385043.1|ENSEMBL:ENSP00000385675|ENSEMBL:ENSP00000385675.1|HGNC:6018|MESH:C508600|NCBIGENE:3569|NCIT:C20451|NCIT:C24504|NCIT:C591|OMIM:147620|PR:P05231|REACT:R-HSA-3788729|REACT:R-HSA-447100|REACT:R-HSA-8956764|REACT:R-HSA-8957044|UMLS:C0878479|UMLS:C1334122|UMLS:C1527132|UMLS:C1698754|UNIPROTKB:B4DNQ5|UNIPROTKB:B4DVM1|UNIPROTKB:B5MC21|UNIPROTKB:B5MCZ3|UNIPROTKB:P05231|UNIPROTKB:Q75MH2
IL7R|P16871,CAM_P16871|IL7R,18,ENSEMBL:ENSG00000168685|ENSEMBL:LRG_74|HGNC:6024|MESH:C000620371|MESH:D020395|NCBIGENE:3575|NCIT:C24506|NCIT:C26278|OMIM:146661|PR:000001869|PR:P16871|REACT:R-HSA-1295531|REACT:R-HSA-449945|REACT:R-HSA-9028500|UMLS:C0083032|UMLS:C1334123|UMLS:C4507561|UNIPROTKB:P16871
IL7|P13232,INF_P13232|IL7,20,ENSEMBL:ENSG00000104432|ENSEMBL:ENSP00000368408|ENSEMBL:ENSP00000368408.3|ENSEMBL:ENSP00000438922|ENSEMBL:ENSP00000438922.2|HGNC:6023|MESH:C508605|NCBIGENE:3574|NCIT:C20510|NCIT:C28598|OMIM:146660|PR:P13232|REACT:R-HSA-447209|UMLS:C1334124|UMLS:C1699239|UNIPROTKB:A0A0A0MTG5|UNIPROTKB:A8K673|UNIPROTKB:F6U4X5|UNIPROTKB:P13232|UNIPROTKB:Q5FBX5
ILKAP|Q9H0C8,NEX_Q9H0C8|ILKAP,11,ENSEMBL:ENSG00000132323|ENSEMBL:ENSP00000254654|ENSEMBL:ENSP00000254654.3|HGNC:15566|MESH:C426826|NCBIGENE:80895|OMIM:618909|PR:Q9H0C8|UMLS:C1423578|UMLS:C1447982|UNIPROTKB:Q9H0C8
IMPA1|P29218,NEX_P29218|IMPA1,10,ENSEMBL:ENSG00000133731|HGNC:6050|NCBIGENE:3612|OMIM:602064|PR:P29218|REACT:R-HSA-1604567|UMLS:C1416425|UMLS:C1565152|UNIPROTKB:A0A140VJL8|UNIPROTKB:P29218
ING1|Q9UK53,NEX_Q9UK53|ING1,14,ENSEMBL:ENSG00000153487|ENSEMBL:ENSP00000364929|ENSEMBL:ENSP00000364929.3|HGNC:6062|MESH:C501503|NCBIGENE:3621|NCIT:C24511|NCIT:C26291|OMIM:601566|PR:Q9UK53|UMLS:C1311255|UMLS:C1334129|UNIPROTKB:A0A0C4DFW2|UNIPROTKB:Q9UK53
INHBC|P55103,DEV_P55103|INHBC,12,ENSEMBL:ENSG00000175189|ENSEMBL:ENSP00000308716|ENSEMBL:ENSP00000308716.2|HGNC:6068|MESH:C504186|NCBIGENE:3626|OMIM:601233|PR:P55103|REACT:R-HSA-1449686|UMLS:C1416438|UMLS:C1611578|UNIPROTKB:P55103
INPP1|P49441,ONC3_P49441|INPP1,56,ENSEMBL:ENSG00000151689|ENSEMBL:ENSP00000325423|ENSEMBL:ENSP00000325423.4|ENSEMBL:ENSP00000376142|ENSEMBL:ENSP00000376142.2|ENSEMBL:ENSP00000559823|ENSEMBL:ENSP00000559823.1|ENSEMBL:ENSP00000559826|ENSEMBL:ENSP00000559826.1|ENSEMBL:ENSP00000559829|ENSEMBL:ENSP00000559829.1|ENSEMBL:ENSP00000559830|ENSEMBL:ENSP00000559830.1|ENSEMBL:ENSP00000559832|ENSEMBL:ENSP00000559832.1|ENSEMBL:ENSP00000559833|ENSEMBL:ENSP00000559833.1|ENSEMBL:ENSP00000559834|ENSEMBL:ENSP00000559834.1|ENSEMBL:ENSP00000559835|ENSEMBL:ENSP00000559835.1|ENSEMBL:ENSP00000559836|ENSEMBL:ENSP00000559836.1|ENSEMBL:ENSP00000559837|ENSEMBL:ENSP00000559837.1|ENSEMBL:ENSP00000596947|ENSEMBL:ENSP00000596947.1|ENSEMBL:ENSP00000596948|ENSEMBL:ENSP00000596948.1|ENSEMBL:ENSP00000626216|ENSEMBL:ENSP00000626216.1|ENSEMBL:ENSP00000626217|ENSEMBL:ENSP00000626217.1|ENSEMBL:ENSP00000626218|ENSEMBL:ENSP00000626218.1|ENSEMBL:ENSP00000626219|ENSEMBL:ENSP00000626219.1|ENSEMBL:ENSP00000626220|ENSEMBL:ENSP00000626220.1|ENSEMBL:ENSP00000626221|ENSEMBL:ENSP00000626221.1|ENSEMBL:ENSP00000626222|ENSEMBL:ENSP00000626222.1|ENSEMBL:ENSP00000626223|ENSEMBL:ENSP00000626223.1|ENSEMBL:ENSP00000626224|ENSEMBL:ENSP00000626224.1|HGNC:6071|NCBIGENE:3628|OMIM:147263|PR:P49441|REACT:R-HSA-1604575|UMLS:C1416440|UMLS:C2002069|UNIPROTKB:P49441|UNIPROTKB:Q6IBG4
INPPL1|O15357,ODA_O15357|INPPL1,13,ENSEMBL:ENSG00000165458|HGNC:6080|MESH:C098706|NCBIGENE:3636|NCIT:C170414|NCIT:C170416|OMIM:600829|PR:O15357|REACT:R-HSA-913354|UMLS:C0388055|UMLS:C1416448|UMLS:C5401250|UNIPROTKB:O15357
IQGAP2|Q13576,CRE_Q13576|IQGAP2,21,ENSEMBL:ENSG00000145703|ENSEMBL:ENSP00000442313|ENSEMBL:ENSP00000442313.2|HGNC:6111|MESH:C101002|NCBIGENE:10788|NCIT:C119673|NCIT:C119675|OMIM:605401|PR:000009096|PR:Q13576|REACT:R-HSA-5625975|REACT:R-HSA-6804779|REACT:R-HSA-6804811|UMLS:C1416472|UMLS:C1438270|UNIPROTKB:B7Z7U6|UNIPROTKB:B7Z7X2|UNIPROTKB:F5H7S7|UNIPROTKB:Q13576|UNIPROTKB:Q59HA3
IRAG2|Q12912,CRE_Q12912|LRMP,14,ENSEMBL:ENSG00000118308|ENSEMBL:ENSP00000444056|ENSEMBL:ENSP00000444056.1|HGNC:6690|MESH:C486311|NCBIGENE:4033|OMIM:602003|PR:Q12912|REACT:R-HSA-6799215|REACT:R-HSA-6806272|UMLS:C1174043|UMLS:C1416910|UNIPROTKB:F5H006|UNIPROTKB:Q12912
IRAK1|P51617,IRE_P51617|IRAK1,16,ENSEMBL:ENSG00000184216|ENSEMBL:ENSP00000392662|ENSEMBL:ENSP00000392662.2|HGNC:6112|MESH:C507768|NCBIGENE:3654|NCIT:C24518|NCIT:C29748|OMIM:300283|PR:P51617|REACT:R-HSA-193904|REACT:R-HSA-9615805|UMLS:C1334134|UMLS:C1334201|UNIPROTKB:D3YTB5|UNIPROTKB:P51617
IRAK4|Q9NWZ3,IRE_Q9NWZ3|IRAK4,24,ENSEMBL:ENSG00000198001|ENSEMBL:LRG_75|HGNC:17967|MESH:C507773|NCBIGENE:51135|NCIT:C26302|NCIT:C29752|OMIM:606883|PR:Q9NWZ3|REACT:R-HSA-166081|REACT:R-HSA-446649|REACT:R-HSA-5602426|REACT:R-HSA-5602511|REACT:R-HSA-5602517|REACT:R-HSA-936957|REACT:R-HSA-937051|REACT:R-HSA-975149|REACT:R-HSA-975167|UMLS:C1334137|UMLS:C1334203|UNIPROTKB:B2RAP9|UNIPROTKB:B4E359|UNIPROTKB:Q69FE3|UNIPROTKB:Q9NWZ3
ISLR2|Q6UXK2,NEX_Q6UXK2|ISLR2,23,ENSEMBL:ENSG00000167178|ENSEMBL:ENSP00000355402|ENSEMBL:ENSP00000355402.3|ENSEMBL:ENSP00000411443|ENSEMBL:ENSP00000411443.1|ENSEMBL:ENSP00000411834|ENSEMBL:ENSP00000411834.2|ENSEMBL:ENSP00000455531|ENSEMBL:ENSP00000455531.1|ENSEMBL:ENSP00000458080|ENSEMBL:ENSP00000458080.1|ENSEMBL:ENSP00000608740|ENSEMBL:ENSP00000608740.1|ENSEMBL:ENSP00000630969|ENSEMBL:ENSP00000630969.1|ENSEMBL:ENSP00000630970|ENSEMBL:ENSP00000630970.1|HGNC:29286|NCBIGENE:57611|OMIM:614179|PR:Q6UXK2|UMLS:C1825624|UNIPROTKB:Q6UXK2
ITGA11|Q9UKX5,IRE_Q9UKX5|ITGA11,11,ENSEMBL:ENSG00000137809|HGNC:6136|MESH:C121535|NCBIGENE:22801|OMIM:604789|PR:Q9UKX5|REACT:R-HSA-215935|UMLS:C0909218|UMLS:C1416483|UNIPROTKB:B3KTN6|UNIPROTKB:Q9UKX5
ITGA5|P08648,DEV_P08648|ITGA5,19,ENSEMBL:ENSG00000161638|ENSEMBL:ENSP00000293379|ENSEMBL:ENSP00000293379.4|HGNC:6141|MESH:C000631264|NCBIGENE:3678|NCIT:C38956|NCIT:C39592|OMIM:135620|PR:000009130|PR:P08648|REACT:R-HSA-202735|REACT:R-HSA-8939659|REACT:R-HSA-9857636|REACT:R-HSA-9857662|UMLS:C1416488|UMLS:C1531430|UNIPROTKB:B2R627|UNIPROTKB:P08648
ITGA6|P23229,IRE_P23229|ITGA6,18,ENSEMBL:ENSG00000091409|ENSEMBL:ENSP00000264107|ENSEMBL:ENSP00000264107.8|ENSEMBL:ENSP00000520448|ENSEMBL:ENSP00000520448.1|HGNC:6142|MESH:C588002|NCBIGENE:3655|NCIT:C122059|NCIT:C122062|OMIM:147556|PR:P23229|REACT:R-HSA-204439|UMLS:C1442491|UMLS:C3850450|UNIPROTKB:A0A8C8KBL6|UNIPROTKB:A0AAQ5BID9|UNIPROTKB:P23229
ITGAM|P11215,CAM_P11215|ITGAM,16,ENSEMBL:ENSG00000169896|ENSEMBL:LRG_1333|HGNC:6149|MESH:C509295|NCBIGENE:3684|NCIT:C17373|NCIT:C21162|OMIM:120980|PR:P11215|REACT:R-HSA-202757|REACT:R-HSA-6789355|REACT:R-HSA-6799647|REACT:R-HSA-6800979|UMLS:C1366562|UMLS:C1701032|UNIPROTKB:P11215
ITGAV|P06756,ONC2_P06756|ITGAV,15,ENSEMBL:ENSG00000138448|HGNC:6150|NCBIGENE:3685|NCIT:C53661|NCIT:C53961|OMIM:193210|PR:000009135|PR:P06756|REACT:R-HSA-1236773|REACT:R-HSA-210013|REACT:R-HSA-6806145|UMLS:C1416494|UMLS:C4082291|UNIPROTKB:L7RXH0|UNIPROTKB:P06756
ITGB1BP1|O14713,ODA_O14713|ITGB1BP1,10,ENSEMBL:ENSG00000119185|HGNC:23927|MESH:C108257|NCBIGENE:9270|OMIM:607153|PR:O14713|UMLS:C1428333|UMLS:C1447560|UNIPROTKB:B4DQY5|UNIPROTKB:O14713
ITGB1BP2|Q9UKP3,CVD2_Q9UKP3|ITGB1BP2,11,ENSEMBL:ENSG00000147166|HGNC:6154|MESH:C492400|MESH:C582471|NCBIGENE:26548|OMIM:300332|PR:Q9UKP3|UMLS:C1416497|UMLS:C1527769|UMLS:C3657078|UNIPROTKB:Q9UKP3
ITGB1|P05556,DEV_P05556|ITGB1,15,ENSEMBL:ENSG00000150093|HGNC:6153|MESH:C000706311|NCBIGENE:3688|NCIT:C96906|NCIT:C96911|OMIM:135630|PR:000002040|PR:P05556|REACT:R-HSA-5666054|REACT:R-HSA-57596|REACT:R-HSA-9611157|UMLS:C1416496|UMLS:C5391567|UNIPROTKB:P05556
ITGB2|P05107,CVD3_P05107|ITGB2,54,ENSEMBL:ENSG00000160255|ENSEMBL:ENSP00000347279|ENSEMBL:ENSP00000347279.4|ENSEMBL:ENSP00000380948|ENSEMBL:ENSP00000380948.2|ENSEMBL:ENSP00000380950|ENSEMBL:ENSP00000380950.1|ENSEMBL:ENSP00000380955|ENSEMBL:ENSP00000380955.1|ENSEMBL:ENSP00000498780|ENSEMBL:ENSP00000498780.1|ENSEMBL:ENSP00000579470|ENSEMBL:ENSP00000579470.1|ENSEMBL:ENSP00000579472|ENSEMBL:ENSP00000579472.1|ENSEMBL:ENSP00000579473|ENSEMBL:ENSP00000579473.1|ENSEMBL:ENSP00000579474|ENSEMBL:ENSP00000579474.1|ENSEMBL:ENSP00000579475|ENSEMBL:ENSP00000579475.1|ENSEMBL:ENSP00000579476|ENSEMBL:ENSP00000579476.1|ENSEMBL:ENSP00000579477|ENSEMBL:ENSP00000579477.1|ENSEMBL:ENSP00000579478|ENSEMBL:ENSP00000579478.1|ENSEMBL:ENSP00000579479|ENSEMBL:ENSP00000579479.1|ENSEMBL:ENSP00000579480|ENSEMBL:ENSP00000579480.1|ENSEMBL:ENSP00000631861|ENSEMBL:ENSP00000631861.1|ENSEMBL:ENSP00000631862|ENSEMBL:ENSP00000631862.1|ENSEMBL:ENSP00000631863|ENSEMBL:ENSP00000631863.1|HGNC:6155|MESH:C000730977|NCBIGENE:3689|NCIT:C21263|NCIT:C28489|OMIM:600065|PR:P05107|REACT:R-HSA-198010|REACT:R-HSA-6789337|REACT:R-HSA-6803284|REACT:R-HSA-6803310|REACT:R-HSA-6803342|UMLS:C1334146|UMLS:C4082564|UNIPROTKB:A0A494C0X7|UNIPROTKB:B4E0R1|UNIPROTKB:P05107
ITGB5|P18084,ONC2_P18084|ITGB5,17,ENSEMBL:ENSG00000082781|ENSEMBL:ENSP00000296181|ENSEMBL:ENSP00000296181.4|HGNC:6160|MESH:C000599263|NCBIGENE:3693|NCIT:C53959|NCIT:C53962|OMIM:147561|PR:000009141|PR:P18084|REACT:R-HSA-1236749|REACT:R-HSA-215948|UMLS:C1416501|UMLS:C4041858|UNIPROTKB:L7RT22|UNIPROTKB:P18084
ITGB6|P18564,IRE_P18564|ITGB6,21,ENSEMBL:ENSG00000115221|ENSEMBL:ENSP00000408024|ENSEMBL:ENSP00000408024.2|ENSEMBL:ENSP00000481183|ENSEMBL:ENSP00000481183.1|HGNC:6161|MESH:C000723964|NCBIGENE:3694|NCIT:C124265|NCIT:C124267|OMIM:147558|PR:000009142|PR:P18564|REACT:R-HSA-215951|UMLS:C1416502|UMLS:C4085553|UMLS:C5771838|UNIPROTKB:A0A087WXP3|UNIPROTKB:B4E2B8|UNIPROTKB:E9PEE8|UNIPROTKB:P18564
ITGB7|P26010,MET_P26010|ITGB7,12,ENSEMBL:ENSG00000139626|HGNC:6162|MESH:C000712028|NCBIGENE:3695|NCIT:C104251|NCIT:C104253|OMIM:147559|PR:P26010|REACT:R-HSA-3006427|UMLS:C1416503|UMLS:C5433419|UNIPROTKB:P26010
ITM2A|O43736,IRE_O43736|ITM2A,9,ENSEMBL:ENSG00000078596|HGNC:6173|MESH:C485527|NCBIGENE:9452|OMIM:300222|PR:O43736|UMLS:C1416511|UMLS:C1435293|UNIPROTKB:O43736
JAM2|P57087,NEU1_P57087|JAM2,10,ENSEMBL:ENSG00000154721|HGNC:14686|MESH:C411887|NCBIGENE:58494|OMIM:606870|PR:P57087|REACT:R-HSA-197899|UMLS:C1422840|UMLS:C1434227|UNIPROTKB:P57087
JCHAIN|P01591,ONC3_P01591|IGJ,18,ENSEMBL:ENSG00000132465|ENSEMBL:ENSP00000254801|ENSEMBL:ENSP00000254801.4|ENSEMBL:ENSP00000426687|ENSEMBL:ENSP00000426687.1|HGNC:5713|MESH:C000723198|NCBIGENE:3512|NCIT:C113522|NCIT:C113525|OMIM:147790|PR:000008965|PR:P01591|REACT:R-HSA-8858030|UMLS:C1416161|UMLS:C3853632|UMLS:C5773883|UNIPROTKB:P01591
JUN|P05412,CRE_P05412|JUN,21,ENSEMBL:ENSG00000177606|ENSEMBL:ENSP00000360266|ENSEMBL:ENSP00000360266.2|ENSEMBL:ENSP00000503132|ENSEMBL:ENSP00000503132.1|HGNC:6204|MESH:C000632984|NCBIGENE:3725|NCIT:C17437|NCIT:C19531|OMIM:165160|PR:000009232|PR:P05412|REACT:R-HSA-168194|REACT:R-HSA-450237|REACT:R-HSA-450250|REACT:R-HSA-8868682|UMLS:C0162508|UMLS:C3536909|UMLS:C5197569|UNIPROTKB:P05412
JUN|P05412,IRE_P05412|JUN,21,ENSEMBL:ENSG00000177606|ENSEMBL:ENSP00000360266|ENSEMBL:ENSP00000360266.2|ENSEMBL:ENSP00000503132|ENSEMBL:ENSP00000503132.1|HGNC:6204|MESH:C000632984|NCBIGENE:3725|NCIT:C17437|NCIT:C19531|OMIM:165160|PR:000009232|PR:P05412|REACT:R-HSA-168194|REACT:R-HSA-450237|REACT:R-HSA-450250|REACT:R-HSA-8868682|UMLS:C0162508|UMLS:C3536909|UMLS:C5197569|UNIPROTKB:P05412
KAZALD1|Q96I82,CRE_Q96I82|KAZALD1,7,ENSEMBL:ENSG00000107821|HGNC:25460|NCBIGENE:81621|OMIM:609208|PR:Q96I82|UMLS:C1537434|UNIPROTKB:Q96I82
KDR|P35968,ONC2_P35968|KDR,20,ENSEMBL:ENSG00000128052|ENSEMBL:LRG_1198|HGNC:6307|LOINC:LP182307-1|MESH:C000588866|NCBIGENE:3791|NCIT:C141267|NCIT:C24532|NCIT:C28496|OMIM:191306|PR:P35968|REACT:R-HSA-195382|REACT:R-HSA-4420103|REACT:R-HSA-9673613|REACT:R-HSA-9673636|REACT:R-HSA-9860484|UMLS:C1334306|UMLS:C3840403|UMLS:C3849882|UNIPROTKB:P35968
KIFBP|Q96EK5,NEX_Q96EK5|KIAA1279,11,ENSEMBL:ENSG00000198954|ENSEMBL:ENSP00000354848|ENSEMBL:ENSP00000354848.4|HGNC:23419|MESH:C503132|NCBIGENE:26128|OMIM:609367|PR:Q96EK5|UMLS:C1428077|UMLS:C1609742|UNIPROTKB:Q96EK5
KIR2DL3|P43628,NEX_P43628|KIR2DL3,49,ENSEMBL:ENSG00000243772|ENSEMBL:ENSG00000273887|ENSEMBL:ENSG00000273947|ENSEMBL:ENSG00000274108|ENSEMBL:ENSG00000274402|ENSEMBL:ENSG00000274410|ENSEMBL:ENSG00000274830|ENSEMBL:ENSG00000274952|ENSEMBL:ENSG00000275008|ENSEMBL:ENSG00000275623|ENSEMBL:ENSG00000275658|ENSEMBL:ENSG00000276218|ENSEMBL:ENSG00000276459|ENSEMBL:ENSG00000276590|ENSEMBL:ENSG00000277317|ENSEMBL:ENSG00000277484|ENSEMBL:ENSG00000277554|ENSEMBL:ENSG00000277924|ENSEMBL:ENSG00000278327|ENSEMBL:ENSG00000278369|ENSEMBL:ENSG00000283702|ENSEMBL:ENSG00000283708|ENSEMBL:ENSG00000283790|ENSEMBL:ENSG00000283996|ENSEMBL:ENSG00000284044|ENSEMBL:ENSG00000284132|ENSEMBL:ENSG00000284236|ENSEMBL:ENSG00000284241|ENSEMBL:ENSG00000284333|ENSEMBL:ENSG00000284504|ENSEMBL:ENSG00000284510|ENSEMBL:ENSP00000478136|ENSEMBL:ENSP00000478136.1|ENSEMBL:ENSP00000478848|ENSEMBL:ENSP00000478848.1|ENSEMBL:ENSP00000481159|ENSEMBL:ENSP00000481159.1|HGNC:6331|MESH:C515078|NCBIGENE:3804|NCIT:C129039|NCIT:C129041|OMIM:604938|PR:P43628|REACT:R-HSA-3006532|UMLS:C0296537|UMLS:C1416645|UNIPROTKB:E3NZD8|UNIPROTKB:P43628
KIRREL2|Q6UWL6,NEX_Q6UWL6|KIRREL2,19,ENSEMBL:ENSG00000126259|ENSEMBL:ENSP00000465305|ENSEMBL:ENSP00000465305.1|ENSEMBL:ENSP00000599508|ENSEMBL:ENSP00000599508.1|ENSEMBL:ENSP00000599510|ENSEMBL:ENSP00000599510.1|HGNC:18816|MESH:C482646|NCBIGENE:84063|OMIM:607762|PR:Q6UWL6|REACT:R-HSA-936066|UMLS:C1425795|UMLS:C1435868|UNIPROTKB:A0A0A0MQV3|UNIPROTKB:A0A0A0MRC1|UNIPROTKB:K7EJS8|UNIPROTKB:Q6UWL6
KITLG|P21583,CVD2_P21583|KITLG,16,ENSEMBL:ENSG00000049130|ENSEMBL:LRG_1379|HGNC:6343|MESH:C000628938|NCBIGENE:4254|NCIT:C20440|NCIT:C21112|OMIM:184745|PR:P21583|REACT:R-HSA-708322|REACT:R-HSA-708323|REACT:R-HSA-708330|UMLS:C1366480|UMLS:C3887684|UMLS:C4743026|UNIPROTKB:P21583
KITLG|P21583,INF_P21583|KITLG,16,ENSEMBL:ENSG00000049130|ENSEMBL:LRG_1379|HGNC:6343|MESH:C000628938|NCBIGENE:4254|NCIT:C20440|NCIT:C21112|OMIM:184745|PR:P21583|REACT:R-HSA-708322|REACT:R-HSA-708323|REACT:R-HSA-708330|UMLS:C1366480|UMLS:C3887684|UMLS:C4743026|UNIPROTKB:P21583
KITLG|P21583,ONC2_P21583|KITLG,16,ENSEMBL:ENSG00000049130|ENSEMBL:LRG_1379|HGNC:6343|MESH:C000628938|NCBIGENE:4254|NCIT:C20440|NCIT:C21112|OMIM:184745|PR:P21583|REACT:R-HSA-708322|REACT:R-HSA-708323|REACT:R-HSA-708330|UMLS:C1366480|UMLS:C3887684|UMLS:C4743026|UNIPROTKB:P21583
KIT|P10721,CAM_P10721|KIT,39,CHEMBL.TARGET:CHEMBL2034798|ENSEMBL:ENSG00000157404|ENSEMBL:ENSP00000390987|ENSEMBL:ENSP00000390987.3|ENSEMBL:ENSP00000508733|ENSEMBL:ENSP00000508733.1|ENSEMBL:ENSP00000508831|ENSEMBL:ENSP00000508831.1|ENSEMBL:ENSP00000509084|ENSEMBL:ENSP00000509084.1|ENSEMBL:ENSP00000509371|ENSEMBL:ENSP00000509371.1|ENSEMBL:ENSP00000509704|ENSEMBL:ENSP00000509704.1|ENSEMBL:LRG_307|HGNC:6342|LOINC:LP288318-1|LOINC:LP94238-0|MESH:C000628936|NCBIGENE:3815|NCIT:C17328|NCIT:C18609|OMIM:164920|PDQ:CDR0000258381|PR:P10721|REACT:R-HSA-8864691|UMLS:C1416655|UMLS:C3853650|UMLS:C4743023|UMLS:C5400043|UMLS:C5400044|UNIPROTKB:A0A0U2N547|UNIPROTKB:A0A8I5KQL9|UNIPROTKB:A0A8I5KQZ6|UNIPROTKB:A0A8I5KS03|UNIPROTKB:A0A8I5QKL5|UNIPROTKB:A0A8I5QKP7|UNIPROTKB:A0A8J8Z860|UNIPROTKB:P10721
KLB|Q86Z14,NEX_Q86Z14|KLB,16,ENSEMBL:ENSG00000134962|ENSEMBL:ENSP00000257408|ENSEMBL:ENSP00000257408.4|HGNC:15527|MESH:C538995|NCBIGENE:152831|NCIT:C119643|NCIT:C119645|OMIM:611135|PR:000009348|PR:Q86Z14|REACT:R-HSA-1307932|UMLS:C1825715|UMLS:C2714298|UNIPROTKB:B4DYH5|UNIPROTKB:Q86Z14
KLK10|O43240,MET_O43240|KLK10,35,ENSEMBL:ENSG00000129451|ENSEMBL:ENSP00000311746|ENSEMBL:ENSP00000311746.2|ENSEMBL:ENSP00000351640|ENSEMBL:ENSP00000351640.2|ENSEMBL:ENSP00000375681|ENSEMBL:ENSP00000375681.1|ENSEMBL:ENSP00000544551|ENSEMBL:ENSP00000544551.1|ENSEMBL:ENSP00000544552|ENSEMBL:ENSP00000544552.1|ENSEMBL:ENSP00000544553|ENSEMBL:ENSP00000544553.1|ENSEMBL:ENSP00000544554|ENSEMBL:ENSP00000544554.1|ENSEMBL:ENSP00000544555|ENSEMBL:ENSP00000544555.1|ENSEMBL:ENSP00000544556|ENSEMBL:ENSP00000544556.1|ENSEMBL:ENSP00000544557|ENSEMBL:ENSP00000544557.1|ENSEMBL:ENSP00000544558|ENSEMBL:ENSP00000544558.1|HGNC:6358|MESH:C100936|NCBIGENE:5655|NCIT:C97206|NCIT:C97208|OMIM:602673|PR:000009407|PR:O43240|UMLS:C1416670|UMLS:C1449006|UNIPROTKB:O43240|UNIPROTKB:Q6ICR6
KLK11|Q9UBX7,ONC2_Q9UBX7|KLK11,11,ENSEMBL:ENSG00000167757|HGNC:6359|NCBIGENE:11012|NCIT:C43294|NCIT:C43297|OMIM:604434|PR:Q9UBX7|UMLS:C1416671|UMLS:C1447694|UNIPROTKB:A0A1R3UDR5|UNIPROTKB:Q9UBX7
KLK12|Q9UKR0,CRE_Q9UKR0|KLK12,10,ENSEMBL:ENSG00000186474|HGNC:6360|NCBIGENE:43849|OMIM:605539|PR:Q9UKR0|REACT:R-HSA-8850802|UMLS:C1416672|UNIPROTKB:B9EGA9|UNIPROTKB:Q49AM7|UNIPROTKB:Q9UKR0
KLK13|Q9UKR3,ONC2_Q9UKR3|KLK13,19,ENSEMBL:ENSG00000167759|ENSEMBL:ENSP00000156476|ENSEMBL:ENSP00000156476.2|ENSEMBL:ENSP00000470245|ENSEMBL:ENSP00000470245.1|ENSEMBL:ENSP00000472248|ENSEMBL:ENSP00000472248.1|HGNC:6361|NCBIGENE:26085|OMIM:605505|PR:Q9UKR3|REACT:R-HSA-2990873|UMLS:C1416673|UNIPROTKB:A0A0A0MQR3|UNIPROTKB:M0QZ27|UNIPROTKB:M0R218|UNIPROTKB:Q5BQ99|UNIPROTKB:Q86VI7|UNIPROTKB:Q9UKR3
KLK14|Q9P0G3,ONC2_Q9P0G3|KLK14,18,ENSEMBL:ENSG00000129437|ENSEMBL:ENSP00000156499|ENSEMBL:ENSP00000156499.3|ENSEMBL:ENSP00000375678|ENSEMBL:ENSP00000375678.1|ENSEMBL:ENSP00000497141|ENSEMBL:ENSP00000497141.1|ENSEMBL:ENSP00000529028|ENSEMBL:ENSP00000529028.1|ENSEMBL:ENSP00000594559|ENSEMBL:ENSP00000594559.1|HGNC:6362|NCBIGENE:43847|OMIM:606135|PR:Q9P0G3|REACT:R-HSA-5694595|UMLS:C1416674|UNIPROTKB:Q9P0G3
KLK4|Q9Y5K2,ONC3_Q9Y5K2|KLK4,14,ENSEMBL:ENSG00000167749|ENSEMBL:ENSP00000326159|ENSEMBL:ENSP00000326159.1|ENSEMBL:ENSP00000472091|ENSEMBL:ENSP00000472091.1|HGNC:6365|NCBIGENE:9622|OMIM:603767|PR:Q9Y5K2|UMLS:C1416675|UNIPROTKB:A0A0C4DFQ5|UNIPROTKB:M0R1S9|UNIPROTKB:Q5BQA0|UNIPROTKB:Q9Y5K2
KLK6|Q92876,CVD3_Q92876|KLK6,11,ENSEMBL:ENSG00000167755|HGNC:6367|MESH:C103551|NCBIGENE:5653|NCIT:C133889|NCIT:C133891|OMIM:602652|PR:Q92876|UMLS:C0534101|UMLS:C1416677|UNIPROTKB:Q92876
KLK8|O60259,ONC2_O60259|KLK8,15,ENSEMBL:ENSG00000129455|ENSEMBL:ENSP00000291726|ENSEMBL:ENSP00000291726.8|HGNC:6369|MESH:C094799|NCBIGENE:11202|OMIM:605644|PR:O60259|REACT:R-HSA-8850829|REACT:R-HSA-8850832|REACT:R-HSA-8850833|UMLS:C0300108|UMLS:C1416679|UNIPROTKB:A0A0A0MQY9|UNIPROTKB:O60259
KLRD1|Q13241,IRE_Q13241|KLRD1,16,ENSEMBL:ENSG00000134539|ENSEMBL:ENSP00000443584|ENSEMBL:ENSP00000443584.1|HGNC:6378|MESH:C497869|NCBIGENE:3824|NCIT:C24535|NCIT:C26478|OMIM:602894|PR:Q13241|REACT:R-HSA-2326854|UMLS:C1334311|UMLS:C1506359|UNIPROTKB:F6WZH4|UNIPROTKB:Q13241|UNIPROTKB:Q53ZY6
KRT19|P08727,IRE_P08727|KRT19,15,ENSEMBL:ENSG00000171345|ENSEMBL:ENSP00000355124|ENSEMBL:ENSP00000355124.3|HGNC:6436|MESH:C000628304|NCBIGENE:3880|NCIT:C16488|NCIT:C38195|OMIM:148020|PR:000009459|PR:P08727|REACT:R-HSA-6809617|UMLS:C1334314|UMLS:C4082253|UNIPROTKB:P08727
KYAT1|Q16773,MET_Q16773|CCBL1,17,ENSEMBL:ENSG00000171097|ENSEMBL:ENSG00000286112|ENSEMBL:ENSP00000399415|ENSEMBL:ENSP00000399415.2|ENSEMBL:ENSP00000498386|ENSEMBL:ENSP00000498386.1|HGNC:1564|NCBIGENE:883|OMIM:600547|PR:Q16773|REACT:R-HSA-893595|UMLS:C1413165|UNIPROTKB:A0A494C066|UNIPROTKB:A8K563|UNIPROTKB:B7Z4W5|UNIPROTKB:J3KQH8|UNIPROTKB:Q16773
KYNU|Q16719,NEU1_Q16719|KYNU,9,ENSEMBL:ENSG00000115919|HGNC:6469|NCBIGENE:8942|OMIM:605197|PR:Q16719|REACT:R-HSA-71201|UMLS:C1416768|UNIPROTKB:Q16719|UNIPROTKB:Q53SX6
L1CAM|P32004,ONC3_P32004|L1CAM,22,ENSEMBL:ENSG00000198910|ENSEMBL:LRG_14|HGNC:6470|LOINC:LP288321-5|LOINC:LP35582-3|MESH:C000633764|NCBIGENE:3897|NCIT:C112136|NCIT:C112138|OMIM:308840|PR:P32004|REACT:R-HSA-191465|REACT:R-HSA-374599|REACT:R-HSA-392737|REACT:R-HSA-443808|REACT:R-HSA-444980|REACT:R-HSA-444982|REACT:R-HSA-444985|UMLS:C1416769|UMLS:C4721485|UMLS:C5197627|UNIPROTKB:P32004
LACTB2|Q53H82,ONC3_Q53H82|LACTB2,18,ENSEMBL:ENSG00000147592|ENSEMBL:ENSP00000276590|ENSEMBL:ENSP00000276590.4|ENSEMBL:ENSP00000428801|ENSEMBL:ENSP00000428801.1|ENSEMBL:ENSP00000549388|ENSEMBL:ENSP00000549388.1|ENSEMBL:ENSP00000549389|ENSEMBL:ENSP00000549389.1|HGNC:18512|MESH:C000607856|NCBIGENE:51110|OMIM:618921|PR:Q53H82|UMLS:C1425568|UMLS:C4276927|UNIPROTKB:A0A024R811|UNIPROTKB:Q53H82
LAG3|P18627,IRE_P18627|LAG3,12,ENSEMBL:ENSG00000089692|HGNC:6476|MESH:C000720326|NCBIGENE:3902|NCIT:C104620|NCIT:C104623|OMIM:153337|PR:P18627|REACT:R-HSA-197837|UMLS:C1416771|UMLS:C1456336|UNIPROTKB:P18627
LAIR1|Q6GTX8,DEV_Q6GTX8|LAIR1,58,ENSEMBL:ENSG00000167613|ENSEMBL:ENSG00000274110|ENSEMBL:ENSG00000276053|ENSEMBL:ENSG00000276163|ENSEMBL:ENSG00000278154|ENSEMBL:ENSP00000319204|ENSEMBL:ENSP00000319204.7|ENSEMBL:ENSP00000375623|ENSEMBL:ENSP00000375623.3|ENSEMBL:ENSP00000391003|ENSEMBL:ENSP00000391003.2|ENSEMBL:ENSP00000478405|ENSEMBL:ENSP00000478405.1|ENSEMBL:ENSP00000478853|ENSEMBL:ENSP00000478853.1|ENSEMBL:ENSP00000479006|ENSEMBL:ENSP00000479006.1|ENSEMBL:ENSP00000479133|ENSEMBL:ENSP00000479133.1|ENSEMBL:ENSP00000479294|ENSEMBL:ENSP00000479294.1|ENSEMBL:ENSP00000479649|ENSEMBL:ENSP00000479649.1|ENSEMBL:ENSP00000479682|ENSEMBL:ENSP00000479682.1|ENSEMBL:ENSP00000479707|ENSEMBL:ENSP00000479707.1|ENSEMBL:ENSP00000479951|ENSEMBL:ENSP00000479951.1|ENSEMBL:ENSP00000480619|ENSEMBL:ENSP00000480619.1|ENSEMBL:ENSP00000480659|ENSEMBL:ENSP00000480659.1|ENSEMBL:ENSP00000481204|ENSEMBL:ENSP00000481204.1|ENSEMBL:ENSP00000481597|ENSEMBL:ENSP00000481597.1|ENSEMBL:ENSP00000482922|ENSEMBL:ENSP00000482922.1|ENSEMBL:ENSP00000483622|ENSEMBL:ENSP00000483622.1|HGNC:6477|NCBIGENE:3903|NCIT:C182134|NCIT:C182136|OMIM:602992|PR:Q6GTX8|REACT:R-HSA-5686426|REACT:R-HSA-6799644|REACT:R-HSA-6800947|UMLS:C1416772|UMLS:C5575597|UNIPROTKB:A0A0G2JMI0|UNIPROTKB:A0A0G2JNK8|UNIPROTKB:A0A140T8W3|UNIPROTKB:A8MZ84|UNIPROTKB:D3YTC8|UNIPROTKB:Q6GTX8
LAIR2|Q6ISS4,NEU1_Q6ISS4|LAIR2,13,ENSEMBL:ENSG00000167618|ENSEMBL:ENSG00000274084|ENSEMBL:ENSG00000275819|ENSEMBL:ENSG00000277335|HGNC:6478|MESH:C000727171|NCBIGENE:3904|OMIM:602993|PR:Q6ISS4|REACT:R-HSA-5696342|UMLS:C1416773|UMLS:C5828822|UNIPROTKB:Q6ISS4
LAMA4|Q16363,DEV_Q16363|LAMA4,11,ENSEMBL:ENSG00000112769|ENSEMBL:LRG_433|HGNC:6484|NCBIGENE:3910|OMIM:600133|PR:Q16363|REACT:R-HSA-2328105|UMLS:C1416778|UNIPROTKB:A0A0A0MTC7|UNIPROTKB:Q16363|UNIPROTKB:Q5D044
LAMP3|Q9UQV4,IRE_Q9UQV4|LAMP3,14,ENSEMBL:ENSG00000078081|ENSEMBL:ENSP00000265598|ENSEMBL:ENSP00000265598.3|HGNC:14582|MESH:C114233|NCBIGENE:27074|NCIT:C24539|NCIT:C26340|OMIM:605883|PR:000001882|PR:Q9UQV4|UMLS:C1308703|UMLS:C1366486|UNIPROTKB:Q9UQV4
LAP3|P28838,ONC3_P28838|LAP3,10,ENSEMBL:ENSG00000002549|HGNC:18449|MESH:C000593380|NCBIGENE:51056|NCIT:C202865|OMIM:170250|PR:P28838|UMLS:C1425522|UMLS:C3884355|UNIPROTKB:P28838
LAT2|Q9GZY6,ODA_Q9GZY6|LAT2,11,ENSEMBL:ENSG00000086730|HGNC:12749|MESH:C419196|NCBIGENE:7462|OMIM:605719|PR:Q9GZY6|REACT:R-HSA-2685597|REACT:R-HSA-2685635|UMLS:C1174361|UMLS:C1825793|UNIPROTKB:Q9GZY6
LAT|O43561,NEU1_O43561|LAT,17,ENSEMBL:ENSG00000213658|HGNC:18874|MESH:C110810|NCBIGENE:27040|NCIT:C176438|NCIT:C176440|OMIM:602354|PR:O43561|REACT:R-HSA-202322|REACT:R-HSA-202364|REACT:R-HSA-2396548|REACT:R-HSA-2396597|REACT:R-HSA-434829|UMLS:C1425844|UMLS:C1433371|UMLS:C5444101|UNIPROTKB:O43561
LAYN|Q6UX15,NEU1_Q6UX15|LAYN,10,ENSEMBL:ENSG00000204381|HGNC:29471|MESH:C546934|NCBIGENE:143903|OMIM:618843|PR:Q6UX15|UMLS:C1825794|UMLS:C2744542|UNIPROTKB:B4DDS5|UNIPROTKB:Q6UX15
LCN2|P80188,CAM_P80188|LCN2,14,ENSEMBL:ENSG00000148346|HGNC:6526|MESH:C489506|NCBIGENE:3934|NCIT:C71435|NCIT:C71452|OMIM:600181|PR:P80188|REACT:R-HSA-5215934|REACT:R-HSA-6799614|REACT:R-HSA-8948365|UMLS:C0215955|UMLS:C1416806|UNIPROTKB:P80188
LDLR|P01130,CVD3_P01130|LDLR,21,ENSEMBL:ENSG00000130164|ENSEMBL:ENSP00000453696|ENSEMBL:ENSP00000453696.2|ENSEMBL:LRG_274|HGNC:6547|LOINC:LP288329-8|LOINC:LP95532-5|MESH:C573412|NCBIGENE:3949|NCIT:C17074|NCIT:C28607|OMIM:606945|PR:P01130|REACT:R-HSA-171053|REACT:R-HSA-171105|REACT:R-HSA-171127|REACT:R-HSA-6784818|UMLS:C1366529|UMLS:C3493221|UNIPROTKB:H0YMQ3|UNIPROTKB:P01130
LEPR|P48357,NEX_P48357|LEPR,15,ENSEMBL:ENSG00000116678|ENSEMBL:LRG_283|HGNC:6554|MESH:C515448|NCBIGENE:3953|NCIT:C24545|NCIT:C26349|OMIM:601007|PR:P48357|REACT:R-HSA-2586513|REACT:R-HSA-2586526|UMLS:C1144168|UMLS:C1366515|UNIPROTKB:P48357|UNIPROTKB:Q4G138
LEP|P41159,CVD2_P41159|LEP,16,ENSEMBL:ENSG00000174697|ENSEMBL:ENSP00000312652|ENSEMBL:ENSP00000312652.4|HGNC:6553|MESH:C000629008|NCBIGENE:3952|NCIT:C46081|NCIT:C95047|OMIM:164160|PR:P41159|REACT:R-HSA-400490|REACT:R-HSA-5640196|UMLS:C1416825|UMLS:C4742979|UNIPROTKB:A4D0Y8|UNIPROTKB:P41159
LGALS1|P09382,ONC2_P09382|LGALS1,16,ENSEMBL:ENSG00000100097|ENSEMBL:ENSP00000215909|ENSEMBL:ENSP00000215909.5|HGNC:6561|MESH:C445499|NCBIGENE:3956|NCIT:C104406|NCIT:C104408|OMIM:150570|PR:P09382|REACT:R-HSA-8956711|REACT:R-HSA-8957003|UMLS:C0252524|UMLS:C1416829|UNIPROTKB:A0A384MR27|UNIPROTKB:P09382
LGALS3|P17931,CVD3_P17931|LGALS3,62,ENSEMBL:ENSG00000131981|ENSEMBL:ENSP00000254301|ENSEMBL:ENSP00000254301.9|ENSEMBL:ENSP00000558113|ENSEMBL:ENSP00000558113.1|ENSEMBL:ENSP00000558114|ENSEMBL:ENSP00000558114.1|ENSEMBL:ENSP00000558115|ENSEMBL:ENSP00000558115.1|ENSEMBL:ENSP00000558116|ENSEMBL:ENSP00000558116.1|ENSEMBL:ENSP00000558117|ENSEMBL:ENSP00000558117.1|ENSEMBL:ENSP00000558118|ENSEMBL:ENSP00000558118.1|ENSEMBL:ENSP00000558119|ENSEMBL:ENSP00000558119.1|ENSEMBL:ENSP00000558121|ENSEMBL:ENSP00000558121.1|ENSEMBL:ENSP00000558122|ENSEMBL:ENSP00000558122.1|ENSEMBL:ENSP00000558123|ENSEMBL:ENSP00000558123.1|ENSEMBL:ENSP00000558124|ENSEMBL:ENSP00000558124.1|ENSEMBL:ENSP00000558125|ENSEMBL:ENSP00000558125.1|ENSEMBL:ENSP00000558126|ENSEMBL:ENSP00000558126.1|ENSEMBL:ENSP00000558127|ENSEMBL:ENSP00000558127.1|ENSEMBL:ENSP00000558128|ENSEMBL:ENSP00000558128.1|ENSEMBL:ENSP00000618010|ENSEMBL:ENSP00000618010.1|ENSEMBL:ENSP00000618011|ENSEMBL:ENSP00000618011.1|ENSEMBL:ENSP00000618012|ENSEMBL:ENSP00000618012.1|ENSEMBL:ENSP00000618013|ENSEMBL:ENSP00000618013.1|ENSEMBL:ENSP00000618014|ENSEMBL:ENSP00000618014.1|ENSEMBL:ENSP00000618015|ENSEMBL:ENSP00000618015.1|ENSEMBL:ENSP00000618016|ENSEMBL:ENSP00000618016.1|HGNC:6563|MESH:C428445|NCBIGENE:3958|NCIT:C104857|NCIT:C104859|OMIM:153619|PR:P17931|REACT:R-HSA-6803307|REACT:R-HSA-6803327|REACT:R-HSA-879445|REACT:R-HSA-8938366|UMLS:C1416831|UMLS:C3710772|UNIPROTKB:A0A024R693|UNIPROTKB:P17931
LGALS4|P56470,CVD3_P56470|LGALS4,15,ENSEMBL:ENSG00000171747|ENSEMBL:ENSG00000282992|ENSEMBL:ENSP00000302100|ENSEMBL:ENSP00000302100.3|ENSEMBL:ENSP00000489411|ENSEMBL:ENSP00000489411.1|HGNC:6565|MESH:C511927|NCBIGENE:3960|OMIM:602518|PR:P56470|UMLS:C1416832|UMLS:C1723419|UNIPROTKB:P56470|UNIPROTKB:Q6FHZ4
LGALS7_LGALS7B|P47929,"CRE_P47929|LGALS7,LGALS7B",14,ENSEMBL:ENSP00000313571|ENSEMBL:ENSP00000313571.3|ENSEMBL:ENSP00000367891|ENSEMBL:ENSP00000367891.3|ENSEMBL:ENSP00000489395|ENSEMBL:ENSP00000489395.1|ENSEMBL:ENSP00000489582|ENSEMBL:ENSP00000489582.1|MESH:C092525|NCIT:C90331|PR:P47929|REACT:R-HSA-9861116|UMLS:C1447351|UNIPROTKB:P47929
LGALS8|O00214,NEU1_O00214|LGALS8,11,ENSEMBL:ENSG00000116977|HGNC:6569|MESH:C091991|NCBIGENE:3964|NCIT:C24547|NCIT:C26352|OMIM:606099|PR:O00214|UMLS:C1098710|UMLS:C1334336|UNIPROTKB:O00214
LGALS9|O00182,CVD2_O00182|LGALS9,12,ENSEMBL:ENSG00000168961|HGNC:6570|MESH:C105032|NCBIGENE:3965|NCIT:C112123|NCIT:C112126|OMIM:601879|PR:O00182|REACT:R-HSA-5215932|UMLS:C0537111|UMLS:C1416836|UNIPROTKB:O00182
LGMN|Q99538,DEV_Q99538|LGMN,11,ENSEMBL:ENSG00000100600|HGNC:9472|NCBIGENE:5641|OMIM:602620|PR:Q99538|REACT:R-HSA-350135|REACT:R-HSA-8942384|UMLS:C1456349|UNIPROTKB:Q53XC6|UNIPROTKB:Q96CY7|UNIPROTKB:Q99538
LHB|P01229,ODA_P01229|LHB,20,ENSEMBL:ENSG00000104826|ENSEMBL:ENSP00000497294|ENSEMBL:ENSP00000497294.2|ENSEMBL:LRG_1361|HGNC:6584|LOINC:LP15715-3|MESH:D037101|NCBIGENE:3972|NCIT:C87235|OMIM:152780|PR:000009783|PR:P01229|REACT:R-HSA-378982|REACT:R-HSA-6793929|REACT:R-HSA-6793932|SNOMEDCT:103030009|UMLS:C0065261|UMLS:C1416842|UNIPROTKB:A0A0F7RQE6|UNIPROTKB:P01229
LIFR|P42702,INF_P42702|LIFR,22,ENSEMBL:ENSG00000113594|ENSEMBL:ENSP00000263409|ENSEMBL:ENSP00000263409.4|ENSEMBL:ENSP00000398368|ENSEMBL:ENSP00000398368.2|ENSEMBL:ENSP00000542190|ENSEMBL:ENSP00000542190.1|ENSEMBL:ENSP00000622552|ENSEMBL:ENSP00000622552.1|HGNC:6597|MESH:C507840|NCBIGENE:3977|NCIT:C24552|NCIT:C26321|OMIM:151443|PR:P42702|REACT:R-HSA-5693181|REACT:R-HSA-8934704|UMLS:C1334339|UMLS:C1506606|UNIPROTKB:A8K1Z4|UNIPROTKB:P42702
LIF|P15018,INF_P15018|LIF,13,ENSEMBL:ENSG00000128342|HGNC:6596|MESH:C507837|NCBIGENE:3976|NCIT:C20524|NCIT:C24551|OMIM:159540|PR:P15018|REACT:R-HSA-5696436|REACT:R-HSA-6784985|UMLS:C1366463|UMLS:C1453955|UNIPROTKB:P15018
LILRA5|A6NI73,MET_A6NI73|LILRA5,14,ENSEMBL:ENSG00000187116|ENSEMBL:ENSG00000274113|ENSEMBL:ENSG00000274914|ENSEMBL:ENSG00000275404|ENSEMBL:ENSG00000278355|HGNC:16309|MESH:C471973|NCBIGENE:353514|OMIM:606047|PR:A6NI73|REACT:R-HSA-6786741|UMLS:C1174815|UMLS:C1825813|UNIPROTKB:A6NI73
LILRB1|Q8NHL6,CAM_Q8NHL6|LILRB1,63,ENSEMBL:ENSG00000104972|ENSEMBL:ENSG00000274669|ENSEMBL:ENSG00000276452|ENSEMBL:ENSG00000277134|ENSEMBL:ENSG00000277807|ENSEMBL:ENSP00000315997|ENSEMBL:ENSP00000315997.7|ENSEMBL:ENSP00000379608|ENSEMBL:ENSP00000379608.1|ENSEMBL:ENSP00000379610|ENSEMBL:ENSP00000379610.1|ENSEMBL:ENSP00000379618|ENSEMBL:ENSP00000379618.3|ENSEMBL:ENSP00000379622|ENSEMBL:ENSP00000379622.1|ENSEMBL:ENSP00000379623|ENSEMBL:ENSP00000379623.4|ENSEMBL:ENSP00000481700|ENSEMBL:ENSP00000481700.1|ENSEMBL:ENSP00000481701|ENSEMBL:ENSP00000481701.1|ENSEMBL:ENSP00000482978|ENSEMBL:ENSP00000482978.1|ENSEMBL:ENSP00000484746|ENSEMBL:ENSP00000484746.1|ENSEMBL:ENSP00000560853|ENSEMBL:ENSP00000560853.1|ENSEMBL:ENSP00000560854|ENSEMBL:ENSP00000560854.1|ENSEMBL:ENSP00000560855|ENSEMBL:ENSP00000560855.1|ENSEMBL:ENSP00000560856|ENSEMBL:ENSP00000560856.1|ENSEMBL:ENSP00000560857|ENSEMBL:ENSP00000560857.1|ENSEMBL:ENSP00000560859|ENSEMBL:ENSP00000560859.1|ENSEMBL:ENSP00000560861|ENSEMBL:ENSP00000560861.1|ENSEMBL:ENSP00000560862|ENSEMBL:ENSP00000560862.1|ENSEMBL:ENSP00000625198|ENSEMBL:ENSP00000625198.1|HGNC:6605|MESH:C105299|NCBIGENE:10859|NCIT:C124240|NCIT:C124242|OMIM:604811|PR:000009808|PR:Q8NHL6|REACT:R-HSA-197721|UMLS:C1416857|UMLS:C1741325|UNIPROTKB:A0A087WSV6|UNIPROTKB:A0A087WSX8|UNIPROTKB:A0A0B4J1W1|UNIPROTKB:A0A0G2JNM2|UNIPROTKB:A0A0G2JP64|UNIPROTKB:A0A0G2JQ15|UNIPROTKB:A8MVE2|UNIPROTKB:D9IDM5|UNIPROTKB:Q8NHL6
LILRB2|Q8N423,CAM_Q8N423|LILRB2,36,ENSEMBL:ENSG00000131042|ENSEMBL:ENSG00000274513|ENSEMBL:ENSG00000275463|ENSEMBL:ENSG00000276146|ENSEMBL:ENSG00000277751|ENSEMBL:ENSP00000480302|ENSEMBL:ENSP00000480302.1|ENSEMBL:ENSP00000480841|ENSEMBL:ENSP00000480841.1|ENSEMBL:ENSP00000481208|ENSEMBL:ENSP00000481208.1|ENSEMBL:ENSP00000482933|ENSEMBL:ENSP00000482933.1|ENSEMBL:ENSP00000483014|ENSEMBL:ENSP00000483014.1|ENSEMBL:ENSP00000483478|ENSEMBL:ENSP00000483478.1|ENSEMBL:ENSP00000483553|ENSEMBL:ENSP00000483553.1|ENSEMBL:ENSP00000484373|ENSEMBL:ENSP00000484373.1|HGNC:6606|MESH:C491341|NCBIGENE:10288|NCIT:C102793|NCIT:C102795|OMIM:604815|PR:000009809|PR:Q8N423|REACT:R-HSA-197725|REACT:R-HSA-6801373|REACT:R-HSA-6801392|UMLS:C1416858|UMLS:C1449055|UMLS:C3538732|UNIPROTKB:Q8N423
LILRB4|Q8NHJ6,IRE_Q8NHJ6|LILRB4,35,ENSEMBL:ENSG00000186818|ENSEMBL:ENSG00000275730|ENSEMBL:ENSG00000276042|ENSEMBL:ENSG00000278279|ENSEMBL:ENSG00000278555|ENSEMBL:ENSP00000375613|ENSEMBL:ENSP00000375613.3|ENSEMBL:ENSP00000375614|ENSEMBL:ENSP00000375614.3|ENSEMBL:ENSP00000375616|ENSEMBL:ENSP00000375616.1|ENSEMBL:ENSP00000408995|ENSEMBL:ENSP00000408995.2|ENSEMBL:ENSP00000481609|ENSEMBL:ENSP00000481609.1|ENSEMBL:ENSP00000511897|ENSEMBL:ENSP00000511897.1|HGNC:6608|MESH:C107907|NCBIGENE:11006|NCIT:C178177|NCIT:C178179|OMIM:604821|PR:000009811|PR:Q8NHJ6|PTHR11738:SF178|REACT:R-HSA-197718|UMLS:C0539587|UMLS:C1416860|UNIPROTKB:A0A0A0MS20|UNIPROTKB:A0A0A0MSZ8|UNIPROTKB:A0A0G2JNL1|UNIPROTKB:A0A8Q3SHR1|UNIPROTKB:A8MUE1|UNIPROTKB:Q8NHJ6
LILRB5|O75023,CAM_O75023|LILRB5,38,ENSEMBL:ENSG00000105609|ENSEMBL:ENSG00000273991|ENSEMBL:ENSG00000274311|ENSEMBL:ENSG00000277414|ENSEMBL:ENSG00000278437|ENSEMBL:ENSP00000478835|ENSEMBL:ENSP00000478835.1|ENSEMBL:ENSP00000478912|ENSEMBL:ENSP00000478912.1|ENSEMBL:ENSP00000479022|ENSEMBL:ENSP00000479022.1|ENSEMBL:ENSP00000479413|ENSEMBL:ENSP00000479413.1|ENSEMBL:ENSP00000480909|ENSEMBL:ENSP00000480909.1|ENSEMBL:ENSP00000481263|ENSEMBL:ENSP00000481263.1|ENSEMBL:ENSP00000482062|ENSEMBL:ENSP00000482062.1|ENSEMBL:ENSP00000482404|ENSEMBL:ENSP00000482404.1|ENSEMBL:ENSP00000482535|ENSEMBL:ENSP00000482535.1|ENSEMBL:ENSP00000483481|ENSEMBL:ENSP00000483481.1|ENSEMBL:ENSP00000483502|ENSEMBL:ENSP00000483502.1|ENSEMBL:ENSP00000483649|ENSEMBL:ENSP00000483649.1|HGNC:6609|MESH:C527700|NCBIGENE:10990|OMIM:604814|PR:O75023|REACT:R-HSA-197730|UMLS:C1416861|UMLS:C2352530|UNIPROTKB:O75023
LPL|P06858,CVD2_P06858|LPL,19,ENSEMBL:ENSG00000175445|ENSEMBL:ENSP00000497642|ENSEMBL:ENSP00000497642.1|ENSEMBL:ENSP00000635987|ENSEMBL:ENSP00000635987.1|ENSEMBL:LRG_1298|HGNC:6677|MESH:C548261|NCBIGENE:4023|NCIT:C104614|NCIT:C104616|OMIM:609708|PR:P06858|REACT:R-HSA-174605|REACT:R-HSA-5640177|UMLS:C1416902|UMLS:C2932881|UNIPROTKB:A0A1B1RVA9|UNIPROTKB:P06858
LRIG1|Q96JA1,MET_Q96JA1|LRIG1,15,ENSEMBL:ENSG00000144749|HGNC:17360|MESH:C484445|NCBIGENE:26018|NCIT:C79767|NCIT:C79769|OMIM:608868|PR:000009914|PR:Q96JA1|REACT:R-HSA-197745|REACT:R-HSA-8875434|UMLS:C1424933|UMLS:C1433490|UMLS:C2697911|UNIPROTKB:Q96JA1
LRP11|Q86VZ4,MET_Q86VZ4|LRP11,10,ENSEMBL:ENSG00000120256|ENSEMBL:ENSP00000356338|ENSEMBL:ENSP00000356338.2|HGNC:16936|NCBIGENE:84918|PR:Q86VZ4|UMLS:C1424649|UNIPROTKB:B4DS68|UNIPROTKB:Q5VYB9|UNIPROTKB:Q86VZ4
LRP1|Q07954,ODA_Q07954|LRP1,16,CHEMBL.TARGET:CHEMBL4630884|ENSEMBL:ENSG00000123384|HGNC:6692|MESH:C475476|NCBIGENE:4035|NCIT:C95472|NCIT:C95474|OMIM:107770|PR:Q07954|REACT:R-HSA-1454844|REACT:R-HSA-2230981|UMLS:C1259504|UMLS:C1416912|UMLS:C2987172|UNIPROTKB:Q07954|UNIPROTKB:Q59FG2
LRPAP1|P30533,NEU1_P30533|LRPAP1,13,ENSEMBL:ENSG00000163956|ENSEMBL:ENSP00000497444|ENSEMBL:ENSP00000497444.1|ENSEMBL:LRG_1299|HGNC:6701|NCBIGENE:4043|NCIT:C202951|OMIM:104225|PR:000009929|PR:P30533|UMLS:C1416920|UMLS:C5891027|UNIPROTKB:P30533
LRRN1|Q6UXK5,CRE_Q6UXK5|LRRN1,38,ENSEMBL:ENSG00000175928|ENSEMBL:ENSP00000314901|ENSEMBL:ENSP00000314901.3|ENSEMBL:ENSP00000580025|ENSEMBL:ENSP00000580025.1|ENSEMBL:ENSP00000604660|ENSEMBL:ENSP00000604660.1|ENSEMBL:ENSP00000604661|ENSEMBL:ENSP00000604661.1|ENSEMBL:ENSP00000604662|ENSEMBL:ENSP00000604662.1|ENSEMBL:ENSP00000604663|ENSEMBL:ENSP00000604663.1|ENSEMBL:ENSP00000604664|ENSEMBL:ENSP00000604664.1|ENSEMBL:ENSP00000604665|ENSEMBL:ENSP00000604665.1|ENSEMBL:ENSP00000604666|ENSEMBL:ENSP00000604666.1|ENSEMBL:ENSP00000604667|ENSEMBL:ENSP00000604667.1|ENSEMBL:ENSP00000604668|ENSEMBL:ENSP00000604668.1|ENSEMBL:ENSP00000604669|ENSEMBL:ENSP00000604669.1|ENSEMBL:ENSP00000604670|ENSEMBL:ENSP00000604670.1|ENSEMBL:ENSP00000604671|ENSEMBL:ENSP00000604671.1|HGNC:20980|MESH:C494421|NCBIGENE:57633|OMIM:619623|PR:Q6UXK5|UMLS:C1427219|UMLS:C1530486|UNIPROTKB:A8K6Q2|UNIPROTKB:Q6UXK5
LSP1|P33241,ONC3_P33241|LSP1,14,ENSEMBL:ENSG00000130592|ENSEMBL:ENSG00000288199|HGNC:6707|MESH:C489183|NCBIGENE:4046|NCIT:C68713|NCIT:C68715|OMIM:153432|PR:000009967|PR:P33241|UMLS:C1416925|UMLS:C1505321|UNIPROTKB:A8K7L8|UNIPROTKB:P33241
LTA4H|P09960,ODA_P09960|LTA4H,15,ENSEMBL:ENSG00000111144|HGNC:6710|NCBIGENE:4048|NCIT:C116949|NCIT:C116951|OMIM:151570|PR:P09960|REACT:R-HSA-266022|REACT:R-HSA-6803303|REACT:R-HSA-6803308|REACT:R-HSA-6803343|UMLS:C1416927|UMLS:C3889162|UNIPROTKB:A0A140VK27|UNIPROTKB:P09960
LTA|P01374,INF_P01374|LTA,57,CHV:0000049127|ENSEMBL:ENSG00000173503|ENSEMBL:ENSG00000223919|ENSEMBL:ENSG00000226275|ENSEMBL:ENSG00000226979|ENSEMBL:ENSG00000230279|ENSEMBL:ENSG00000231408|ENSEMBL:ENSG00000238130|ENSEMBL:ENSP00000372791|ENSEMBL:ENSP00000372791.2|ENSEMBL:ENSP00000372793|ENSEMBL:ENSP00000372793.2|ENSEMBL:ENSP00000372991|ENSEMBL:ENSP00000372991.2|ENSEMBL:ENSP00000383131|ENSEMBL:ENSP00000383131.1|ENSEMBL:ENSP00000387924|ENSEMBL:ENSP00000387924.2|ENSEMBL:ENSP00000395895|ENSEMBL:ENSP00000395895.1|ENSEMBL:ENSP00000395976|ENSEMBL:ENSP00000395976.1|ENSEMBL:ENSP00000402413|ENSEMBL:ENSP00000402413.1|ENSEMBL:ENSP00000403495|ENSEMBL:ENSP00000403495.1|ENSEMBL:ENSP00000407133|ENSEMBL:ENSP00000407133.2|ENSEMBL:ENSP00000412555|ENSEMBL:ENSP00000412555.2|ENSEMBL:ENSP00000413450|ENSEMBL:ENSP00000413450.2|ENSEMBL:ENSP00000416337|ENSEMBL:ENSP00000416337.1|ENSEMBL:ENSP00000416509|ENSEMBL:ENSP00000416509.2|ENSEMBL:ENSP00000547386|ENSEMBL:ENSP00000547386.1|HGNC:6709|MESH:C000630066|MESH:D008233|NCBIGENE:4049|NCIT:C18424|NCIT:C20536|OMIM:153440|PR:000002204|PR:P01374|REACT:R-HSA-5667153|UMLS:C0024320|UMLS:C0812308|UMLS:C3887647|UMLS:C5196777|UNIPROTKB:A0A0G2JHD4|UNIPROTKB:P01374|UNIPROTKB:Q5ST95|UNIPROTKB:Q5STV3|UNIPROTKB:Q6FG55
LTBP2|Q14767,CAM_Q14767|LTBP2,14,ENSEMBL:ENSG00000119681|ENSEMBL:ENSP00000261978|ENSEMBL:ENSP00000261978.4|HGNC:6715|MESH:C509035|NCBIGENE:4053|NCIT:C24561|NCIT:C26331|OMIM:602091|PR:Q14767|REACT:R-HSA-2161340|UMLS:C0292186|UMLS:C1334351|UNIPROTKB:Q14767
LTBR|P36941,CVD3_P36941|LTBR,15,CHEMBL.TARGET:CHEMBL1250360|ENSEMBL:ENSG00000111321|HGNC:6718|MESH:C505697|NCBIGENE:4055|NCIT:C116040|NCIT:C116042|OMIM:600979|PR:000009976|PR:P36941|PTHR47607:SF1|REACT:R-HSA-5668750|UMLS:C1412022|UMLS:C1416931|UNIPROTKB:P36941
LXN|Q9BS40,NEU1_Q9BS40|LXN,11,ENSEMBL:ENSG00000079257|ENSEMBL:ENSP00000264265|ENSEMBL:ENSP00000264265.3|HGNC:13347|MESH:C000611527|NCBIGENE:56925|OMIM:609305|PR:Q9BS40|UMLS:C1537624|UMLS:C4307742|UNIPROTKB:Q9BS40
LY75|O60449,IRE_O60449|LY75,10,CHEMBL.TARGET:CHEMBL4804258|MESH:C093569|NCIT:C165726|PR:000001026|PR:O60449|UMLS:C0297523|UMLS:C5234905|UMLS:C5234906|UMLS:C5237405|UNIPROTKB:O60449
LY9|Q9HBG7,ONC2_Q9HBG7|LY9,20,ENSEMBL:ENSG00000122224|ENSEMBL:ENSP00000357018|ENSEMBL:ENSP00000357018.2|ENSEMBL:ENSP00000376039|ENSEMBL:ENSP00000376039.4|HGNC:6730|MESH:C430423|NCBIGENE:4063|NCIT:C182437|NCIT:C182440|OMIM:600684|PR:000001842|PR:Q9HBG7|UMLS:C1416940|UMLS:C1453161|UNIPROTKB:A0A0C4DFU4|UNIPROTKB:Q05CA2|UNIPROTKB:Q0VAI0|UNIPROTKB:Q5VYH9|UNIPROTKB:Q9HBG7
LYAR|Q9NX58,CRE_Q9NX58|LYAR,17,ENSEMBL:ENSG00000145220|ENSEMBL:ENSP00000345917|ENSEMBL:ENSP00000345917.4|ENSEMBL:ENSP00000397367|ENSEMBL:ENSP00000397367.1|ENSEMBL:ENSP00000540405|ENSEMBL:ENSP00000540405.1|ENSEMBL:ENSP00000615782|ENSEMBL:ENSP00000615782.1|HGNC:26021|MESH:C000592018|NCBIGENE:55646|OMIM:617684|PR:Q9NX58|UMLS:C2239661|UMLS:C3884448|UNIPROTKB:Q9NX58
LYN|P07948,ONC2_P07948|LYN,20,ENSEMBL:ENSG00000254087|HGNC:6735|NCBIGENE:4067|NCIT:C17326|NCIT:C18423|OMIM:165120|PR:P07948|REACT:R-HSA-197943|REACT:R-HSA-2454229|REACT:R-HSA-354251|REACT:R-HSA-8942608|REACT:R-HSA-9606875|REACT:R-HSA-9705728|REACT:R-HSA-9707903|UMLS:C0812307|UMLS:C1442804|UNIPROTKB:A8K379|UNIPROTKB:B4DQ79|UNIPROTKB:P07948|UNIPROTKB:Q6NUK7
LYPD1|Q8N2G4,CRE_Q8N2G4|LYPD1,11,ENSEMBL:ENSG00000150551|HGNC:28431|MESH:C510169|NCBIGENE:116372|OMIM:610450|PR:Q8N2G4|REACT:R-HSA-8940758|REACT:R-HSA-8941053|UMLS:C1537628|UMLS:C1721617|UNIPROTKB:Q8N2G4
LYPD3|O95274,ONC2_O95274|LYPD3,17,ENSEMBL:ENSG00000124466|ENSEMBL:ENSP00000244333|ENSEMBL:ENSP00000244333.2|HGNC:24880|MESH:C472589|NCBIGENE:27076|NCIT:C132240|NCIT:C132242|OMIM:609484|PR:000010004|PR:O95274|REACT:R-HSA-8940752|REACT:R-HSA-8941013|UMLS:C1175291|UMLS:C1825918|UNIPROTKB:B2RBR3|UNIPROTKB:O95274
LYVE1|Q9Y5Y7,CAM_Q9Y5Y7|LYVE1,17,ENSEMBL:ENSG00000133800|ENSEMBL:ENSP00000256178|ENSEMBL:ENSP00000256178.3|HGNC:14687|MESH:C119248|NCBIGENE:10894|NCIT:C97287|NCIT:C97289|OMIM:605702|PR:000010012|PR:Q9Y5Y7|REACT:R-HSA-2160921|UMLS:C0767654|UMLS:C1422841|UMLS:C3273329|UNIPROTKB:B2R672|UNIPROTKB:Q9Y5Y7
MAD1L1|Q9Y6D9,NEX_Q9Y6D9|MAD1L1,10,ENSEMBL:ENSG00000002822|HGNC:6762|MESH:C501384|NCBIGENE:8379|OMIM:602686|PR:Q9Y6D9|REACT:R-HSA-141433|UMLS:C1308476|UMLS:C1416958|UNIPROTKB:Q9Y6D9
MAEA|Q7L5Y9,ODA_Q7L5Y9|MAEA,23,ENSEMBL:ENSG00000090316|ENSEMBL:ENSP00000424436|ENSEMBL:ENSP00000424436.1|ENSEMBL:ENSP00000426807|ENSEMBL:ENSP00000426807.1|ENSEMBL:ENSP00000427512|ENSEMBL:ENSP00000427512.1|HGNC:13731|MESH:C115214|NCBIGENE:10296|OMIM:606801|PR:Q7L5Y9|REACT:R-HSA-9861711|UMLS:C0759060|UMLS:C1422169|UNIPROTKB:B3KRN7|UNIPROTKB:B4DJP8|UNIPROTKB:B4DQT1|UNIPROTKB:B4DVN3|UNIPROTKB:D6RIB6|UNIPROTKB:F6S2M2|UNIPROTKB:F6UB65|UNIPROTKB:Q7L5Y9
MAGED1|Q9Y5V3,ODA_Q9Y5V3|MAGED1,16,ENSEMBL:ENSG00000179222|HGNC:6813|MESH:C120897|NCBIGENE:9500|NCIT:C24570|NCIT:C26484|OMIM:300224|PR:000010075|PR:Q9Y5V3|REACT:R-HSA-196002|REACT:R-HSA-9769818|REACT:R-HSA-9769825|UMLS:C0960824|UMLS:C1334472|UMLS:C2830175|UNIPROTKB:Q9Y5V3
MANF|P55145,NEU1_P55145|MANF,16,ENSEMBL:ENSG00000145050|ENSEMBL:ENSP00000432799|ENSEMBL:ENSP00000432799.3|HGNC:15461|MESH:C099695|NCBIGENE:7873|NCIT:C21317|NCIT:C21337|OMIM:601916|PR:P55145|REACT:R-HSA-8862946|REACT:R-HSA-8862958|UMLS:C0390113|UMLS:C1332114|UNIPROTKB:A8K878|UNIPROTKB:P55145
MANSC1|Q9H8J5,ONC3_Q9H8J5|MANSC1,7,ENSEMBL:ENSG00000111261|ENSEMBL:ENSG00000281818|HGNC:25505|NCBIGENE:54682|PR:Q9H8J5|UMLS:C1537648|UNIPROTKB:Q9H8J5
MAP2K6|P52564,CRE_P52564|MAP2K6,18,ENSEMBL:ENSG00000108984|HGNC:6846|MESH:C482566|NCBIGENE:5608|NCIT:C24571|NCIT:C26485|OMIM:601254|PR:P52564|REACT:R-HSA-167998|REACT:R-HSA-206255|REACT:R-HSA-450258|REACT:R-HSA-5211385|REACT:R-HSA-5211390|REACT:R-HSA-5211398|UMLS:C1334475|UMLS:C1435639|UNIPROTKB:A8K3Y2|UNIPROTKB:P52564
MAP4K5|Q9Y4K4,ODA_Q9Y4K4|MAP4K5,14,ENSEMBL:ENSG00000012983|ENSEMBL:ENSP00000013125|ENSEMBL:ENSP00000013125.5|ENSEMBL:ENSP00000507200|ENSEMBL:ENSP00000507200.1|HGNC:6867|MESH:C404144|NCBIGENE:11183|OMIM:604923|PR:Q9Y4K4|UMLS:C1417021|UMLS:C1438750|UNIPROTKB:B3KWC4|UNIPROTKB:Q9Y4K4
MAPT|P10636,NEU1_P10636|MAPT,28,ENSEMBL:ENSG00000186868|ENSEMBL:ENSG00000276155|ENSEMBL:ENSG00000277956|ENSEMBL:ENSP00000262410|ENSEMBL:ENSP00000262410.6|ENSEMBL:ENSP00000340820|ENSEMBL:ENSP00000340820.6|ENSEMBL:ENSP00000554843|ENSEMBL:ENSP00000554843.1|ENSEMBL:LRG_660|HGNC:6893|LOINC:LP288340-5|LOINC:LP35583-1|NCBIGENE:4137|NCIT:C75635|OMIM:157140|PR:P10636|REACT:R-HSA-201574|REACT:R-HSA-350628|REACT:R-HSA-350642|REACT:R-HSA-9619519|REACT:R-HSA-9619521|REACT:R-HSA-9836400|UMLS:C1446659|UNIPROTKB:A0A7I2PJZ2|UNIPROTKB:A0A7I2PLE3|UNIPROTKB:B3KTM0|UNIPROTKB:P10636
MARCO|Q9UEW3,CVD2_Q9UEW3|MARCO,12,ENSEMBL:ENSG00000019169|HGNC:6895|MESH:C490460|NCBIGENE:8685|OMIM:604870|PR:Q9UEW3|REACT:R-HSA-2173724|REACT:R-HSA-2239463|UMLS:C1417032|UMLS:C1454532|UNIPROTKB:Q4ZG40|UNIPROTKB:Q9UEW3
MASP1|P48740,IRE_P48740|MASP1,13,ENSEMBL:ENSG00000127241|ENSEMBL:LRG_349|HGNC:6901|MESH:C084067|NCBIGENE:5648|OMIM:600521|PR:P48740|REACT:R-HSA-166687|REACT:R-HSA-182685|REACT:R-HSA-182686|UMLS:C0248508|UMLS:C1417036|UNIPROTKB:P48740
MATN2|O00339,DEV_O00339|MATN2,11,ENSEMBL:ENSG00000132561|HGNC:6908|MESH:C577541|NCBIGENE:4147|OMIM:602108|PR:O00339|UMLS:C1417042|UMLS:C3711593|UNIPROTKB:A0A140VKH7|UNIPROTKB:O00339|UNIPROTKB:Q8N2G3
MATN3|O15232,NEU1_O15232|MATN3,12,ENSEMBL:ENSG00000132031|HGNC:6909|MESH:C577545|NCBIGENE:4148|OMIM:602109|PR:O15232|REACT:R-HSA-2426297|REACT:R-HSA-8956719|REACT:R-HSA-8957026|UMLS:C1417043|UMLS:C3713731|UNIPROTKB:O15232
MAX|P61244,ODA_P61244|MAX,27,ENSEMBL:ENSG00000125952|ENSEMBL:ENSP00000450955|ENSEMBL:ENSP00000450955.1|ENSEMBL:ENSP00000452197|ENSEMBL:ENSP00000452197.1|ENSEMBL:ENSP00000452286|ENSEMBL:ENSP00000452286.1|ENSEMBL:ENSP00000452405|ENSEMBL:ENSP00000452405.1|ENSEMBL:LRG_530|HGNC:6913|MESH:C499330|NCBIGENE:4149|NCIT:C18576|NCIT:C19951|OMIM:154950|PR:P61244|REACT:R-HSA-3006627|UMLS:C0919516|UMLS:C1506708|UNIPROTKB:G3V302|UNIPROTKB:G3V563|UNIPROTKB:G3V5C3|UNIPROTKB:G3V5L1|UNIPROTKB:P61244|UNIPROTKB:Q6V3B1|UNIPROTKB:Q8TAX8
MBL2|P11226,CAM_P11226|MBL2,23,ENSEMBL:ENSG00000165471|ENSEMBL:ENSP00000363079|ENSEMBL:ENSP00000363079.3|ENSEMBL:ENSP00000502615|ENSEMBL:ENSP00000502615.1|ENSEMBL:ENSP00000502789|ENSEMBL:ENSP00000502789.1|ENSEMBL:ENSP00000547501|ENSEMBL:ENSP00000547501.1|ENSEMBL:LRG_154|HGNC:6922|LOINC:LP184366-5|LOINC:LP288342-1|MESH:C445619|NCBIGENE:4153|NCIT:C68578|NCIT:C68581|OMIM:154545|PR:P11226|REACT:R-HSA-166674|UMLS:C0526870|UMLS:C1417054|UNIPROTKB:P11226
MB|P02144,CVD3_P02144|MB,44,ENSEMBL:ENSG00000198125|ENSEMBL:ENSP00000352835|ENSEMBL:ENSP00000352835.1|ENSEMBL:ENSP00000380489|ENSEMBL:ENSP00000380489.2|ENSEMBL:ENSP00000380491|ENSEMBL:ENSP00000380491.1|ENSEMBL:ENSP00000384239|ENSEMBL:ENSP00000384239.1|ENSEMBL:ENSP00000386060|ENSEMBL:ENSP00000386060.1|ENSEMBL:ENSP00000572309|ENSEMBL:ENSP00000572309.1|ENSEMBL:ENSP00000572310|ENSEMBL:ENSP00000572310.1|ENSEMBL:ENSP00000616236|ENSEMBL:ENSP00000616236.1|ENSEMBL:ENSP00000616237|ENSEMBL:ENSP00000616237.1|ENSEMBL:ENSP00000616238|ENSEMBL:ENSP00000616238.1|ENSEMBL:ENSP00000616239|ENSEMBL:ENSP00000616239.1|ENSEMBL:ENSP00000616240|ENSEMBL:ENSP00000616240.1|ENSEMBL:ENSP00000616241|ENSEMBL:ENSP00000616241.1|ENSEMBL:ENSP00000616242|ENSEMBL:ENSP00000616242.1|ENSEMBL:ENSP00000616243|ENSEMBL:ENSP00000616243.1|HGNC:6915|NCBIGENE:4151|NCIT:C189789|NCIT:C189791|OMIM:160000|PR:P02144|REACT:R-HSA-8981618|UMLS:C1417048|UMLS:C5702568|UNIPROTKB:A0A1K0FU49|UNIPROTKB:F6V6E8|UNIPROTKB:P02144|UNIPROTKB:Q8WVH6
MCFD2|Q8NI22,MET_Q8NI22|MCFD2,14,ENSEMBL:ENSG00000180398|ENSEMBL:LRG_566|HGNC:18451|MESH:C475146|NCBIGENE:90411|OMIM:607788|PR:Q8NI22|REACT:R-HSA-1017216|REACT:R-HSA-5689470|REACT:R-HSA-5689836|UMLS:C1259277|UMLS:C1425524|UNIPROTKB:B4DF17|UNIPROTKB:Q8NI22
MDGA1|Q8NFP4,NEU1_Q8NFP4|MDGA1,14,ENSEMBL:ENSG00000112139|ENSEMBL:ENSP00000506519|ENSEMBL:ENSP00000506519.1|HGNC:19267|MESH:C460759|NCBIGENE:266727|OMIM:609626|PR:Q8NFP4|REACT:R-HSA-8940713|REACT:R-HSA-8941076|UMLS:C1137853|UMLS:C1426132|UNIPROTKB:A0A7P0TB62|UNIPROTKB:Q8NFP4
MDK|P21741,ONC2_P21741|MDK,12,ENSEMBL:ENSG00000110492|HGNC:6972|MESH:C066254|NCBIGENE:4192|NCIT:C24589|NCIT:C26381|OMIM:162096|PR:P21741|REACT:R-HSA-2160953|UMLS:C0083453|UMLS:C1334498|UNIPROTKB:P21741
MEGF9|Q9H1U4,CAM_Q9H1U4|MEGF9,11,ENSEMBL:ENSG00000106780|ENSEMBL:ENSP00000363040|ENSEMBL:ENSP00000363040.3|HGNC:3234|MESH:C516165|NCBIGENE:1955|OMIM:604268|PR:Q9H1U4|UMLS:C1825963|UMLS:C1869170|UNIPROTKB:Q9H1U4
MEP1B|Q16820,MET_Q16820|MEP1B,13,ENSEMBL:ENSG00000141434|ENSEMBL:ENSP00000269202|ENSEMBL:ENSP00000269202.6|ENSEMBL:ENSP00000463280|ENSEMBL:ENSP00000463280.1|HGNC:7020|NCBIGENE:4225|OMIM:600389|PR:Q16820|UMLS:C1417118|UMLS:C1451346|UNIPROTKB:J3QKX5|UNIPROTKB:Q16820
MEPE|Q9NQ76,CVD3_Q9NQ76|MEPE,12,ENSEMBL:ENSG00000152595|HGNC:13361|MESH:C486579|NCBIGENE:56955|OMIM:605912|PR:Q9NQ76|REACT:R-HSA-8956744|REACT:R-HSA-8957045|UMLS:C1421950|UMLS:C1450080|UNIPROTKB:Q8NC19|UNIPROTKB:Q9NQ76
MERTK|Q12866,CVD2_Q12866|MERTK,17,CHEMBL.TARGET:CHEMBL4879469|ENSEMBL:ENSG00000153208|ENSEMBL:ENSP00000295408|ENSEMBL:ENSP00000295408.4|HGNC:7027|MESH:C097072|NCBIGENE:10461|NCIT:C24591|NCIT:C26383|OMIM:604705|PR:000010329|PR:Q12866|REACT:R-HSA-197593|UMLS:C1259418|UMLS:C1364081|UMLS:C4281714|UNIPROTKB:Q12866
MESD|Q14696,DEV_Q14696|MESDC2,12,ENSEMBL:ENSG00000117899|HGNC:13520|MESH:C506348|NCBIGENE:23184|NCIT:C98087|NCIT:C98089|OMIM:607783|PR:Q14696|UMLS:C1422033|UMLS:C1675745|UMLS:C3273811|UNIPROTKB:Q14696
METAP1D|Q6UB28,CRE_Q6UB28|METAP1D,13,ENSEMBL:ENSG00000172878|ENSEMBL:ENSP00000315152|ENSEMBL:ENSP00000315152.4|ENSEMBL:ENSP00000517833|ENSEMBL:ENSP00000517833.1|HGNC:32583|MESH:C511921|NCBIGENE:254042|OMIM:610267|PR:Q6UB28|UMLS:C1723413|UMLS:C1853222|UNIPROTKB:Q6UB28
METAP1|P53582,ODA_P53582|METAP1,12,ENSEMBL:ENSG00000164024|ENSEMBL:ENSP00000296411|ENSEMBL:ENSP00000296411.6|HGNC:15789|MESH:C506619|NCBIGENE:23173|OMIM:610151|PR:P53582|REACT:R-HSA-2534097|UMLS:C1423731|UMLS:C1675714|UNIPROTKB:P53582
METAP2|P50579,ONC2_P50579|METAP2,16,ENSEMBL:ENSG00000111142|ENSEMBL:ENSP00000450063|ENSEMBL:ENSP00000450063.1|HGNC:16672|MESH:C081311|NCBIGENE:10988|NCIT:C143019|NCIT:C143021|OMIM:601870|PR:P50579|REACT:R-HSA-2534094|UMLS:C1424480|UMLS:C1433609|UNIPROTKB:A0A140VJE3|UNIPROTKB:F8VQZ7|UNIPROTKB:P50579
MET|P08581,CAM_P08581|MET,28,ENSEMBL:ENSG00000105976|ENSEMBL:ENSP00000398776|ENSEMBL:ENSP00000398776.2|ENSEMBL:LRG_662|HGNC:7029|LOINC:LP265710-6|LOINC:LP288353-8|LOINC:LP343941-3|MESH:C491743|NCBIGENE:4233|NCIT:C18186|NCIT:C18325|OMIM:164860|PR:P08581|REACT:R-HSA-419603|REACT:R-HSA-6806973|REACT:R-HSA-6807014|REACT:R-HSA-6807032|REACT:R-HSA-8874689|REACT:R-HSA-8875180|REACT:R-HSA-8875181|REACT:R-HSA-9005531|UMLS:C1417123|UMLS:C1456828|UNIPROTKB:A0ACM8QMG8|UNIPROTKB:B4DLF5|UNIPROTKB:E6Y365|UNIPROTKB:P08581
MFAP5|Q13361,CAM_Q13361|MFAP5,20,ENSEMBL:ENSG00000197614|ENSEMBL:ENSP00000411997|ENSEMBL:ENSP00000411997.2|ENSEMBL:ENSP00000438525|ENSEMBL:ENSP00000438525.1|ENSEMBL:ENSP00000441492|ENSEMBL:ENSP00000441492.1|HGNC:29673|MESH:C115627|NCBIGENE:8076|OMIM:601103|PR:Q13361|REACT:R-HSA-2161230|UMLS:C1308787|UMLS:C1428886|UNIPROTKB:B3KW70|UNIPROTKB:F5GYX4|UNIPROTKB:F5H413|UNIPROTKB:F6UJ56|UNIPROTKB:Q13361
MFGE8|Q08431,DEV_Q08431|MFGE8,22,ENSEMBL:ENSG00000140545|ENSEMBL:ENSP00000452734|ENSEMBL:ENSP00000452734.2|ENSEMBL:ENSP00000512163|ENSEMBL:ENSP00000512163.1|HGNC:7036|MESH:C098942|NCBIGENE:4240|NCIT:C24592|NCIT:C26388|OMIM:602281|PR:Q08431|REACT:R-HSA-8956715|REACT:R-HSA-8957017|REACT:R-HSA-976952|UMLS:C0388561|UMLS:C1334502|UNIPROTKB:A0A8Q3SIZ9|UNIPROTKB:B3KTQ2|UNIPROTKB:B4E396|UNIPROTKB:H0YKB5|UNIPROTKB:Q08431
MGMT|P16455,IRE_P16455|MGMT,60,ENSEMBL:ENSG00000170430|ENSEMBL:ENSP00000302111|ENSEMBL:ENSP00000302111.7|ENSEMBL:ENSP00000498729|ENSEMBL:ENSP00000498729.1|ENSEMBL:ENSP00000567127|ENSEMBL:ENSP00000567127.1|ENSEMBL:ENSP00000567128|ENSEMBL:ENSP00000567128.1|ENSEMBL:ENSP00000567129|ENSEMBL:ENSP00000567129.1|ENSEMBL:ENSP00000567130|ENSEMBL:ENSP00000567130.1|ENSEMBL:ENSP00000567131|ENSEMBL:ENSP00000567131.1|ENSEMBL:ENSP00000567132|ENSEMBL:ENSP00000567132.1|ENSEMBL:ENSP00000567133|ENSEMBL:ENSP00000567133.1|ENSEMBL:ENSP00000567134|ENSEMBL:ENSP00000567134.1|ENSEMBL:ENSP00000567135|ENSEMBL:ENSP00000567135.1|ENSEMBL:ENSP00000567136|ENSEMBL:ENSP00000567136.1|ENSEMBL:ENSP00000567137|ENSEMBL:ENSP00000567137.1|ENSEMBL:ENSP00000567138|ENSEMBL:ENSP00000567138.1|ENSEMBL:ENSP00000567139|ENSEMBL:ENSP00000567139.1|ENSEMBL:ENSP00000567140|ENSEMBL:ENSP00000567140.1|ENSEMBL:ENSP00000602255|ENSEMBL:ENSP00000602255.1|ENSEMBL:ENSP00000602256|ENSEMBL:ENSP00000602256.1|ENSEMBL:ENSP00000602257|ENSEMBL:ENSP00000602257.1|ENSEMBL:ENSP00000633475|ENSEMBL:ENSP00000633475.1|ENSEMBL:ENSP00000633476|ENSEMBL:ENSP00000633476.1|HGNC:7059|LOINC:LP101266-7|LOINC:LP288355-3|MESH:C515491|NCBIGENE:4255|NCIT:C17315|NCIT:C21232|OMIM:156569|PR:000010388|PR:P16455|REACT:R-HSA-109737|REACT:R-HSA-59222|UMLS:C1334505|UMLS:C1869171|UNIPROTKB:A0A499FIA3|UNIPROTKB:B4DEE8|UNIPROTKB:P16455
MIA|Q16674,ONC2_Q16674|MIA,14,ENSEMBL:ENSG00000261857|HGNC:7076|LOINC:LP31723-7|MESH:C090059|NCBIGENE:8190|NCIT:C98124|NCIT:C98126|OMIM:601340|PR:000010393|PR:Q16674|SNOMEDCT:712610003|UMLS:C0290022|UMLS:C1417154|UNIPROTKB:Q16674
MICB_MICA|Q29980_Q29983,"ONC2_Q29983,Q29980|MICA,MICB",44,ENSEMBL:ENSG00000183214|ENSEMBL:ENSG00000204520|ENSEMBL:ENSG00000231225|ENSEMBL:ENSG00000233051|ENSEMBL:ENSG00000235233|ENSEMBL:ENSP00000394553|ENSEMBL:ENSP00000394553.1|ENSEMBL:ENSP00000402134|ENSEMBL:ENSP00000402134.1|ENSEMBL:ENSP00000405177|ENSEMBL:ENSP00000405177.1|ENSEMBL:ENSP00000405741|ENSEMBL:ENSP00000405741.1|ENSEMBL:ENSP00000413079|ENSEMBL:ENSP00000413079.1|ENSEMBL:ENSP00000416941|ENSEMBL:ENSP00000416941.1|ENSEMBL:ENSP00000446655|ENSEMBL:ENSP00000446655.1|ENSEMBL:ENSP00000447026|ENSEMBL:ENSP00000447026.1|ENSEMBL:ENSP00000480992|ENSEMBL:ENSP00000480992.1|ENSEMBL:ENSP00000482382|ENSEMBL:ENSP00000482382.1|ENSEMBL:ENSP00000482763|ENSEMBL:ENSP00000482763.1|ENSEMBL:ENSP00000501157|ENSEMBL:ENSP00000501157.1|HGNC:7090|NCBIGENE:100507436|NCIT:C126959|NCIT:C126961|OMIM:600169|PR:000010398|PR:Q29983|REACT:R-HSA-5696432|UMLS:C1417162|UMLS:C1448848|UNIPROTKB:A0A024RCL3|UNIPROTKB:A0A0G2JI23|UNIPROTKB:A0A0G2JJ55|UNIPROTKB:Q29983|UNIPROTKB:Q96QC4
MIF|P14174,DEV_P14174|MIF,21,ENSEMBL:ENSG00000240972|ENSEMBL:ENSG00000276701|ENSEMBL:ENSP00000215754|ENSEMBL:ENSP00000215754.7|ENSEMBL:ENSP00000482779|ENSEMBL:ENSP00000482779.1|HGNC:7097|MESH:C515598|NCBIGENE:4282|NCIT:C24596|NCIT:C28467|OMIM:153620|PR:P14174|REACT:R-HSA-212594|REACT:R-HSA-6803282|REACT:R-HSA-6803289|REACT:R-HSA-8950444|UMLS:C1334507|UMLS:C1870471|UNIPROTKB:I4AY87|UNIPROTKB:P14174
MILR1|Q7Z6M3,IRE_Q7Z6M3|MILR1,8,ENSEMBL:ENSG00000271605|HGNC:27570|MESH:C000596249|NCBIGENE:284021|PR:Q7Z6M3|UMLS:C3470956|UMLS:C4042399|UNIPROTKB:Q7Z6M3
MLN|P12872,ONC3_P12872|MLN,10,ENSEMBL:ENSG00000096395|HGNC:7141|MESH:C000596640|NCBIGENE:4295|OMIM:158270|PR:P12872|REACT:R-HSA-444169|UMLS:C1417190|UMLS:C4042366|UNIPROTKB:P12872
MME|P08473,NEU1_P08473|MME,48,ENSEMBL:ENSG00000196549|ENSEMBL:ENSP00000353679|ENSEMBL:ENSP00000353679.2|ENSEMBL:ENSP00000372450|ENSEMBL:ENSP00000372450.3|ENSEMBL:ENSP00000417079|ENSEMBL:ENSP00000417079.1|ENSEMBL:ENSP00000418525|ENSEMBL:ENSP00000418525.1|ENSEMBL:ENSP00000418791|ENSEMBL:ENSP00000418791.2|ENSEMBL:ENSP00000419653|ENSEMBL:ENSP00000419653.1|ENSEMBL:ENSP00000420389|ENSEMBL:ENSP00000420389.1|ENSEMBL:ENSP00000420542|ENSEMBL:ENSP00000420542.2|ENSEMBL:ENSP00000502021|ENSEMBL:ENSP00000502021.2|ENSEMBL:ENSP00000505211|ENSEMBL:ENSP00000505211.1|ENSEMBL:ENSP00000505690|ENSEMBL:ENSP00000505690.1|ENSEMBL:ENSP00000541538|ENSEMBL:ENSP00000541538.1|ENSEMBL:ENSP00000541540|ENSEMBL:ENSP00000541540.1|ENSEMBL:ENSP00000541541|ENSEMBL:ENSP00000541541.1|ENSEMBL:ENSP00000541542|ENSEMBL:ENSP00000541542.1|ENSEMBL:ENSP00000541543|ENSEMBL:ENSP00000541543.1|ENSEMBL:ENSP00000614292|ENSEMBL:ENSP00000614292.1|HGNC:7154|NCBIGENE:4311|NCIT:C16836|NCIT:C24607|OMIM:120520|PR:P08473|REACT:R-HSA-2022342|REACT:R-HSA-6806156|UMLS:C1366499|UMLS:C3887624|UNIPROTKB:F6RAQ6|UNIPROTKB:P08473|UNIPROTKB:Q3KQS6
MMP10|P09238,INF_P09238|MMP10,16,ENSEMBL:ENSG00000166670|ENSEMBL:ENSP00000279441|ENSEMBL:ENSP00000279441.4|HGNC:7156|MESH:C511770|NCBIGENE:4319|NCIT:C101759|NCIT:C101761|OMIM:185260|PR:P09238|REACT:R-HSA-1442488|REACT:R-HSA-1604748|REACT:R-HSA-5686983|UMLS:C1417200|UMLS:C1723259|UNIPROTKB:P09238
MMP12|P39900,CVD2_P39900|MMP12,13,ENSEMBL:ENSG00000262406|ENSEMBL:ENSP00000458585|ENSEMBL:ENSP00000458585.1|HGNC:7158|MESH:C507122|NCBIGENE:4321|NCIT:C221358|OMIM:601046|PR:P39900|REACT:R-HSA-1442474|UMLS:C0285508|UMLS:C1417201|UNIPROTKB:P39900
MMP1|P03956,INF_P03956|MMP1,22,ENSEMBL:ENSG00000196611|ENSEMBL:ENSP00000322788|ENSEMBL:ENSP00000322788.6|HGNC:7155|MESH:C522360|NCBIGENE:4312|NCIT:C41043|NCIT:C41044|OMIM:120353|PR:P03956|REACT:R-HSA-1602455|REACT:R-HSA-1602470|REACT:R-HSA-1602471|REACT:R-HSA-1604355|REACT:R-HSA-1604367|REACT:R-HSA-375064|REACT:R-HSA-6793964|UMLS:C1417199|UMLS:C2001899|UNIPROTKB:B4DN15|UNIPROTKB:P03956|UNIPROTKB:Q53G95
MMP3|P08254,CVD3_P08254|MMP3,21,CHV:0000018046|ENSEMBL:ENSG00000149968|ENSEMBL:ENSP00000299855|ENSEMBL:ENSP00000299855.5|HGNC:7173|MESH:C511768|NCBIGENE:4314|NCIT:C17571|NCIT:C26510|OMIM:185250|PR:P08254|REACT:R-HSA-1430778|REACT:R-HSA-1604687|REACT:R-HSA-1604705|REACT:R-HSA-1604707|REACT:R-HSA-1604735|REACT:R-HSA-8943665|REACT:R-HSA-8948372|UMLS:C1366358|UMLS:C1723257|UNIPROTKB:P08254
MMP7|P09237,CVD2_P09237|MMP7,20,ENSEMBL:ENSG00000137673|ENSEMBL:ENSP00000260227|ENSEMBL:ENSP00000260227.4|HGNC:7174|MESH:C060932|NCBIGENE:4316|NCIT:C98111|NCIT:C98113|OMIM:178990|PR:000010489|PR:P09237|REACT:R-HSA-1442479|REACT:R-HSA-1604729|REACT:R-HSA-1604734|REACT:R-HSA-1604759|REACT:R-HSA-1604760|REACT:R-HSA-1604766|UMLS:C1417212|UMLS:C1429447|UNIPROTKB:P09237
MMP9|P14780,CVD3_P14780|MMP9,23,CHV:0000018069|ENSEMBL:ENSG00000100985|ENSEMBL:ENSP00000361405|ENSEMBL:ENSP00000361405.3|HGNC:7176|MESH:C579270|NCBIGENE:4318|NCIT:C17575|NCIT:C26508|OMIM:120361|PR:P14780|REACT:R-HSA-1604376|REACT:R-HSA-1604685|REACT:R-HSA-1604699|REACT:R-HSA-1604713|REACT:R-HSA-1604726|REACT:R-HSA-668812|REACT:R-HSA-6800181|REACT:R-HSA-6800973|REACT:R-HSA-8948369|UMLS:C1334523|UMLS:C3657771|UNIPROTKB:P14780
MOG|Q16653,CRE_Q16653|MOG,134,ENSEMBL:ENSG00000137345|ENSEMBL:ENSG00000204655|ENSEMBL:ENSG00000230885|ENSEMBL:ENSG00000232641|ENSEMBL:ENSG00000234096|ENSEMBL:ENSG00000234623|ENSEMBL:ENSG00000236561|ENSEMBL:ENSG00000237834|ENSEMBL:ENSP00000259891|ENSEMBL:ENSP00000259891.7|ENSEMBL:ENSP00000352534|ENSEMBL:ENSP00000352534.3|ENSEMBL:ENSP00000373013|ENSEMBL:ENSP00000373013.2|ENSEMBL:ENSP00000373017|ENSEMBL:ENSP00000373017.3|ENSEMBL:ENSP00000373126|ENSEMBL:ENSP00000373126.3|ENSEMBL:ENSP00000373127|ENSEMBL:ENSP00000373127.2|ENSEMBL:ENSP00000383510|ENSEMBL:ENSP00000383510.1|ENSEMBL:ENSP00000383512|ENSEMBL:ENSP00000383512.1|ENSEMBL:ENSP00000383526|ENSEMBL:ENSP00000383526.1|ENSEMBL:ENSP00000383528|ENSEMBL:ENSP00000383528.2|ENSEMBL:ENSP00000389022|ENSEMBL:ENSP00000389022.2|ENSEMBL:ENSP00000389221|ENSEMBL:ENSP00000389221.2|ENSEMBL:ENSP00000390469|ENSEMBL:ENSP00000390469.2|ENSEMBL:ENSP00000390632|ENSEMBL:ENSP00000390632.2|ENSEMBL:ENSP00000390682|ENSEMBL:ENSP00000390682.1|ENSEMBL:ENSP00000391516|ENSEMBL:ENSP00000391516.1|ENSEMBL:ENSP00000391898|ENSEMBL:ENSP00000391898.2|ENSEMBL:ENSP00000394156|ENSEMBL:ENSP00000394156.2|ENSEMBL:ENSP00000394873|ENSEMBL:ENSP00000394873.1|ENSEMBL:ENSP00000395005|ENSEMBL:ENSP00000395005.2|ENSEMBL:ENSP00000395304|ENSEMBL:ENSP00000395304.2|ENSEMBL:ENSP00000396344|ENSEMBL:ENSP00000396344.2|ENSEMBL:ENSP00000397101|ENSEMBL:ENSP00000397101.2|ENSEMBL:ENSP00000397723|ENSEMBL:ENSP00000397723.1|ENSEMBL:ENSP00000397837|ENSEMBL:ENSP00000397837.1|ENSEMBL:ENSP00000398197|ENSEMBL:ENSP00000398197.1|ENSEMBL:ENSP00000398394|ENSEMBL:ENSP00000398394.2|ENSEMBL:ENSP00000399240|ENSEMBL:ENSP00000399240.1|ENSEMBL:ENSP00000400564|ENSEMBL:ENSP00000400564.2|ENSEMBL:ENSP00000401609|ENSEMBL:ENSP00000401609.2|ENSEMBL:ENSP00000402139|ENSEMBL:ENSP00000402139.1|ENSEMBL:ENSP00000402363|ENSEMBL:ENSP00000402363.2|ENSEMBL:ENSP00000403058|ENSEMBL:ENSP00000403058.1|ENSEMBL:ENSP00000403380|ENSEMBL:ENSP00000403380.2|ENSEMBL:ENSP00000404149|ENSEMBL:ENSP00000404149.2|ENSEMBL:ENSP00000404245|ENSEMBL:ENSP00000404245.2|ENSEMBL:ENSP00000404362|ENSEMBL:ENSP00000404362.2|ENSEMBL:ENSP00000404537|ENSEMBL:ENSP00000404537.2|ENSEMBL:ENSP00000404957|ENSEMBL:ENSP00000404957.1|ENSEMBL:ENSP00000409534|ENSEMBL:ENSP00000409534.1|ENSEMBL:ENSP00000410268|ENSEMBL:ENSP00000410268.1|ENSEMBL:ENSP00000410699|ENSEMBL:ENSP00000410699.1|ENSEMBL:ENSP00000411489|ENSEMBL:ENSP00000411489.1|ENSEMBL:ENSP00000413364|ENSEMBL:ENSP00000413364.1|ENSEMBL:ENSP00000413370|ENSEMBL:ENSP00000413370.1|ENSEMBL:ENSP00000414146|ENSEMBL:ENSP00000414146.2|ENSEMBL:ENSP00000414489|ENSEMBL:ENSP00000414489.2|ENSEMBL:ENSP00000414862|ENSEMBL:ENSP00000414862.2|ENSEMBL:ENSP00000415883|ENSEMBL:ENSP00000415883.1|ENSEMBL:ENSP00000446871|ENSEMBL:ENSP00000446871.1|ENSEMBL:ENSP00000447099|ENSEMBL:ENSP00000447099.1|ENSEMBL:ENSP00000448732|ENSEMBL:ENSP00000448732.1|ENSEMBL:ENSP00000448879|ENSEMBL:ENSP00000448879.1|ENSEMBL:ENSP00000449213|ENSEMBL:ENSP00000449213.1|ENSEMBL:ENSP00000449683|ENSEMBL:ENSP00000449683.1|HGNC:7197|LOINC:LP231890-7|MESH:C571326|MESH:D063308|NCBIGENE:4340|NCIT:C200639|OMIM:159465|ORPHANET:285128|PR:000010514|PR:Q16653|UMLS:C1417228|UMLS:C1506126|UMLS:C3266851|UNIPROTKB:A0A0G2JJ30|UNIPROTKB:Q16653|UNIPROTKB:Q5SSB8
MPO|P05164,CVD3_P05164|MPO,18,ENSEMBL:ENSG00000005381|ENSEMBL:LRG_84|HGNC:7218|MESH:C000628728|NCBIGENE:4353|NCIT:C71145|NCIT:C91742|OMIM:606989|PR:P05164|REACT:R-HSA-6789038|REACT:R-HSA-6789179|REACT:R-HSA-6799233|REACT:R-HSA-6799241|REACT:R-HSA-6806225|REACT:R-HSA-6806241|UMLS:C1417245|UMLS:C4742896|UNIPROTKB:P05164
MSLN|Q13421,ONC2_Q13421|MSLN,17,ENSEMBL:ENSG00000102854|HGNC:7371|MESH:C000715527|NCBIGENE:10232|NCIT:C128317|NCIT:C20886|NCIT:C20887|OMIM:601051|PR:Q13421|REACT:R-HSA-8940729|REACT:R-HSA-8941008|REACT:R-HSA-8956700|REACT:R-HSA-8957088|UMLS:C1334533|UMLS:C1429990|UMLS:C5441956|UNIPROTKB:Q13421
MSMB|P08118,DEV_P08118|MSMB,10,ENSEMBL:ENSG00000263639|HGNC:7372|NCBIGENE:4477|NCIT:C20804|NCIT:C21161|OMIM:157145|PR:P08118|UMLS:C0525289|UMLS:C1367466|UNIPROTKB:P08118
MSR1|P21757,NEU1_P21757|MSR1,20,CHEMBL.TARGET:CHEMBL5811|ENSEMBL:ENSG00000038945|ENSEMBL:ENSP00000405453|ENSEMBL:ENSP00000405453.2|HGNC:7376|MESH:C495139|NCBIGENE:4481|NCIT:C112504|NCIT:C112507|OMIM:153622|PR:000001885|PR:P21757|REACT:R-HSA-2173717|REACT:R-HSA-2507846|UMLS:C1313281|UMLS:C1417374|UMLS:C3811790|UNIPROTKB:B4DDJ5|UNIPROTKB:J3KQP0|UNIPROTKB:P21757
MSTN|O14793,NEU1_O14793|MSTN,17,ENSEMBL:ENSG00000138379|ENSEMBL:ENSP00000260950|ENSEMBL:ENSP00000260950.3|ENSEMBL:LRG_200|HGNC:4223|MESH:C525911|NCBIGENE:2660|NCIT:C24425|NCIT:C26328|OMIM:601788|PR:O14793|REACT:R-HSA-9625497|REACT:R-HSA-9625529|UMLS:C0538238|UMLS:C1333667|UNIPROTKB:O14793|UNIPROTKB:Q53S46
MUC16|Q8WXI7,ONC2_Q8WXI7|MUC16,20,CHEMBL.TARGET:CHEMBL3580482|ENSEMBL:ENSG00000181143|ENSEMBL:ENSP00000381008|ENSEMBL:ENSP00000381008.2|ENSEMBL:ENSP00000518831|ENSEMBL:ENSP00000518831.1|HGNC:15582|MESH:C451759|NCBIGENE:94025|NCIT:C71018|NCIT:C71020|OMIM:606154|PR:000010761|PR:Q8WXI7|UMLS:C1121702|UMLS:C1423594|UMLS:C2347296|UNIPROTKB:A0AAG2UXK0|UNIPROTKB:B3KY81|UNIPROTKB:Q8WXI7
MVK|Q03426,ODA_Q03426|MVK,39,ENSEMBL:ENSG00000110921|ENSEMBL:ENSP00000228510|ENSEMBL:ENSP00000228510.3|ENSEMBL:ENSP00000376487|ENSEMBL:ENSP00000376487.3|ENSEMBL:ENSP00000438153|ENSEMBL:ENSP00000438153.2|ENSEMBL:ENSP00000548364|ENSEMBL:ENSP00000548364.1|ENSEMBL:ENSP00000548365|ENSEMBL:ENSP00000548365.1|ENSEMBL:ENSP00000548366|ENSEMBL:ENSP00000548366.1|ENSEMBL:ENSP00000548368|ENSEMBL:ENSP00000548368.1|ENSEMBL:ENSP00000591033|ENSEMBL:ENSP00000591033.1|ENSEMBL:ENSP00000635159|ENSEMBL:ENSP00000635159.1|ENSEMBL:LRG_156|HGNC:7530|LOINC:LP288386-8|LOINC:LP61784-2|NCBIGENE:4598|NCIT:C176451|NCIT:C176453|OMIM:251170|PR:Q03426|REACT:R-HSA-191375|REACT:R-HSA-2393995|UMLS:C1417508|UMLS:C1570750|UMLS:C5444208|UNIPROTKB:A0A0S2Z468|UNIPROTKB:B2RDU6|UNIPROTKB:B7Z1C2|UNIPROTKB:B7Z301|UNIPROTKB:F5H8H2|UNIPROTKB:Q03426
MYO9B|Q13459,ONC3_Q13459|MYO9B,11,ENSEMBL:ENSG00000099331|HGNC:7609|NCBIGENE:4650|OMIM:602129|PR:Q13459|REACT:R-HSA-2029011|UMLS:C1417572|UMLS:C1608736|UNIPROTKB:B0I1T6|UNIPROTKB:Q13459|UNIPROTKB:Q8WVD2
MYOC|Q99972,DEV_Q99972|MYOC,14,ENSEMBL:ENSG00000034971|ENSEMBL:ENSP00000037502|ENSEMBL:ENSP00000037502.5|HGNC:7610|LOINC:LP288393-4|LOINC:LP64444-0|MESH:C000731349|NCBIGENE:4653|OMIM:601652|PR:Q99972|UMLS:C1417573|UMLS:C1570203|UNIPROTKB:A0A0S2Z421|UNIPROTKB:Q99972
NAA10|P41227,NEX_P41227|NAA10,13,ENSEMBL:ENSG00000102030|HGNC:18704|MESH:C504824|NCBIGENE:8260|NCIT:C95850|NCIT:C95852|OMIM:300013|ORPHANET:281695|PR:P41227|UMLS:C1538918|UMLS:C1614446|UNIPROTKB:B7Z9N2|UNIPROTKB:P41227
NAAA|Q02083,NEU1_Q02083|NAAA,11,ENSEMBL:ENSG00000138744|HGNC:736|MESH:C523108|NCBIGENE:27163|OMIM:607469|PR:Q02083|REACT:R-HSA-6803786|REACT:R-HSA-6803793|UMLS:C0911757|UMLS:C1412574|UNIPROTKB:Q02083
NADK|O95544,MET_O95544|NADK,11,ENSEMBL:ENSG00000008130|ENSEMBL:ENSP00000339727|ENSEMBL:ENSP00000339727.5|HGNC:29831|NCBIGENE:65220|OMIM:611616|PR:O95544|REACT:R-HSA-197282|UMLS:C1826342|UNIPROTKB:A0A0A0MR98|UNIPROTKB:O95544
NAMPT|P43490,ONC3_P43490|NAMPT,30,ENSEMBL:ENSG00000105835|ENSEMBL:ENSP00000222553|ENSEMBL:ENSP00000222553.3|ENSEMBL:ENSP00000390591|ENSEMBL:ENSP00000390591.2|ENSEMBL:ENSP00000505390|ENSEMBL:ENSP00000505390.1|ENSEMBL:ENSP00000506129|ENSEMBL:ENSP00000506129.1|ENSEMBL:ENSP00000506540|ENSEMBL:ENSP00000506540.1|ENSEMBL:ENSP00000571945|ENSEMBL:ENSP00000571945.1|ENSEMBL:ENSP00000571946|ENSEMBL:ENSP00000571946.1|ENSEMBL:ENSP00000591456|ENSEMBL:ENSP00000591456.1|HGNC:30092|MESH:C085455|NCBIGENE:10135|NCIT:C24661|NCIT:C30138|OMIM:608764|PR:P43490|REACT:R-HSA-197188|REACT:R-HSA-5641210|UMLS:C1428933|UMLS:C1571622|UNIPROTKB:A0A7P0T941|UNIPROTKB:P43490
NBL1|P41271,NEU1_P41271|NBL1,6,MESH:C490087|NCIT:C17791|PR:000011013|PR:P41271|UMLS:C0251712|UNIPROTKB:P41271
NBN|O60934,ODA_O60934|NBN,35,ENSEMBL:ENSG00000104320|ENSEMBL:ENSP00000265433|ENSEMBL:ENSP00000265433.4|ENSEMBL:ENSP00000386924|ENSEMBL:ENSP00000386924.1|ENSEMBL:ENSP00000428252|ENSEMBL:ENSP00000428252.2|ENSEMBL:ENSP00000429971|ENSEMBL:ENSP00000429971.2|ENSEMBL:ENSP00000513229|ENSEMBL:ENSP00000513229.1|ENSEMBL:ENSP00000513234|ENSEMBL:ENSP00000513234.1|ENSEMBL:ENSP00000513235|ENSEMBL:ENSP00000513235.1|ENSEMBL:ENSP00000513245|ENSEMBL:ENSP00000513245.1|ENSEMBL:ENSP00000639957|ENSEMBL:ENSP00000639957.1|HGNC:7652|LOINC:LP208431-9|LOINC:LP288397-5|MESH:C112156|NCBIGENE:4683|NCIT:C21171|NCIT:C21178|OMIM:602667|PR:O60934|REACT:R-HSA-5684005|REACT:R-HSA-75163|REACT:R-HSA-75237|UMLS:C0674679|UMLS:C1334862|UNIPROTKB:A0A0C4DG07|UNIPROTKB:O60934
NCAM1|P13591,CAM_P13591|NCAM1,21,ENSEMBL:ENSG00000149294|ENSEMBL:ENSP00000384055|ENSEMBL:ENSP00000384055.3|ENSEMBL:ENSP00000480132|ENSEMBL:ENSP00000480132.1|HGNC:7656|MESH:C522918|NCBIGENE:4684|NCIT:C21004|NCIT:C25276|OMIM:116930|PR:P13591|REACT:R-HSA-190987|REACT:R-HSA-422430|REACT:R-HSA-9034217|UMLS:C1334863|UMLS:C1999531|UMLS:C4281806|UNIPROTKB:A0A087WWD4|UNIPROTKB:H7BYX6|UNIPROTKB:P13591
NCAN|O14594,NEU1_O14594|NCAN,13,ENSEMBL:ENSG00000130287|ENSEMBL:ENSP00000252575|ENSEMBL:ENSP00000252575.4|ENSEMBL:ENSP00000580150|ENSEMBL:ENSP00000580150.1|HGNC:2465|MESH:C076817|NCBIGENE:1463|OMIM:600826|PR:O14594|UMLS:C0172538|UMLS:C1413764|UNIPROTKB:O14594
NCF2|P19878,ODA_P19878|NCF2,25,ENSEMBL:ENSG00000116701|ENSEMBL:ENSP00000513276|ENSEMBL:ENSP00000513276.1|ENSEMBL:ENSP00000543276|ENSEMBL:ENSP00000543276.1|ENSEMBL:LRG_88|HGNC:7661|LOINC:LP288399-1|LOINC:LP61785-9|MESH:C527764|NCBIGENE:4688|NCIT:C104563|NCIT:C104565|OMIM:608515|ORPHANET:123701|PR:000011031|PR:P19878|REACT:R-HSA-1222600|REACT:R-HSA-1996211|UMLS:C1417609|UMLS:C2352597|UMLS:C3538760|UNIPROTKB:A0A0S2Z457|UNIPROTKB:A0A8V8TMB9|UNIPROTKB:P19878
NCLN|Q969V3,CRE_Q969V3|NCLN,9,ENSEMBL:ENSG00000125912|HGNC:26923|MESH:C520019|NCBIGENE:56926|OMIM:609156|PR:Q969V3|UMLS:C1538049|UMLS:C1957291|UNIPROTKB:Q969V3
NCR1|O76036,IRE_O76036|NCR1,32,ENSEMBL:ENSG00000189430|ENSEMBL:ENSG00000273506|ENSEMBL:ENSG00000273535|ENSEMBL:ENSG00000273916|ENSEMBL:ENSG00000274053|ENSEMBL:ENSG00000275156|ENSEMBL:ENSG00000275521|ENSEMBL:ENSG00000275637|ENSEMBL:ENSG00000275822|ENSEMBL:ENSG00000276450|ENSEMBL:ENSG00000277334|ENSEMBL:ENSG00000277442|ENSEMBL:ENSG00000277629|ENSEMBL:ENSG00000277824|ENSEMBL:ENSG00000278025|ENSEMBL:ENSG00000278362|ENSEMBL:ENSG00000284113|ENSEMBL:ENSG00000288651|HGNC:6731|MESH:C112260|NCBIGENE:9437|NCIT:C129058|NCIT:C129060|OMIM:604530|PR:O76036|REACT:R-HSA-197739|UMLS:C0674917|UMLS:C1416941|UNIPROTKB:A0A0A0MQZ0|UNIPROTKB:A0A0A0MR94|UNIPROTKB:A0A0A0MTU0|UNIPROTKB:O76036
NCS1|P62166,ONC3_P62166|NCS1,9,ENSEMBL:ENSG00000107130|HGNC:3953|NCBIGENE:23413|NCIT:C223051|OMIM:603315|PR:P62166|UMLS:C1414814|UMLS:C1455593|UNIPROTKB:P62166
NDRG1|Q92597,NEX_Q92597|NDRG1,16,ENSEMBL:ENSG00000104419|ENSEMBL:LRG_258|HGNC:7679|LOINC:LP418794-6|MESH:C000731606|NCBIGENE:10397|NCIT:C24625|NCIT:C33965|OMIM:605262|PR:Q92597|REACT:R-HSA-5628834|REACT:R-HSA-5628853|UMLS:C0675116|UMLS:C1334873|UNIPROTKB:Q8N959|UNIPROTKB:Q92597
NECTIN2|Q92692,MET_Q92692|PVRL2,14,ENSEMBL:ENSG00000130202|HGNC:9707|MESH:C000619011|NCBIGENE:5819|NCIT:C142200|NCIT:C142202|OMIM:600798|PR:000002069|PR:Q92692|REACT:R-HSA-419006|UMLS:C1419143|UMLS:C1738195|UMLS:C4549559|UNIPROTKB:Q92692
NECTIN4|Q96NY8,ONC2_Q96NY8|PVRL4,18,CHEMBL.TARGET:CHEMBL3712928|ENSEMBL:ENSG00000143217|HGNC:19688|LOINC:LP448837-7|MESH:C442228|NCBIGENE:81607|NCIT:C134478|NCIT:C134483|OMIM:609607|PR:000013503|PR:Q96NY8|REACT:R-HSA-198159|UMLS:C1426335|UMLS:C1432363|UMLS:C4521285|UMLS:C6024845|UNIPROTKB:K4PZ75|UNIPROTKB:Q96NY8
NEFL|P07196,NEX_P07196|NEFL,17,ENSEMBL:ENSG00000277586|ENSEMBL:ENSP00000482169|ENSEMBL:ENSP00000482169.2|ENSEMBL:LRG_259|HGNC:7739|LOINC:LP288401-5|LOINC:LP32709-5|NCBIGENE:4747|NCIT:C88041|NCIT:C88043|OMIM:162280|PR:000011119|PR:P07196|REACT:R-HSA-432284|UMLS:C1417668|UMLS:C1455438|UNIPROTKB:P07196
NELL1|Q92832,ONC3_Q92832|NELL1,21,ENSEMBL:ENSG00000165973|ENSEMBL:ENSP00000298925|ENSEMBL:ENSP00000298925.5|ENSEMBL:ENSP00000317837|ENSEMBL:ENSP00000317837.5|HGNC:7750|MESH:C104144|NCBIGENE:4745|NCIT:C128934|NCIT:C128936|OMIM:602319|PR:000011137|PR:Q92832|UMLS:C1417676|UMLS:C1430642|UMLS:C4288353|UNIPROTKB:B3KXR2|UNIPROTKB:F5H6I3|UNIPROTKB:J3KNC5|UNIPROTKB:K9UUD5|UNIPROTKB:Q92832
NFATC1|O95644,CRE_O95644|NFATC1,20,ENSEMBL:ENSG00000131196|ENSEMBL:ENSP00000439992|ENSEMBL:ENSP00000439992.1|HGNC:7775|MESH:C494003|NCBIGENE:4772|NCIT:C93135|NCIT:C93137|OMIM:600489|PR:O95644|REACT:R-HSA-2025935|REACT:R-HSA-2025953|REACT:R-HSA-2685618|UMLS:C1417694|UMLS:C1530016|UMLS:C2985456|UNIPROTKB:A8K9C6|UNIPROTKB:B4DER8|UNIPROTKB:F5H4S8|UNIPROTKB:O95644
NFATC3|Q12968,IRE_Q12968|NFATC3,18,ENSEMBL:ENSG00000072736|HGNC:7777|MESH:C494008|NCBIGENE:4775|NCIT:C93148|NCIT:C93151|OMIM:602698|PR:000011166|PR:Q12968|REACT:R-HSA-2025920|REACT:R-HSA-2025988|REACT:R-HSA-2685614|UMLS:C1417696|UMLS:C1530015|UMLS:C2985466|UNIPROTKB:B5B2S0|UNIPROTKB:B5B2S1|UNIPROTKB:Q12968
NFKBIE|O00221,CRE_O00221|NFKBIE,21,ENSEMBL:ENSG00000146232|ENSEMBL:ENSP00000275015|ENSEMBL:ENSP00000275015.3|ENSEMBL:ENSP00000480216|ENSEMBL:ENSP00000480216.1|HGNC:7799|MESH:C105627|NCBIGENE:4794|NCIT:C38396|NCIT:C38397|OMIM:604548|PR:O00221|REACT:R-HSA-1168561|REACT:R-HSA-1168563|REACT:R-HSA-1168580|UMLS:C1417710|UMLS:C1449065|UNIPROTKB:B7Z728|UNIPROTKB:O00221|UNIPROTKB:Q7LC14|UNIPROTKB:Q96F31
NGF|P01138,INF_P01138|NGF,49,ENSEMBL:ENSG00000134259|ENSEMBL:ENSP00000358525|ENSEMBL:ENSP00000358525.2|ENSEMBL:ENSP00000502380|ENSEMBL:ENSP00000502380.1|ENSEMBL:ENSP00000502831|ENSEMBL:ENSP00000502831.1|ENSEMBL:ENSP00000505558|ENSEMBL:ENSP00000505558.1|ENSEMBL:ENSP00000505694|ENSEMBL:ENSP00000505694.1|ENSEMBL:ENSP00000506492|ENSEMBL:ENSP00000506492.1|ENSEMBL:ENSP00000506569|ENSEMBL:ENSP00000506569.1|ENSEMBL:ENSP00000541260|ENSEMBL:ENSP00000541260.1|ENSEMBL:ENSP00000541261|ENSEMBL:ENSP00000541261.1|ENSEMBL:ENSP00000541262|ENSEMBL:ENSP00000541262.1|ENSEMBL:ENSP00000541263|ENSEMBL:ENSP00000541263.1|ENSEMBL:ENSP00000541264|ENSEMBL:ENSP00000541264.1|ENSEMBL:ENSP00000599115|ENSEMBL:ENSP00000599115.1|ENSEMBL:ENSP00000640309|ENSEMBL:ENSP00000640309.1|ENSEMBL:ENSP00000640310|ENSEMBL:ENSP00000640310.1|HGNC:7808|MESH:C502240|NCBIGENE:4803|NCIT:C105374|NCIT:C20444|OMIM:162030|PR:P01138|REACT:R-HSA-166515|REACT:R-HSA-167034|REACT:R-HSA-187026|REACT:R-HSA-187033|REACT:R-HSA-187036|REACT:R-HSA-187047|REACT:R-HSA-190059|UMLS:C1417719|UMLS:C1571151|UNIPROTKB:A0A346FYQ1|UNIPROTKB:P01138
NGF|P01138,NEU1_P01138|NGF,49,ENSEMBL:ENSG00000134259|ENSEMBL:ENSP00000358525|ENSEMBL:ENSP00000358525.2|ENSEMBL:ENSP00000502380|ENSEMBL:ENSP00000502380.1|ENSEMBL:ENSP00000502831|ENSEMBL:ENSP00000502831.1|ENSEMBL:ENSP00000505558|ENSEMBL:ENSP00000505558.1|ENSEMBL:ENSP00000505694|ENSEMBL:ENSP00000505694.1|ENSEMBL:ENSP00000506492|ENSEMBL:ENSP00000506492.1|ENSEMBL:ENSP00000506569|ENSEMBL:ENSP00000506569.1|ENSEMBL:ENSP00000541260|ENSEMBL:ENSP00000541260.1|ENSEMBL:ENSP00000541261|ENSEMBL:ENSP00000541261.1|ENSEMBL:ENSP00000541262|ENSEMBL:ENSP00000541262.1|ENSEMBL:ENSP00000541263|ENSEMBL:ENSP00000541263.1|ENSEMBL:ENSP00000541264|ENSEMBL:ENSP00000541264.1|ENSEMBL:ENSP00000599115|ENSEMBL:ENSP00000599115.1|ENSEMBL:ENSP00000640309|ENSEMBL:ENSP00000640309.1|ENSEMBL:ENSP00000640310|ENSEMBL:ENSP00000640310.1|HGNC:7808|MESH:C502240|NCBIGENE:4803|NCIT:C105374|NCIT:C20444|OMIM:162030|PR:P01138|REACT:R-HSA-166515|REACT:R-HSA-167034|REACT:R-HSA-187026|REACT:R-HSA-187033|REACT:R-HSA-187036|REACT:R-HSA-187047|REACT:R-HSA-190059|UMLS:C1417719|UMLS:C1571151|UNIPROTKB:A0A346FYQ1|UNIPROTKB:P01138
NID1|P14543,CAM_P14543|NID1,13,ENSEMBL:ENSG00000116962|HGNC:7821|NCBIGENE:4811|NCIT:C28643|NCIT:C28645|OMIM:131390|PR:P14543|REACT:R-HSA-2533959|REACT:R-HSA-2533960|REACT:R-HSA-383375|UMLS:C1334880|UMLS:C1615511|UNIPROTKB:P14543
NID2|Q14112,DEV_Q14112|NID2,13,ENSEMBL:ENSG00000087303|HGNC:13389|MESH:C114729|NCBIGENE:22795|NCIT:C107104|NCIT:C107106|OMIM:605399|PR:000011209|PR:Q14112|REACT:R-HSA-388751|UMLS:C0758040|UMLS:C1421970|UNIPROTKB:Q14112
NINJ1|Q92982,CRE_Q92982|NINJ1,17,ENSEMBL:ENSG00000131669|ENSEMBL:ENSP00000364595|ENSEMBL:ENSP00000364595.4|ENSEMBL:ENSP00000548702|ENSEMBL:ENSP00000548702.1|ENSEMBL:ENSP00000548703|ENSEMBL:ENSP00000548703.1|ENSEMBL:ENSP00000616756|ENSEMBL:ENSP00000616756.1|HGNC:7824|MESH:C484438|NCBIGENE:4814|OMIM:602062|PR:Q92982|UMLS:C1417728|UMLS:C1436064|UNIPROTKB:Q92982
NMNAT1|Q9HAN9,NEU1_Q9HAN9|NMNAT1,25,ENSEMBL:ENSG00000173614|ENSEMBL:ENSP00000366410|ENSEMBL:ENSP00000366410.1|ENSEMBL:ENSP00000385131|ENSEMBL:ENSP00000385131.1|ENSEMBL:ENSP00000435134|ENSEMBL:ENSP00000435134.1|ENSEMBL:ENSP00000557559|ENSEMBL:ENSP00000557559.1|ENSEMBL:ENSP00000617021|ENSEMBL:ENSP00000617021.1|ENSEMBL:ENSP00000617023|ENSEMBL:ENSP00000617023.1|ENSEMBL:ENSP00000617024|ENSEMBL:ENSP00000617024.1|HGNC:17877|MESH:C484007|NCBIGENE:64802|OMIM:608700|PR:Q9HAN9|REACT:R-HSA-200484|UMLS:C1425150|UMLS:C1433901|UNIPROTKB:B1AN62|UNIPROTKB:Q9HAN9
NOMO1|Q15155,MET_Q15155|NOMO1,14,ENSEMBL:ENSG00000103512|ENSEMBL:ENSG00000274779|ENSEMBL:ENSP00000287667|ENSEMBL:ENSP00000287667.7|ENSEMBL:ENSP00000482008|ENSEMBL:ENSP00000482008.1|HGNC:30060|MESH:C000711207|NCBIGENE:23420|OMIM:609157|PR:Q15155|UMLS:C1538477|UMLS:C5433697|UNIPROTKB:Q15155
NOS3|P29474,ODA_P29474|NOS3,22,ENSEMBL:ENSG00000164867|HGNC:7876|MESH:C496314|NCBIGENE:4846|NCIT:C38570|NCIT:C38571|OMIM:163729|PDQ:CDR0000334897|PR:P29474|REACT:R-HSA-202114|REACT:R-HSA-202139|REACT:R-HSA-203687|REACT:R-HSA-203769|REACT:R-HSA-534993|REACT:R-HSA-534995|REACT:R-HSA-535007|REACT:R-HSA-9860783|REACT:R-HSA-9861341|UMLS:C0669365|UMLS:C1328053|UNIPROTKB:A0S0A6|UNIPROTKB:P29474
NOTCH1|P46531,CAM_P46531|NOTCH1,16,ENSEMBL:ENSG00000148400|ENSEMBL:ENSP00000498587|ENSEMBL:ENSP00000498587.1|ENSEMBL:LRG_1122|HGNC:7881|LOINC:LP265712-2|MESH:C497761|NCBIGENE:4851|NCIT:C24636|NCIT:C33976|OMIM:190198|PR:P46531|REACT:R-HSA-1911481|UMLS:C1334889|UMLS:C1335068|UNIPROTKB:P46531
NOTCH3|Q9UM47,CVD3_Q9UM47|NOTCH3,16,ENSEMBL:ENSG00000074181|ENSEMBL:ENSP00000263388|ENSEMBL:ENSP00000263388.1|HGNC:7883|LOINC:LP288407-2|LOINC:LP31876-3|MESH:C499374|NCBIGENE:4854|NCIT:C106436|NCIT:C106438|OMIM:600276|PR:Q9UM47|REACT:R-HSA-1911492|UMLS:C1417768|UMLS:C1452875|UNIPROTKB:Q9UM47
NPDC1|Q9NQX5,MET_Q9NQX5|NPDC1,15,ENSEMBL:ENSG00000107281|ENSEMBL:ENSP00000360660|ENSEMBL:ENSP00000360660.4|HGNC:7899|LOINC:LP288409-8|LOINC:LP31877-1|MESH:C484270|NCBIGENE:56654|OMIM:605798|PR:Q9NQX5|REACT:R-HSA-8959647|UMLS:C1417778|UMLS:C1435913|UMLS:C1441022|UNIPROTKB:Q9NQX5
NPM1|P06748,NEX_P06748|NPM1,22,ENSEMBL:ENSG00000181163|ENSEMBL:ENSP00000429485|ENSEMBL:ENSP00000429485.2|ENSEMBL:ENSP00000503781|ENSEMBL:ENSP00000503781.1|ENSEMBL:LRG_458|HGNC:7910|LOINC:LP288413-0|LOINC:LP89631-3|MESH:C000716967|NCBIGENE:4869|NCIT:C17570|NCIT:C21185|OMIM:164040|PR:P06748|UMLS:C1334894|UMLS:C1721135|UNIPROTKB:A0A0S2Z491|UNIPROTKB:A0A0S2Z4G7|UNIPROTKB:A0A140VJQ2|UNIPROTKB:E5RI98|UNIPROTKB:P06748
NPPB|P16860,CVD2_P16860|NPPB,20,DRUGBANK:DB19026|ENSEMBL:ENSG00000120937|ENSEMBL:ENSP00000365651|ENSEMBL:ENSP00000365651.3|HGNC:7940|LOINC:LP28609-3|NCBIGENE:4879|NCIT:C88520|NCIT:C88522|NCIT:C88523|NCIT:C88524|OMIM:600295|PR:000011375|PR:P16860|UMLS:C1317554|UMLS:C1417808|UMLS:C5441781|UMLS:C5442037|UMLS:C5574646|UNIPROTKB:P16860
NPPC|P23582,ODA_P23582|NPPC,21,ENSEMBL:ENSG00000163273|ENSEMBL:ENSP00000295440|ENSEMBL:ENSP00000295440.2|ENSEMBL:ENSP00000387159|ENSEMBL:ENSP00000387159.1|ENSEMBL:ENSP00000638107|ENSEMBL:ENSP00000638107.1|ENSEMBL:ENSP00000638108|ENSEMBL:ENSP00000638108.1|ENSEMBL:ENSP00000638109|ENSEMBL:ENSP00000638109.1|HGNC:7941|MESH:C000706751|NCBIGENE:4880|OMIM:600296|PR:P23582|REACT:R-HSA-5490332|UMLS:C1417809|UMLS:C5391639|UNIPROTKB:E5LCN7|UNIPROTKB:P23582
NPTXR|O95502,MET_O95502|NPTXR,11,ENSEMBL:ENSG00000221890|ENSEMBL:ENSP00000327545|ENSEMBL:ENSP00000327545.3|HGNC:7954|MESH:C000731224|NCBIGENE:23467|OMIM:609474|PR:O95502|UMLS:C1417814|UMLS:C1455027|UNIPROTKB:O95502
NPY|P01303,ONC3_P01303|NPY,23,ENSEMBL:ENSG00000122585|ENSEMBL:ENSP00000242152|ENSEMBL:ENSP00000242152.2|ENSEMBL:ENSP00000384364|ENSEMBL:ENSP00000384364.1|ENSEMBL:ENSP00000385282|ENSEMBL:ENSP00000385282.1|ENSEMBL:ENSP00000595320|ENSEMBL:ENSP00000595320.1|HGNC:7955|NCBIGENE:4852|NCIT:C136721|NCIT:C39647|NCIT:C685|OMIM:162640|PR:P01303|REACT:R-HSA-388906|REACT:R-HSA-9622982|UMLS:C1417815|UMLS:C4521303|UMLS:C4721533|UNIPROTKB:A4D158|UNIPROTKB:P01303
NRCAM|Q92823,NEU1_Q92823|NRCAM,18,ENSEMBL:ENSG00000091129|ENSEMBL:ENSP00000407858|ENSEMBL:ENSP00000407858.3|HGNC:7994|MESH:C491152|NCBIGENE:4897|NCIT:C24640|NCIT:C34001|OMIM:601581|PR:Q92823|REACT:R-HSA-197758|UMLS:C1314772|UMLS:C1334901|UNIPROTKB:A0A1S5UZH4|UNIPROTKB:B7Z670|UNIPROTKB:C9JYY6|UNIPROTKB:Q14CA1|UNIPROTKB:Q92823
NRP1|O14786,CAM_O14786|NRP1,19,ENSEMBL:ENSG00000099250|ENSEMBL:ENSP00000379317|ENSEMBL:ENSP00000379317.1|HGNC:8004|MESH:C576690|NCBIGENE:8829|NCIT:C24642|NCIT:C33981|OMIM:602069|PR:O14786|REACT:R-HSA-3008773|UMLS:C1334905|UMLS:C3529179|UMLS:C4281812|UNIPROTKB:A8K9V7|UNIPROTKB:E9PEP6|UNIPROTKB:O14786|UNIPROTKB:Q59F20|UNIPROTKB:Q6X907
NRP2|O60462,NEU1_O60462|NRP2,12,ENSEMBL:ENSG00000118257|HGNC:8005|MESH:C581308|NCBIGENE:8828|NCIT:C74468|NCIT:C74470|OMIM:602070|PR:O60462|REACT:R-HSA-549042|UMLS:C1417850|UMLS:C3657408|UNIPROTKB:O60462
NRTN|Q99748,INF_Q99748|NRTN,24,ENSEMBL:ENSG00000171119|ENSEMBL:ENSP00000302648|ENSEMBL:ENSP00000302648.1|ENSEMBL:ENSP00000549211|ENSEMBL:ENSP00000549211.1|ENSEMBL:ENSP00000606139|ENSEMBL:ENSP00000606139.1|ENSEMBL:ENSP00000606140|ENSEMBL:ENSP00000606140.1|ENSEMBL:ENSP00000623181|ENSEMBL:ENSP00000623181.1|ENSEMBL:ENSP00000623182|ENSEMBL:ENSP00000623182.1|HGNC:8007|MESH:C495053|NCBIGENE:4902|NCIT:C24643|NCIT:C28466|OMIM:602018|PR:Q99748|REACT:R-HSA-434904|UMLS:C1334906|UMLS:C1531001|UNIPROTKB:Q99748
NT5C3A|Q9H0P0,ONC3_Q9H0P0|NT5C3A,16,ENSEMBL:ENSG00000122643|ENSEMBL:ENSP00000476480|ENSEMBL:ENSP00000476480.2|HGNC:17820|MESH:C412794|NCBIGENE:51251|NCIT:C190607|OMIM:606224|PR:000011455|PR:Q9H0P0|REACT:R-HSA-109432|UMLS:C1425102|UMLS:C1439160|UNIPROTKB:A0A090N7U2|UNIPROTKB:Q9H0P0|UNIPROTKB:X6RM59
NT5E|P21589,ONC2_P21589|NT5E,13,ENSEMBL:ENSG00000135318|HGNC:8021|MESH:C548241|NCBIGENE:4907|NCIT:C114924|NCIT:C114927|OMIM:129190|PR:P21589|REACT:R-HSA-49191|UMLS:C1417861|UMLS:C2932861|UNIPROTKB:P21589|UNIPROTKB:Q6NZX3
NTF3|P20783,INF_P20783|NTF3,12,ENSEMBL:ENSG00000185652|HGNC:8023|MESH:C000595808|NCBIGENE:4908|NCIT:C24644|NCIT:C34002|OMIM:162660|PR:P20783|REACT:R-HSA-167062|UMLS:C1334907|UMLS:C3887787|UNIPROTKB:P20783
NTF4|P34130,IRE_P34130|NTF4,26,ENSEMBL:ENSG00000225950|ENSEMBL:ENSP00000469455|ENSEMBL:ENSP00000469455.1|ENSEMBL:ENSP00000471508|ENSEMBL:ENSP00000471508.2|ENSEMBL:ENSP00000512384|ENSEMBL:ENSP00000512384.1|ENSEMBL:ENSP00000512385|ENSEMBL:ENSP00000512385.1|ENSEMBL:ENSP00000512386|ENSEMBL:ENSP00000512386.1|ENSEMBL:ENSP00000512387|ENSEMBL:ENSP00000512387.1|ENSEMBL:ENSP00000512388|ENSEMBL:ENSP00000512388.1|ENSEMBL:ENSP00000577886|ENSEMBL:ENSP00000577886.1|ENSEMBL:ENSP00000609748|ENSEMBL:ENSP00000609748.1|HGNC:8024|NCBIGENE:4909|OMIM:162662|PR:P34130|REACT:R-HSA-167063|UMLS:C1417863|UNIPROTKB:P34130
NTRK2|Q16620,NEU1_Q16620|NTRK2,31,ENSEMBL:ENSG00000148053|ENSEMBL:ENSP00000314586|ENSEMBL:ENSP00000314586.5|ENSEMBL:ENSP00000509020|ENSEMBL:ENSP00000509020.1|ENSEMBL:ENSP00000510356|ENSEMBL:ENSP00000510356.1|ENSEMBL:ENSP00000510766|ENSEMBL:ENSP00000510766.1|HGNC:8032|MESH:C000591259|NCBIGENE:4915|NCIT:C24646|NCIT:C33983|OMIM:600456|PR:Q16620|REACT:R-HSA-3008801|REACT:R-HSA-3008809|REACT:R-HSA-6798236|REACT:R-HSA-9026475|REACT:R-HSA-9032864|REACT:R-HSA-9037044|UMLS:C1334909|UMLS:C3853697|UNIPROTKB:A0A8I5KR47|UNIPROTKB:A0A8I5KUZ1|UNIPROTKB:A0A8I5KZB7|UNIPROTKB:A0A8J8YUT9|UNIPROTKB:Q16620|UNIPROTKB:Q548C2|UNIPROTKB:Q5VWE5
NTRK3|Q16288,NEU1_Q16288|NTRK3,27,ENSEMBL:ENSG00000140538|ENSEMBL:ENSP00000437773|ENSEMBL:ENSP00000437773.2|HGNC:8033|MESH:C000707038|NCBIGENE:4916|NCIT:C24647|NCIT:C33984|OMIM:191316|PR:Q16288|REACT:R-HSA-6798240|REACT:R-HSA-9034718|REACT:R-HSA-9603540|REACT:R-HSA-9603541|REACT:R-HSA-9603542|REACT:R-HSA-9603557|UMLS:C1334910|UMLS:C3853696|UMLS:C5391720|UNIPROTKB:B7Z7U4|UNIPROTKB:F6W9M4|UNIPROTKB:O95193|UNIPROTKB:Q16288|UNIPROTKB:Q96CY4|UNIPROTKB:X5D2R1|UNIPROTKB:X5D7M5|UNIPROTKB:X5DNW6
NUB1|Q9Y5A7,ODA_Q9Y5A7|NUB1,13,ENSEMBL:ENSG00000013374|HGNC:17623|MESH:C430242|NCBIGENE:51667|OMIM:607981|PR:Q9Y5A7|REACT:R-HSA-8956126|REACT:R-HSA-8956129|UMLS:C1448020|UMLS:C1826485|UNIPROTKB:H3BM14|UNIPROTKB:H3BM74|UNIPROTKB:Q9Y5A7
NUCB2|P80303,ODA_P80303|NUCB2,10,ENSEMBL:ENSG00000070081|HGNC:8044|MESH:C000630650|NCBIGENE:4925|OMIM:608020|PR:P80303|UMLS:C1417875|UMLS:C1447325|UNIPROTKB:P80303|UNIPROTKB:Q2L696
NUDT5|Q9UKK9,DEV_Q9UKK9|NUDT5,12,ENSEMBL:ENSG00000165609|ENSEMBL:ENSP00000419628|ENSEMBL:ENSP00000419628.1|HGNC:8052|MESH:C403715|NCBIGENE:11164|OMIM:609230|PR:Q9UKK9|REACT:R-HSA-2393933|UMLS:C0911874|UMLS:C1417883|UNIPROTKB:Q9UKK9
NXPH1|P58417,NEX_P58417|NXPH1,11,ENSEMBL:ENSG00000122584|ENSEMBL:ENSP00000384551|ENSEMBL:ENSP00000384551.1|HGNC:20693|NCBIGENE:30010|OMIM:604639|PR:P58417|UMLS:C1427081|UMLS:C1433970|UNIPROTKB:P58417|UNIPROTKB:Q3LID8
OLR1|P78380,CVD2_P78380|OLR1,13,ENSEMBL:ENSG00000173391|HGNC:8133|MESH:C495137|NCBIGENE:4973|NCIT:C204113|OMIM:602601|PR:P78380|REACT:R-HSA-203139|REACT:R-HSA-6799518|REACT:R-HSA-6800883|UMLS:C1417947|UMLS:C1433539|UNIPROTKB:P78380
OMD|Q99983,DEV_Q99983|OMD,15,ENSEMBL:ENSG00000127083|ENSEMBL:ENSP00000364700|ENSEMBL:ENSP00000364700.4|ENSEMBL:ENSP00000516806|ENSEMBL:ENSP00000516806.1|HGNC:8134|NCBIGENE:4958|NCIT:C97680|NCIT:C97682|OMIM:618926|PR:000011636|PR:Q99983|UMLS:C1417948|UMLS:C1609959|UNIPROTKB:Q99983
OMG|P23515,CRE_P23515|OMG,15,ENSEMBL:ENSG00000126861|ENSEMBL:ENSP00000247271|ENSEMBL:ENSP00000247271.4|ENSEMBL:ENSP00000517225|ENSEMBL:ENSP00000517225.1|HGNC:8135|MESH:C560528|NCBIGENE:101927057|NCBIGENE:4974|OMIM:164345|PR:P23515|REACT:R-HSA-194474|UMLS:C1417949|UMLS:C3178399|UNIPROTKB:P23515
OPTC|Q9UBM4,CRE_Q9UBM4|OPTC,20,ENSEMBL:ENSG00000188770|ENSEMBL:ENSP00000356191|ENSEMBL:ENSP00000356191.2|ENSEMBL:ENSP00000520429|ENSEMBL:ENSP00000520429.1|HGNC:8158|MESH:C404108|NCBIGENE:26254|OMIM:605127|PR:Q9UBM4|REACT:R-HSA-8940514|REACT:R-HSA-8940520|REACT:R-HSA-8940534|REACT:R-HSA-8940538|REACT:R-HSA-8942306|REACT:R-HSA-8942311|REACT:R-HSA-8942317|UMLS:C1417967|UMLS:C1438748|UNIPROTKB:Q9UBM4
OSCAR|Q8IYS5,CVD2_Q8IYS5|OSCAR,43,ENSEMBL:ENSG00000170909|ENSEMBL:ENSG00000273511|ENSEMBL:ENSG00000274703|ENSEMBL:ENSG00000275551|ENSEMBL:ENSG00000275644|ENSEMBL:ENSG00000275736|ENSEMBL:ENSG00000276982|ENSEMBL:ENSG00000277088|ENSEMBL:ENSG00000278378|ENSEMBL:ENSG00000278533|ENSEMBL:ENSP00000304523|ENSEMBL:ENSP00000304523.5|ENSEMBL:ENSP00000348927|ENSEMBL:ENSP00000348927.3|ENSEMBL:ENSP00000351145|ENSEMBL:ENSP00000351145.4|ENSEMBL:ENSP00000352671|ENSEMBL:ENSP00000352671.4|ENSEMBL:ENSP00000365808|ENSEMBL:ENSP00000365808.2|ENSEMBL:ENSP00000375641|ENSEMBL:ENSP00000375641.1|ENSEMBL:ENSP00000479089|ENSEMBL:ENSP00000479089.1|ENSEMBL:ENSP00000479628|ENSEMBL:ENSP00000479628.1|ENSEMBL:ENSP00000484401|ENSEMBL:ENSP00000484401.1|HGNC:29960|MESH:C512828|NCBIGENE:126014|OMIM:606862|PR:Q8IYS5|REACT:R-HSA-5694034|REACT:R-HSA-6799612|REACT:R-HSA-6801007|UMLS:C1121331|UMLS:C1847321|UNIPROTKB:A0A087WV17|UNIPROTKB:A0A087X1R2|UNIPROTKB:A0A0A0MR14|UNIPROTKB:A0A0A0MRF2|UNIPROTKB:Q8IYS5
OSMR|Q99650,CAM_Q99650|OSMR,12,ENSEMBL:ENSG00000145623|HGNC:8507|MESH:C508348|NCBIGENE:9180|NCIT:C24652|NCIT:C34019|OMIM:601743|PR:Q99650|REACT:R-HSA-448654|UMLS:C1335092|UMLS:C1721395|UNIPROTKB:Q99650
OSM|P13725,INF_P13725|OSM,18,ENSEMBL:ENSG00000099985|ENSEMBL:ENSP00000215781|ENSEMBL:ENSP00000215781.2|ENSEMBL:ENSP00000383893|ENSEMBL:ENSP00000383893.1|HGNC:8506|MESH:C508351|NCBIGENE:5008|NCIT:C20499|NCIT:C21549|OMIM:165095|PR:P13725|REACT:R-HSA-5696440|REACT:R-HSA-6797419|UMLS:C1335093|UMLS:C1702221|UNIPROTKB:B5MCX1|UNIPROTKB:P13725
P4HB|P07237,DEV_P07237|P4HB,16,ENSEMBL:ENSG00000185624|ENSEMBL:ENSP00000327801|ENSEMBL:ENSP00000327801.4|HGNC:8548|MESH:C526497|NCBIGENE:5034|NCIT:C222084|OMIM:176790|PR:P07237|REACT:R-HSA-174692|REACT:R-HSA-3341287|REACT:R-HSA-8956902|UMLS:C1418224|UMLS:C2351327|UNIPROTKB:A0A024R8S5|UNIPROTKB:P07237
PADI2|Q9Y2J8,IRE_Q9Y2J8|PADI2,15,ENSEMBL:ENSG00000117115|HGNC:18341|MESH:C000620352|NCBIGENE:11240|NCIT:C132149|NCIT:C132151|OMIM:607935|PR:Q9Y2J8|REACT:R-HSA-1183124|REACT:R-HSA-6793447|REACT:R-HSA-6799344|REACT:R-HSA-6806229|UMLS:C1425460|UMLS:C1434088|UNIPROTKB:Q9Y2J8
PAEP|P09466,NEX_P09466|PAEP,15,ENSEMBL:ENSG00000122133|ENSEMBL:ENSP00000484659|ENSEMBL:ENSP00000484659.1|HGNC:8573|MESH:C045246|NCBIGENE:5047|OMIM:173310|PR:P09466|UMLS:C0071190|UMLS:C1418244|UNIPROTKB:A0A087X233|UNIPROTKB:A6XNE0|UNIPROTKB:B2R4F9|UNIPROTKB:B4E3C0|UNIPROTKB:P09466
PAG1|Q9NWQ8,MET_Q9NWQ8|PAG1,48,ENSEMBL:ENSG00000076641|ENSEMBL:ENSP00000220597|ENSEMBL:ENSP00000220597.3|ENSEMBL:ENSP00000554289|ENSEMBL:ENSP00000554289.1|ENSEMBL:ENSP00000554290|ENSEMBL:ENSP00000554290.1|ENSEMBL:ENSP00000554291|ENSEMBL:ENSP00000554291.1|ENSEMBL:ENSP00000554292|ENSEMBL:ENSP00000554292.1|ENSEMBL:ENSP00000554293|ENSEMBL:ENSP00000554293.1|ENSEMBL:ENSP00000554294|ENSEMBL:ENSP00000554294.1|ENSEMBL:ENSP00000554295|ENSEMBL:ENSP00000554295.1|ENSEMBL:ENSP00000554296|ENSEMBL:ENSP00000554296.1|ENSEMBL:ENSP00000554297|ENSEMBL:ENSP00000554297.1|ENSEMBL:ENSP00000554298|ENSEMBL:ENSP00000554298.1|ENSEMBL:ENSP00000554299|ENSEMBL:ENSP00000554299.1|ENSEMBL:ENSP00000554303|ENSEMBL:ENSP00000554303.1|ENSEMBL:ENSP00000554304|ENSEMBL:ENSP00000554304.1|ENSEMBL:ENSP00000554305|ENSEMBL:ENSP00000554305.1|ENSEMBL:ENSP00000554306|ENSEMBL:ENSP00000554306.1|ENSEMBL:ENSP00000554307|ENSEMBL:ENSP00000554307.1|ENSEMBL:ENSP00000640390|ENSEMBL:ENSP00000640390.1|ENSEMBL:ENSP00000640393|ENSEMBL:ENSP00000640393.1|HGNC:30043|NCBIGENE:55824|NCIT:C24654|OMIM:605767|PR:Q9NWQ8|REACT:R-HSA-180494|REACT:R-HSA-180500|UMLS:C1538565|UNIPROTKB:Q9NWQ8
PAK4|O96013,CRE_O96013|PAK4,12,ENSEMBL:ENSG00000130669|HGNC:16059|MESH:C116367|NCBIGENE:10298|NCIT:C178165|NCIT:C178167|OMIM:605451|PR:O96013|REACT:R-HSA-428461|UMLS:C1423944|UMLS:C1449211|UNIPROTKB:O96013
PAMR1|Q6UXH9,DEV_Q6UXH9|PAMR1,13,ENSEMBL:ENSG00000149090|ENSEMBL:ENSP00000480961|ENSEMBL:ENSP00000480961.1|HGNC:24554|MESH:C486046|NCBIGENE:25891|PR:Q6UXH9|UMLS:C1451814|UMLS:C2678550|UNIPROTKB:A0A087WXE9|UNIPROTKB:B7Z4A8|UNIPROTKB:B7Z6E5|UNIPROTKB:Q6UXH9
PAM|P19021,CAM_P19021|PAM,28,ENSEMBL:ENSG00000145730|ENSEMBL:ENSP00000306100|ENSEMBL:ENSP00000306100.8|ENSEMBL:ENSP00000507172|ENSEMBL:ENSP00000507172.1|ENSEMBL:ENSP00000507990|ENSEMBL:ENSP00000507990.1|ENSEMBL:ENSP00000508091|ENSEMBL:ENSP00000508091.1|ENSEMBL:ENSP00000560273|ENSEMBL:ENSP00000560273.1|ENSEMBL:ENSP00000560278|ENSEMBL:ENSP00000560278.1|ENSEMBL:ENSP00000627574|ENSEMBL:ENSP00000627574.1|HGNC:8596|MESH:C544787|NCBIGENE:5066|OMIM:170270|PR:P19021|UMLS:C1456357|UMLS:C2742138|UNIPROTKB:A0A804HIQ0|UNIPROTKB:A0A804HKM7|UNIPROTKB:A0A804HKV8|UNIPROTKB:A0A8C8KD64|UNIPROTKB:O43832|UNIPROTKB:P19021
PAPPA|Q13219,CVD2_Q13219|PAPPA,19,CHV:0000010072|ENSEMBL:ENSG00000182752|ENSEMBL:ENSP00000330658|ENSEMBL:ENSP00000330658.3|HGNC:8602|MESH:C579283|NCBIGENE:5069|NCIT:C91823|NCIT:C91825|OMIM:176385|PR:000012270|PR:Q13219|REACT:R-HSA-381405|UMLS:C1442932|UMLS:C2984583|UMLS:C3657764|UNIPROTKB:B4DTA8|UNIPROTKB:Q13219|UNIPROTKB:Q7Z613
PARK7|Q99497,DEV_Q99497|PARK7,45,ENSEMBL:ENSG00000116288|ENSEMBL:ENSP00000340278|ENSEMBL:ENSP00000340278.5|ENSEMBL:ENSP00000366708|ENSEMBL:ENSP00000366708.1|ENSEMBL:ENSP00000366711|ENSEMBL:ENSP00000366711.1|ENSEMBL:ENSP00000418770|ENSEMBL:ENSP00000418770.1|ENSEMBL:ENSP00000465404|ENSEMBL:ENSP00000465404.1|ENSEMBL:ENSP00000542682|ENSEMBL:ENSP00000542682.1|ENSEMBL:ENSP00000542684|ENSEMBL:ENSP00000542684.1|ENSEMBL:ENSP00000542687|ENSEMBL:ENSP00000542687.1|ENSEMBL:ENSP00000542690|ENSEMBL:ENSP00000542690.1|ENSEMBL:ENSP00000593356|ENSEMBL:ENSP00000593356.1|ENSEMBL:ENSP00000593357|ENSEMBL:ENSP00000593357.1|ENSEMBL:ENSP00000593358|ENSEMBL:ENSP00000593358.1|HGNC:16369|LOINC:LP190759-3|LOINC:LP288428-8|MESH:C105131|NCBIGENE:11315|NCIT:C104714|NCIT:C104716|OMIM:602533|PR:Q99497|REACT:R-HSA-3900141|REACT:R-HSA-4085351|REACT:R-HSA-9641100|REACT:R-HSA-9641123|REACT:R-HSA-9641128|REACT:R-HSA-9659997|REACT:R-HSA-9660005|UMLS:C0537311|UMLS:C1424222|UNIPROTKB:Q99497|UNIPROTKB:V9HWC2
PARP1|P09874,CVD2_P09874|PARP1,19,ENSEMBL:ENSG00000143799|ENSEMBL:ENSP00000355759|ENSEMBL:ENSP00000355759.5|HGNC:270|MESH:C499320|NCBIGENE:142|NCIT:C104102|NCIT:C48215|NCIT:C48684|OMIM:173870|PR:P09874|REACT:R-HSA-201568|REACT:R-HSA-4551617|REACT:R-HSA-4551686|REACT:R-HSA-5651713|UMLS:C1538577|UMLS:C1567710|UMLS:C3641724|UNIPROTKB:P09874
PCDH17|O14917,CRE_O14917|PCDH17,9,ENSEMBL:ENSG00000118946|HGNC:14267|MESH:C529349|NCBIGENE:27253|OMIM:611760|PR:O14917|UMLS:C1422527|UMLS:C2354259|UNIPROTKB:O14917
PCDH1|Q08174,ONC3_Q08174|PCDH1,12,ENSEMBL:ENSG00000156453|HGNC:8655|MESH:C081683|NCBIGENE:5097|OMIM:603626|PR:Q08174|UMLS:C1418305|UMLS:C1611299|UNIPROTKB:A8K0E7|UNIPROTKB:B4DUA8|UNIPROTKB:B4E2D8|UNIPROTKB:Q08174
PCOLCE|Q15113,CAM_Q15113|PCOLCE,12,ENSEMBL:ENSG00000106333|ENSEMBL:ENSP00000223061|ENSEMBL:ENSP00000223061.5|HGNC:8738|MESH:C491555|NCBIGENE:5118|OMIM:600270|PR:Q15113|REACT:R-HSA-2002444|UMLS:C1418383|UMLS:C1453811|UNIPROTKB:Q15113
PCSK9|Q8NBP7,CVD3_Q8NBP7|PCSK9,25,ENSEMBL:ENSG00000169174|ENSEMBL:ENSP00000501257|ENSEMBL:ENSP00000501257.1|ENSEMBL:ENSP00000519088|ENSEMBL:ENSP00000519088.1|ENSEMBL:LRG_275|HGNC:20001|LOINC:LP288432-0|LOINC:LP95531-7|MESH:C472125|NCBIGENE:255738|NCIT:C122915|NCIT:C122918|OMIM:607786|PR:Q8NBP7|REACT:R-HSA-6784727|REACT:R-HSA-6784823|REACT:R-HSA-8855128|REACT:R-HSA-8956745|REACT:R-HSA-8956943|UMLS:C1174937|UMLS:C1426592|UNIPROTKB:A0A669KBG0|UNIPROTKB:A0AAQ5BGX4|UNIPROTKB:Q8NBP7
PDCD1LG2|Q9BQ51,CVD2_Q9BQ51|PDCD1LG2,13,ENSEMBL:ENSG00000197646|HGNC:18731|MESH:C556977|NCBIGENE:80380|NCIT:C45437|NCIT:C45438|OMIM:605723|PR:Q9BQ51|REACT:R-HSA-3211774|UMLS:C1425745|UMLS:C1447927|UMLS:C1705357|UNIPROTKB:Q9BQ51
PDCD1|Q15116,ODA_Q15116|PDCD1,26,CHEMBL.TARGET:CHEMBL3307223|ENSEMBL:ENSG00000188389|ENSEMBL:ENSG00000276977|ENSEMBL:ENSP00000335062|ENSEMBL:ENSP00000335062.5|ENSEMBL:ENSP00000480684|ENSEMBL:ENSP00000480684.1|ENSEMBL:ENSP00000520841|ENSEMBL:ENSP00000520841.1|HGNC:8760|MESH:C105992|MESH:D061026|NCBIGENE:5133|NCIT:C94695|NCIT:C94697|OMIM:600244|PR:000001919|PR:Q15116|REACT:R-HSA-197604|REACT:R-HSA-389736|UMLS:C0135710|UMLS:C1418401|UMLS:C2986635|UNIPROTKB:A0A0M3M0G7|UNIPROTKB:A0ABB0MVI3|UNIPROTKB:Q15116
PDGFA|P04085,CVD3_P04085|PDGFA,21,ENSEMBL:ENSG00000197461|HGNC:8799|NCBIGENE:5154|NCIT:C24665|NCIT:C30162|OMIM:173430|PR:P04085|REACT:R-HSA-184199|REACT:R-HSA-184205|REACT:R-HSA-2426265|REACT:R-HSA-380739|REACT:R-HSA-380742|REACT:R-HSA-380743|REACT:R-HSA-381910|REACT:R-HSA-381916|REACT:R-HSA-8865268|REACT:R-HSA-8865269|REACT:R-HSA-9795748|UMLS:C1335200|UMLS:C1335430|UNIPROTKB:P04085
PDGFB|P01127,CVD2_P01127|PDGFB,21,ENSEMBL:ENSG00000100311|HGNC:8800|MESH:C000730944|NCBIGENE:5155|NCIT:C18278|NCIT:C20449|OMIM:190040|PR:P01127|REACT:R-HSA-184200|REACT:R-HSA-184201|REACT:R-HSA-380740|REACT:R-HSA-381903|REACT:R-HSA-381904|REACT:R-HSA-387075|REACT:R-HSA-389058|REACT:R-HSA-396945|UMLS:C0751995|UMLS:C3887785|UMLS:C5974590|UNIPROTKB:A0A384NYY3|UNIPROTKB:P01127
PDGFC|Q9NRA1,ODA_Q9NRA1|PDGFC,15,ENSEMBL:ENSG00000145431|HGNC:8801|NCBIGENE:56034|NCIT:C104749|NCIT:C104751|OMIM:608452|PR:Q9NRA1|REACT:R-HSA-381901|REACT:R-HSA-381905|REACT:R-HSA-381911|REACT:R-HSA-381912|REACT:R-HSA-389060|UMLS:C1418436|UMLS:C1571527|UNIPROTKB:Q9NRA1
PDGFRA|P16234,NEU1_P16234|PDGFRA,14,ENSEMBL:ENSG00000134853|ENSEMBL:LRG_309|HGNC:8803|LOINC:LP288434-6|LOINC:LP94848-6|MESH:C000731076|NCBIGENE:5156|NCIT:C24666|NCIT:C30163|OMIM:173490|PR:P16234|UMLS:C1335201|UMLS:C3853694|UNIPROTKB:P16234
PDGFRB|P09619,DEV_P09619|PDGFRB,18,ENSEMBL:ENSG00000113721|HGNC:8804|LOINC:LP190356-8|LOINC:LP288435-3|MESH:C000605860|NCBIGENE:5159|NCIT:C24667|NCIT:C30164|OMIM:173410|PR:P09619|REACT:R-HSA-186767|REACT:R-HSA-186803|REACT:R-HSA-8864039|UMLS:C1335202|UMLS:C3853695|UMLS:C4279369|UNIPROTKB:P09619|UNIPROTKB:Q59F04
PDP1|Q9P0J1,ODA_Q9P0J1|PDP1,11,ENSEMBL:ENSG00000164951|HGNC:9279|MESH:C000607463|NCBIGENE:54704|OMIM:605993|PR:Q9P0J1|REACT:R-HSA-204149|UMLS:C1418818|UMLS:C4307808|UNIPROTKB:Q6P1N1|UNIPROTKB:Q9P0J1
PEAR1|Q5VY43,DEV_Q5VY43|PEAR1,21,ENSEMBL:ENSG00000187800|ENSEMBL:ENSP00000292357|ENSEMBL:ENSP00000292357.7|ENSEMBL:ENSP00000344465|ENSEMBL:ENSP00000344465.3|ENSEMBL:ENSP00000528380|ENSEMBL:ENSP00000528380.1|ENSEMBL:ENSP00000528382|ENSEMBL:ENSP00000528382.1|ENSEMBL:ENSP00000528384|ENSEMBL:ENSP00000528384.1|ENSEMBL:ENSP00000528385|ENSEMBL:ENSP00000528385.1|HGNC:33631|MESH:C502809|NCBIGENE:375033|OMIM:610278|PR:Q5VY43|UMLS:C1609148|UMLS:C1853216|UNIPROTKB:Q5VY43
PEBP1|P30086,DEV_P30086|PEBP1,13,ENSEMBL:ENSG00000089220|ENSEMBL:ENSP00000261313|ENSEMBL:ENSP00000261313.2|HGNC:8630|MESH:C511482|NCBIGENE:5037|OMIM:604591|PR:P30086|REACT:R-HSA-61487|UMLS:C0072359|UMLS:C1826565|UNIPROTKB:D9IAI1|UNIPROTKB:P30086
PECAM1|P16284,CVD3_P16284|PECAM1,17,ENSEMBL:ENSG00000261371|HGNC:8823|MESH:C000632548|NCBIGENE:5175|NCIT:C17402|NCIT:C20997|OMIM:173445|PR:000001904|PR:P16284|REACT:R-HSA-114686|REACT:R-HSA-210007|REACT:R-HSA-61489|REACT:R-HSA-6804778|REACT:R-HSA-9860772|UMLS:C1335205|UMLS:C5197492|UNIPROTKB:P16284
PFDN2|Q9UHV9,NEX_Q9UHV9|PFDN2,12,ENSEMBL:ENSG00000143256|ENSEMBL:ENSP00000356989|ENSEMBL:ENSP00000356989.3|HGNC:8867|NCBIGENE:5202|OMIM:613466|PR:Q9UHV9|REACT:R-HSA-379544|UMLS:C1418484|UMLS:C1454518|UNIPROTKB:B1AQP2|UNIPROTKB:Q9UHV9
PGF|P49763,CVD2_P49763|PGF,20,ENSEMBL:ENSG00000119630|ENSEMBL:ENSP00000238607|ENSEMBL:ENSP00000238607.6|HGNC:8893|MESH:C000608036|NCBIGENE:5228|NCIT:C126117|NCIT:C24670|NCIT:C28666|OMIM:601121|PR:000039603|PR:P49763|REACT:R-HSA-3009042|UMLS:C1335207|UMLS:C1504871|UMLS:C4288392|UNIPROTKB:G3XA84|UNIPROTKB:P49763|UNIPROTKB:Q53XY6|UNIPROTKB:Q86TW6
PGF|P49763,ODA_P49763-3|PGF,20,ENSEMBL:ENSG00000119630|ENSEMBL:ENSP00000238607|ENSEMBL:ENSP00000238607.6|HGNC:8893|MESH:C000608036|NCBIGENE:5228|NCIT:C126117|NCIT:C24670|NCIT:C28666|OMIM:601121|PR:000039603|PR:P49763|REACT:R-HSA-3009042|UMLS:C1335207|UMLS:C1504871|UMLS:C4288392|UNIPROTKB:G3XA84|UNIPROTKB:P49763|UNIPROTKB:Q53XY6|UNIPROTKB:Q86TW6
PGLYRP1|O75594,CVD3_O75594|PGLYRP1,15,ENSEMBL:ENSG00000008438|ENSEMBL:ENSP00000008938|ENSEMBL:ENSP00000008938.3|HGNC:8904|MESH:C491878|NCBIGENE:8993|OMIM:604963|PR:O75594|REACT:R-HSA-6789159|REACT:R-HSA-6799630|REACT:R-HSA-6799683|REACT:R-HSA-6800896|UMLS:C1418515|UMLS:C1452514|UNIPROTKB:O75594
PHOSPHO1|Q8TCT1,NEX_Q8TCT1|PHOSPHO1,9,ENSEMBL:ENSG00000173868|HGNC:16815|MESH:C497128|NCBIGENE:162466|PR:Q8TCT1|REACT:R-HSA-1498779|UMLS:C1424567|UMLS:C1566343|UNIPROTKB:Q8TCT1
PI3|P19957,CVD3_P19957|PI3,19,ENSEMBL:ENSG00000124102|ENSEMBL:ENSP00000243924|ENSEMBL:ENSP00000243924.3|ENSEMBL:ENSP00000641389|ENSEMBL:ENSP00000641389.1|HGNC:8947|MESH:C506806|NCBIGENE:5266|NCIT:C105389|NCIT:C105391|OMIM:182257|PR:P19957|REACT:R-HSA-6810802|REACT:R-HSA-6810812|REACT:R-HSA-6814198|REACT:R-HSA-8934845|UMLS:C0142580|UMLS:C1418549|UNIPROTKB:P19957
PIGR|P01833,CVD2_P01833|PIGR,36,ENSEMBL:ENSG00000162896|ENSEMBL:ENSP00000348888|ENSEMBL:ENSP00000348888.4|ENSEMBL:ENSP00000530584|ENSEMBL:ENSP00000530584.1|ENSEMBL:ENSP00000530585|ENSEMBL:ENSP00000530585.1|ENSEMBL:ENSP00000530586|ENSEMBL:ENSP00000530586.1|ENSEMBL:ENSP00000530589|ENSEMBL:ENSP00000530589.1|ENSEMBL:ENSP00000530590|ENSEMBL:ENSP00000530590.1|ENSEMBL:ENSP00000530592|ENSEMBL:ENSP00000530592.1|ENSEMBL:ENSP00000530598|ENSEMBL:ENSP00000530598.1|ENSEMBL:ENSP00000612221|ENSEMBL:ENSP00000612221.1|ENSEMBL:ENSP00000612223|ENSEMBL:ENSP00000612223.1|ENSEMBL:ENSP00000612228|ENSEMBL:ENSP00000612228.1|ENSEMBL:ENSP00000612229|ENSEMBL:ENSP00000612229.1|HGNC:8968|MESH:C000730608|NCBIGENE:5284|NCIT:C204156|OMIM:173880|PR:P01833|REACT:R-HSA-197861|REACT:R-HSA-6799166|UMLS:C1418569|UMLS:C5891094|UNIPROTKB:P01833
PIK3AP1|Q6ZUJ8,IRE_Q6ZUJ8|PIK3AP1,13,ENSEMBL:ENSG00000155629|HGNC:30034|MESH:C487977|NCBIGENE:118788|NCIT:C147049|NCIT:C147051|OMIM:607942|PR:000012714|PR:Q6ZUJ8|REACT:R-HSA-984814|UMLS:C1454387|UMLS:C1538646|UNIPROTKB:Q6ZUJ8
PILRA|Q9UKJ1,DEV_Q9UKJ1|PILRA,10,ENSEMBL:ENSG00000085514|HGNC:20396|MESH:C412263|NCBIGENE:29992|OMIM:605341|PR:Q9UKJ1|REACT:R-HSA-3008978|UMLS:C1309410|UMLS:C1426911|UNIPROTKB:Q9UKJ1
PILRB|Q9UKJ0,MET_Q9UKJ0|PILRB,10,ENSEMBL:ENSG00000121716|HGNC:18297|MESH:C404960|NCBIGENE:29990|OMIM:605342|PR:Q9UKJ0|REACT:R-HSA-2130158|UMLS:C1309411|UMLS:C1425430|UNIPROTKB:Q9UKJ0
PLA2G10|O15496,NEX_O15496|PLA2G10,15,ENSEMBL:ENSG00000069764|ENSEMBL:ENSG00000276870|ENSEMBL:ENSP00000393847|ENSEMBL:ENSP00000393847.4|ENSEMBL:ENSP00000479397|ENSEMBL:ENSP00000479397.1|HGNC:9029|MESH:C516365|NCBIGENE:8399|OMIM:603603|PR:O15496|REACT:R-HSA-1498793|UMLS:C1418616|UMLS:C1568591|UNIPROTKB:O15496
PLA2G4A|P47712,DEV_P47712|PLA2G4A,25,ENSEMBL:ENSG00000116711|ENSEMBL:ENSP00000356436|ENSEMBL:ENSP00000356436.3|ENSEMBL:ENSP00000521173|ENSEMBL:ENSP00000521173.1|ENSEMBL:ENSP00000521174|ENSEMBL:ENSP00000521174.1|ENSEMBL:ENSP00000614362|ENSEMBL:ENSP00000614362.1|ENSEMBL:LRG_596|HGNC:9035|MESH:C516389|NCBIGENE:5321|NCIT:C38588|NCIT:C38589|OMIM:600522|PR:P47712|REACT:R-HSA-111859|REACT:R-HSA-1524099|REACT:R-HSA-378502|REACT:R-HSA-934669|UMLS:C0912034|UMLS:C1418620|UNIPROTKB:B4DZI4|UNIPROTKB:P47712
PLA2G7|Q13093,CAM_Q13093|PLA2G7,20,ENSEMBL:ENSG00000146070|ENSEMBL:ENSP00000274793|ENSEMBL:ENSP00000274793.7|ENSEMBL:ENSP00000445666|ENSEMBL:ENSP00000445666.1|ENSEMBL:ENSP00000548380|ENSEMBL:ENSP00000548380.1|ENSEMBL:ENSP00000548381|ENSEMBL:ENSP00000548381.1|HGNC:9040|MESH:C526684|NCBIGENE:7941|NCIT:C122064|NCIT:C122066|OMIM:601690|PR:Q13093|REACT:R-HSA-422074|UMLS:C1418625|UMLS:C2351517|UNIPROTKB:Q13093
PLAT|P00750,CVD3_P00750|PLAT,19,ENSEMBL:ENSG00000104368|ENSEMBL:ENSP00000429401|ENSEMBL:ENSP00000429401.1|ENSEMBL:LRG_570|HGNC:9051|MESH:C067262|NCBIGENE:5327|NCIT:C16995|NCIT:C26546|OMIM:173370|PR:P00750|REACT:R-HSA-158754|REACT:R-HSA-158758|REACT:R-HSA-158762|UMLS:C0084796|UMLS:C1367601|UNIPROTKB:B4DN26|UNIPROTKB:F6W3T7|UNIPROTKB:P00750
PLAUR|Q03405,CVD3_Q03405|PLAUR,22,ENSEMBL:ENSG00000011422|ENSEMBL:ENSP00000471881|ENSEMBL:ENSP00000471881.1|ENSEMBL:LRG_637|HGNC:9053|MESH:C524898|NCBIGENE:5329|NCIT:C17321|NCIT:C24681|OMIM:173391|PR:Q03405|REACT:R-HSA-158946|REACT:R-HSA-162687|REACT:R-HSA-162703|REACT:R-HSA-162707|REACT:R-HSA-162866|REACT:R-HSA-6806143|REACT:R-HSA-6806165|UMLS:C0376277|UMLS:C1367689|UNIPROTKB:M0R1I2|UNIPROTKB:Q03405
PLAU|P00749,CVD3_P00749|PLAU,21,ENSEMBL:ENSG00000122861|ENSEMBL:LRG_593|HGNC:9052|MESH:C000625496|NCBIGENE:5328|NCIT:C17242|NCIT:C26581|OMIM:191840|PR:P00749|REACT:R-HSA-158945|REACT:R-HSA-158956|REACT:R-HSA-158970|REACT:R-HSA-158979|REACT:R-HSA-6799705|REACT:R-HSA-6800974|UMLS:C1335224|UMLS:C4548357|UNIPROTKB:B4DNJ4|UNIPROTKB:E7ET40|UNIPROTKB:P00749|UNIPROTKB:Q59GZ8
PLAU|P00749,INF_P00749|PLAU,21,ENSEMBL:ENSG00000122861|ENSEMBL:LRG_593|HGNC:9052|MESH:C000625496|NCBIGENE:5328|NCIT:C17242|NCIT:C26581|OMIM:191840|PR:P00749|REACT:R-HSA-158945|REACT:R-HSA-158956|REACT:R-HSA-158970|REACT:R-HSA-158979|REACT:R-HSA-6799705|REACT:R-HSA-6800974|UMLS:C1335224|UMLS:C4548357|UNIPROTKB:B4DNJ4|UNIPROTKB:E7ET40|UNIPROTKB:P00749|UNIPROTKB:Q59GZ8
PLIN1|O60240,ODA_O60240|PLIN1,23,ENSEMBL:ENSG00000166819|ENSEMBL:ENSP00000300055|ENSEMBL:ENSP00000300055.5|ENSEMBL:ENSP00000402167|ENSEMBL:ENSP00000402167.2|ENSEMBL:ENSP00000566728|ENSEMBL:ENSP00000566728.1|ENSEMBL:ENSP00000627152|ENSEMBL:ENSP00000627152.1|ENSEMBL:ENSP00000627153|ENSEMBL:ENSP00000627153.1|HGNC:9076|MESH:C000602978|NCBIGENE:5346|NCIT:C204538|OMIM:170290|PR:O60240|REACT:R-HSA-163460|REACT:R-HSA-163561|REACT:R-HSA-5640178|UMLS:C1418649|UMLS:C4308339|UNIPROTKB:O60240
PLTP|P55058,CAM_P55058|PLTP,12,ENSEMBL:ENSG00000100979|HGNC:9093|MESH:C493430|NCBIGENE:5360|OMIM:172425|PR:P55058|REACT:R-HSA-194203|REACT:R-HSA-194260|REACT:R-HSA-9624350|UMLS:C1455838|UMLS:C1529231|UNIPROTKB:P55058
PLXDC1|Q8IUK5,ODA_Q8IUK5|PLXDC1,13,ENSEMBL:ENSG00000161381|HGNC:20945|MESH:C510620|NCBIGENE:57125|NCIT:C104090|NCIT:C104092|OMIM:606826|PR:000029686|PR:Q8IUK5|UMLS:C1427201|UMLS:C1722080|UMLS:C3537381|UNIPROTKB:Q8IUK5
PLXNA4|Q9HCM2,IRE_Q9HCM2|PLXNA4,10,ENSEMBL:ENSG00000221866|HGNC:9102|NCBIGENE:91584|OMIM:604280|PR:Q9HCM2|REACT:R-HSA-399736|REACT:R-HSA-419608|REACT:R-HSA-9615220|UMLS:C1826602|UNIPROTKB:Q9HCM2
PLXNB2|O15031,CAM_O15031|PLXNB2,57,ENSEMBL:ENSG00000196576|ENSEMBL:ENSP00000352288|ENSEMBL:ENSP00000352288.4|ENSEMBL:ENSP00000409171|ENSEMBL:ENSP00000409171.1|ENSEMBL:ENSP00000560291|ENSEMBL:ENSP00000560291.1|ENSEMBL:ENSP00000560292|ENSEMBL:ENSP00000560292.1|ENSEMBL:ENSP00000560293|ENSEMBL:ENSP00000560293.1|ENSEMBL:ENSP00000560294|ENSEMBL:ENSP00000560294.1|ENSEMBL:ENSP00000560295|ENSEMBL:ENSP00000560295.1|ENSEMBL:ENSP00000560296|ENSEMBL:ENSP00000560296.1|ENSEMBL:ENSP00000560297|ENSEMBL:ENSP00000560297.1|ENSEMBL:ENSP00000560298|ENSEMBL:ENSP00000560298.1|ENSEMBL:ENSP00000560299|ENSEMBL:ENSP00000560299.1|ENSEMBL:ENSP00000560300|ENSEMBL:ENSP00000560300.1|ENSEMBL:ENSP00000600966|ENSEMBL:ENSP00000600966.1|ENSEMBL:ENSP00000600967|ENSEMBL:ENSP00000600967.1|ENSEMBL:ENSP00000600968|ENSEMBL:ENSP00000600968.1|ENSEMBL:ENSP00000600969|ENSEMBL:ENSP00000600969.1|ENSEMBL:ENSP00000600970|ENSEMBL:ENSP00000600970.1|ENSEMBL:ENSP00000600971|ENSEMBL:ENSP00000600971.1|ENSEMBL:ENSP00000600972|ENSEMBL:ENSP00000600972.1|ENSEMBL:ENSP00000600974|ENSEMBL:ENSP00000600974.1|ENSEMBL:ENSP00000600975|ENSEMBL:ENSP00000600975.1|ENSEMBL:ENSP00000600976|ENSEMBL:ENSP00000600976.1|ENSEMBL:ENSP00000600977|ENSEMBL:ENSP00000600977.1|ENSEMBL:ENSP00000619317|ENSEMBL:ENSP00000619317.1|HGNC:9104|MESH:C000604175|NCBIGENE:23654|OMIM:604293|PR:O15031|UMLS:C1418665|UMLS:C4077658|UNIPROTKB:O15031
PLXNB3|Q9ULL4,NEU1_Q9ULL4|PLXNB3,11,ENSEMBL:ENSG00000198753|HGNC:9105|MESH:C496426|NCBIGENE:5365|OMIM:300214|PR:Q9ULL4|REACT:R-HSA-416675|UMLS:C1418666|UMLS:C1565773|UNIPROTKB:A8K920|UNIPROTKB:Q9ULL4
PMVK|Q15126,NEX_Q15126|PMVK,13,ENSEMBL:ENSG00000163344|ENSEMBL:ENSP00000357452|ENSEMBL:ENSP00000357452.3|HGNC:9141|NCBIGENE:10654|OMIM:607622|PR:Q15126|REACT:R-HSA-191348|REACT:R-HSA-2393994|UMLS:C1418695|UMLS:C1565653|UNIPROTKB:Q15126|UNIPROTKB:Q6FGV9
PODXL2|Q9NZ53,CRE_Q9NZ53|PODXL2,11,ENSEMBL:ENSG00000114631|HGNC:17936|MESH:C000718228|NCBIGENE:50512|OMIM:616627|PR:Q9NZ53|REACT:R-HSA-8954248|REACT:R-HSA-8954273|UMLS:C1538690|UMLS:C5544295|UNIPROTKB:Q9NZ53
PODXL|O00592,ONC2_O00592|PODXL,11,ENSEMBL:ENSG00000128567|HGNC:9171|NCBIGENE:5420|NCIT:C106447|NCIT:C106450|OMIM:602632|PR:O00592|UMLS:C0540463|UMLS:C1418724|UNIPROTKB:O00592|UNIPROTKB:Q96N83
PON2|Q15165,ODA_Q15165|PON2,15,ENSEMBL:ENSG00000105854|ENSEMBL:ENSP00000488378|ENSEMBL:ENSP00000488378.1|HGNC:9205|MESH:C468411|NCBIGENE:5445|NCIT:C113555|NCIT:C113557|OMIM:602447|PR:Q15165|REACT:R-HSA-8932636|UMLS:C0755726|UMLS:C1418755|UNIPROTKB:A0A0J9YXF2|UNIPROTKB:Q15165
PON3|Q15166,CVD3_Q15166|PON3,13,ENSEMBL:ENSG00000105852|ENSEMBL:ENSP00000265627|ENSEMBL:ENSP00000265627.5|HGNC:9206|MESH:C113656|NCBIGENE:5446|OMIM:602720|PR:Q15166|REACT:R-HSA-8932647|REACT:R-HSA-9756394|UMLS:C1418756|UMLS:C1447656|UNIPROTKB:Q15166
PPIB|P23284,DEV_P23284|PPIB,15,ENSEMBL:ENSG00000166794|ENSEMBL:ENSP00000300026|ENSEMBL:ENSP00000300026.4|ENSEMBL:LRG_10|HGNC:9255|NCBIGENE:5479|NCIT:C115179|NCIT:C115181|OMIM:123841|PR:P23284|REACT:R-HSA-1980262|REACT:R-HSA-9728770|UMLS:C1418795|UMLS:C1567679|UNIPROTKB:P23284
PPM1B|O75688,ODA_O75688|PPM1B,12,ENSEMBL:ENSG00000138032|HGNC:9276|MESH:C000607457|NCBIGENE:5495|OMIM:603770|PR:O75688|REACT:R-HSA-1169375|REACT:R-HSA-9713477|REACT:R-HSA-9713479|UMLS:C1418815|UMLS:C4307826|UNIPROTKB:O75688
PPP1R2|P41236,MET_P41236|PPP1R2,10,ENSEMBL:ENSG00000184203|ENSEMBL:ENSP00000484580|ENSEMBL:ENSP00000484580.1|HGNC:9288|NCBIGENE:5504|OMIM:601792|PR:P41236|UMLS:C1418826|UMLS:C1453781|UNIPROTKB:P41236
PPP1R9B|Q96SB3,IRE_Q96SB3|PPP1R9B,9,ENSEMBL:ENSG00000108819|ENSEMBL:ENSP00000478767|ENSEMBL:ENSP00000478767.1|HGNC:9298|NCBIGENE:84687|OMIM:603325|PR:Q96SB3|UMLS:C1418835|UNIPROTKB:Q96SB3
PPP3R1|P63098,NEX_P63098|PPP3R1,16,ENSEMBL:ENSG00000221823|ENSEMBL:ENSP00000234310|ENSEMBL:ENSP00000234310.3|HGNC:9317|MESH:C525676|NCBIGENE:5534|NCIT:C38528|NCIT:C38529|OMIM:601302|PR:000013150|PR:P63098|REACT:R-HSA-2685631|REACT:R-HSA-51291|UMLS:C1418848|UMLS:C1511479|UNIPROTKB:P63098
PPY|P01298,ONC2_P01298|PPY,18,ENSEMBL:ENSG00000108849|HGNC:9327|MESH:C043710|NCBIGENE:5539|NCIT:C129909|NCIT:C129912|NCIT:C129913|NCIT:C129914|NCIT:C725|OMIM:167780|PR:P01298|REACT:R-HSA-388882|UMLS:C0063017|UMLS:C0122626|UMLS:C1418856|UMLS:C1720792|UMLS:C4318402|UNIPROTKB:P01298
PRCP|P42785,CAM_P42785|PRCP,24,ENSEMBL:ENSG00000137509|ENSEMBL:ENSP00000432004|ENSEMBL:ENSP00000432004.2|ENSEMBL:ENSP00000436095|ENSEMBL:ENSP00000436095.2|ENSEMBL:ENSP00000505064|ENSEMBL:ENSP00000505064.1|ENSEMBL:ENSP00000506058|ENSEMBL:ENSP00000506058.1|ENSEMBL:ENSP00000506101|ENSEMBL:ENSP00000506101.1|ENSEMBL:ENSP00000506508|ENSEMBL:ENSP00000506508.1|HGNC:9344|NCBIGENE:5547|OMIM:176785|PR:P42785|REACT:R-HSA-158380|REACT:R-HSA-6799240|REACT:R-HSA-6800988|UMLS:C1418873|UNIPROTKB:A0ACM8QIH3|UNIPROTKB:B7Z7Q6|UNIPROTKB:P42785
PRDX1|Q06830,IRE_Q06830|PRDX1,66,ENSEMBL:ENSG00000117450|ENSEMBL:ENSP00000262746|ENSEMBL:ENSP00000262746.1|ENSEMBL:ENSP00000361152|ENSEMBL:ENSP00000361152.5|ENSEMBL:ENSP00000389047|ENSEMBL:ENSP00000389047.2|ENSEMBL:ENSP00000407034|ENSEMBL:ENSP00000407034.2|ENSEMBL:ENSP00000503140|ENSEMBL:ENSP00000503140.1|ENSEMBL:ENSP00000579447|ENSEMBL:ENSP00000579447.1|ENSEMBL:ENSP00000579448|ENSEMBL:ENSP00000579448.1|ENSEMBL:ENSP00000579449|ENSEMBL:ENSP00000579449.1|ENSEMBL:ENSP00000579450|ENSEMBL:ENSP00000579450.1|ENSEMBL:ENSP00000579451|ENSEMBL:ENSP00000579451.1|ENSEMBL:ENSP00000579452|ENSEMBL:ENSP00000579452.1|ENSEMBL:ENSP00000579453|ENSEMBL:ENSP00000579453.1|ENSEMBL:ENSP00000579454|ENSEMBL:ENSP00000579454.1|ENSEMBL:ENSP00000579456|ENSEMBL:ENSP00000579456.1|ENSEMBL:ENSP00000584688|ENSEMBL:ENSP00000584688.1|ENSEMBL:ENSP00000584689|ENSEMBL:ENSP00000584689.1|ENSEMBL:ENSP00000584690|ENSEMBL:ENSP00000584690.1|ENSEMBL:ENSP00000584691|ENSEMBL:ENSP00000584691.1|ENSEMBL:ENSP00000584692|ENSEMBL:ENSP00000584692.1|ENSEMBL:ENSP00000584693|ENSEMBL:ENSP00000584693.1|ENSEMBL:ENSP00000584694|ENSEMBL:ENSP00000584694.1|ENSEMBL:ENSP00000584695|ENSEMBL:ENSP00000584695.1|ENSEMBL:ENSP00000584696|ENSEMBL:ENSP00000584696.1|ENSEMBL:ENSP00000584698|ENSEMBL:ENSP00000584698.1|ENSEMBL:ENSP00000584699|ENSEMBL:ENSP00000584699.1|ENSEMBL:ENSP00000584700|ENSEMBL:ENSP00000584700.1|HGNC:9352|MESH:C515940|NCBIGENE:5052|OMIM:176763|PR:Q06830|REACT:R-HSA-3341270|REACT:R-HSA-5629198|REACT:R-HSA-8868564|REACT:R-HSA-8958034|UMLS:C1418879|UMLS:C1430024|UNIPROTKB:A0A384NPQ2|UNIPROTKB:Q06830
PRDX3|P30048,IRE_P30048|PRDX3,11,ENSEMBL:ENSG00000165672|HGNC:9354|MESH:C516115|NCBIGENE:10935|OMIM:604769|PR:P30048|REACT:R-HSA-3323081|UMLS:C0289049|UMLS:C1418881|UNIPROTKB:A0A384MTR2|UNIPROTKB:P30048
PRDX5|P30044,IRE_P30044|PRDX5,11,ENSEMBL:ENSG00000126432|HGNC:9355|MESH:C515974|NCBIGENE:25824|OMIM:606583|PR:P30044|REACT:R-HSA-3323008|REACT:R-HSA-3341350|UMLS:C1312503|UMLS:C1418882|UNIPROTKB:P30044
PRDX6|P30041,CRE_P30041|PRDX6,17,ENSEMBL:ENSG00000117592|ENSEMBL:ENSP00000342026|ENSEMBL:ENSP00000342026.5|ENSEMBL:ENSP00000537986|ENSEMBL:ENSP00000537986.1|HGNC:16753|MESH:C515977|NCBIGENE:9588|OMIM:602316|PR:P30041|REACT:R-HSA-3343670|REACT:R-HSA-6798744|REACT:R-HSA-6806198|UMLS:C1424518|UMLS:C1434504|UNIPROTKB:P30041|UNIPROTKB:V9HWC7
PREB|Q9HCU5,CRE_Q9HCU5|PREB,17,ENSEMBL:ENSG00000138073|ENSEMBL:ENSP00000260643|ENSEMBL:ENSP00000260643.2|ENSEMBL:ENSP00000384032|ENSEMBL:ENSP00000384032.3|HGNC:9356|MESH:C118971|NCBIGENE:10113|OMIM:606395|PR:Q9HCU5|REACT:R-HSA-203984|REACT:R-HSA-5642257|UMLS:C1418883|UMLS:C1431838|UNIPROTKB:B5MC98|UNIPROTKB:Q05DB2|UNIPROTKB:Q9HCU5
PRELP|P51888,CVD2_P51888|PRELP,17,ENSEMBL:ENSG00000188783|ENSEMBL:ENSP00000343924|ENSEMBL:ENSP00000343924.2|ENSEMBL:ENSP00000534952|ENSEMBL:ENSP00000534952.1|ENSEMBL:ENSP00000534954|ENSEMBL:ENSP00000534954.1|ENSEMBL:ENSP00000612402|ENSEMBL:ENSP00000612402.1|HGNC:9357|MESH:C096382|NCBIGENE:5549|OMIM:601914|PR:P51888|UMLS:C1418884|UMLS:C1448959|UNIPROTKB:P51888
PRKAB1|Q9Y478,ODA_Q9Y478|PRKAB1,15,ENSEMBL:ENSG00000111725|ENSEMBL:ENSP00000229328|ENSEMBL:ENSP00000229328.5|ENSEMBL:ENSP00000441369|ENSEMBL:ENSP00000441369.1|HGNC:9378|MESH:C526182|NCBIGENE:5564|OMIM:602740|PR:Q9Y478|REACT:R-HSA-2151199|REACT:R-HSA-380968|UMLS:C1418899|UMLS:C2003411|UNIPROTKB:Q9Y478
PRKCQ|Q04759,IRE_Q04759|PRKCQ,19,ENSEMBL:ENSG00000065675|HGNC:9410|MESH:C076233|NCBIGENE:5588|OMIM:600448|PR:Q04759|REACT:R-HSA-202152|REACT:R-HSA-202185|REACT:R-HSA-202346|REACT:R-HSA-202395|REACT:R-HSA-212514|REACT:R-HSA-212526|REACT:R-HSA-2648997|REACT:R-HSA-2685606|REACT:R-HSA-58216|REACT:R-HSA-8938148|UMLS:C0171420|UMLS:C1418926|UNIPROTKB:Q04759
PRKRA|O75569,ODA_O75569|PRKRA,25,ENSEMBL:ENSG00000180228|ENSEMBL:ENSP00000502919|ENSEMBL:ENSP00000502919.1|ENSEMBL:ENSP00000503011|ENSEMBL:ENSP00000503011.1|ENSEMBL:ENSP00000504030|ENSEMBL:ENSP00000504030.1|ENSEMBL:ENSP00000504507|ENSEMBL:ENSP00000504507.1|HGNC:9438|MESH:C104647|NCBIGENE:8575|NCIT:C204895|OMIM:603424|PR:000013241|PR:O75569|REACT:R-HSA-2399897|REACT:R-HSA-9834791|UMLS:C0534926|UMLS:C1418931|UNIPROTKB:A0A7I2V2I8|UNIPROTKB:A0A7I2V4P6|UNIPROTKB:A0A7I2V5H3|UNIPROTKB:B4DJC7|UNIPROTKB:O75569
PROC|P04070,CAM_P04070|PROC,43,CHEMBL.TARGET:CHEMBL4444|DRUGBANK:DB11312|ENSEMBL:ENSG00000115718|ENSEMBL:ENSP00000386679|ENSEMBL:ENSP00000386679.1|ENSEMBL:ENSP00000553902|ENSEMBL:ENSP00000553902.1|ENSEMBL:ENSP00000553903|ENSEMBL:ENSP00000553903.1|ENSEMBL:ENSP00000553913|ENSEMBL:ENSP00000553913.1|ENSEMBL:ENSP00000553917|ENSEMBL:ENSP00000553917.1|ENSEMBL:ENSP00000553920|ENSEMBL:ENSP00000553920.1|ENSEMBL:ENSP00000553939|ENSEMBL:ENSP00000553939.1|ENSEMBL:ENSP00000553940|ENSEMBL:ENSP00000553940.1|ENSEMBL:ENSP00000553947|ENSEMBL:ENSP00000553947.1|ENSEMBL:ENSP00000553952|ENSEMBL:ENSP00000553952.1|ENSEMBL:ENSP00000553953|ENSEMBL:ENSP00000553953.1|ENSEMBL:ENSP00000553954|ENSEMBL:ENSP00000553954.1|ENSEMBL:LRG_599|HGNC:9451|LOINC:LP411714-1|NCBIGENE:5624|NCIT:C102824|NCIT:C102826|OMIM:612283|PR:000013261|PR:P04070|UMLS:C1418943|UMLS:C1949480|UMLS:C6011209|UNIPROTKB:B4DPC8|UNIPROTKB:B4DPQ3|UNIPROTKB:E7END6|UNIPROTKB:P04070
PROK1|P58294,CRE_P58294|PROK1,12,ENSEMBL:ENSG00000143125|ENSEMBL:ENSP00000271331|ENSEMBL:ENSP00000271331.3|HGNC:18454|MESH:C467610|NCBIGENE:84432|OMIM:606233|PR:P58294|REACT:R-HSA-444616|UMLS:C1171958|UMLS:C1425526|UNIPROTKB:P58294
PRSS27|Q9BQR3,CVD2_Q9BQR3|PRSS27,11,ENSEMBL:ENSG00000172382|ENSEMBL:ENSP00000306390|ENSEMBL:ENSP00000306390.3|HGNC:15475|MESH:C472564|NCBIGENE:83886|OMIM:608018|PR:Q9BQR3|UMLS:C1175262|UMLS:C1423515|UNIPROTKB:Q9BQR3
PRSS2|P07478,CAM_P07478|PRSS2,28,ENSEMBL:ENSG00000275896|ENSEMBL:ENSG00000282049|ENSEMBL:ENSP00000487952|ENSEMBL:ENSP00000487952.1|ENSEMBL:ENSP00000488338|ENSEMBL:ENSP00000488338.1|ENSEMBL:ENSP00000488437|ENSEMBL:ENSP00000488437.1|ENSEMBL:ENSP00000488789|ENSEMBL:ENSP00000488789.1|HGNC:9483|MESH:C064831|NCBIGENE:5645|NCIT:C118560|NCIT:C118562|OMIM:601564|PR:000027796|PR:P07478|REACT:R-HSA-1460243|REACT:R-HSA-6799229|UMLS:C0103396|UMLS:C1418970|UNIPROTKB:A0A0J9YXK0|UNIPROTKB:A0A0J9YYC8|UNIPROTKB:A6XMV9|UNIPROTKB:P07478|UNIPROTKB:Q5NV56|UNIPROTKB:Q6PK75
PRSS8|Q16651,CVD2_Q16651|PRSS8,13,ENSEMBL:ENSG00000052344|HGNC:9491|MESH:C000731634|NCBIGENE:5652|NCIT:C17807|NCIT:C26588|OMIM:600823|PR:Q16651|REACT:R-HSA-8849789|REACT:R-HSA-8849805|UMLS:C0257137|UMLS:C1418974|UNIPROTKB:Q16651
PRTFDC1|Q9NRG1,NEX_Q9NRG1|PRTFDC1,9,ENSEMBL:ENSG00000099256|HGNC:23333|MESH:C554253|NCBIGENE:56952|OMIM:610751|PR:Q9NRG1|UMLS:C1428041|UMLS:C2974468|UNIPROTKB:Q9NRG1
PRTG|Q2VWP7,NEU1_Q2VWP7|PRTG,11,ENSEMBL:ENSG00000166450|ENSEMBL:ENSP00000373937|ENSEMBL:ENSP00000373937.4|HGNC:26373|MESH:C586510|NCBIGENE:283659|OMIM:613261|PR:Q2VWP7|UMLS:C1826726|UMLS:C3849514|UNIPROTKB:Q2VWP7
PRTN3|P24158,CVD3_P24158|PRTN3,19,ENSEMBL:ENSG00000196415|ENSEMBL:ENSG00000277804|ENSEMBL:ENSP00000234347|ENSEMBL:ENSP00000234347.3|ENSEMBL:ENSP00000478977|ENSEMBL:ENSP00000478977.1|HGNC:9495|NCBIGENE:5657|NCIT:C17548|NCIT:C26589|OMIM:177020|PR:P24158|REACT:R-HSA-448623|REACT:R-HSA-5610100|REACT:R-HSA-6799223|REACT:R-HSA-6801682|UMLS:C1335267|UMLS:C1706063|UNIPROTKB:P24158
PSG1|P11464,NEX_P11464|PSG1,17,ENSEMBL:ENSG00000231924|ENSEMBL:ENSP00000385386|ENSEMBL:ENSP00000385386.3|HGNC:9514|MESH:C000731149|NCBIGENE:5669|NCIT:C170840|NCIT:C170842|OMIM:176390|PR:000013347|PR:P11464|REACT:R-HSA-8870766|UMLS:C1418991|UMLS:C5400997|UNIPROTKB:G5E9F7|UNIPROTKB:O75238|UNIPROTKB:P11464
PSIP1|O75475,IRE_O75475|PSIP1,16,ENSEMBL:ENSG00000164985|HGNC:9527|MESH:C504649|NCBIGENE:11168|NCIT:C20676|NCIT:C34096|NCIT:C34097|OMIM:603620|PR:000003419|PR:000003422|PR:O75475|REACT:R-HSA-3008840|REACT:R-HSA-3008841|UMLS:C1335268|UMLS:C1615518|UNIPROTKB:O75475
PSMA1|P25786,ODA_P25786|PSMA1,12,ENSEMBL:ENSG00000129084|HGNC:9530|MESH:C000589188|NCBIGENE:5682|OMIM:602854|PR:P25786|REACT:R-HSA-174333|REACT:R-HSA-68724|UMLS:C1419003|UMLS:C3852039|UNIPROTKB:B4E0X6|UNIPROTKB:P25786
PSMD9|O00233,ONC3_O00233|PSMD9,10,ENSEMBL:ENSG00000110801|HGNC:9567|MESH:C114476|NCBIGENE:5715|OMIM:603146|PR:O00233|REACT:R-HSA-68810|UMLS:C1308725|UMLS:C1419040|UNIPROTKB:O00233
PSME1|Q06323,NEX_Q06323|PSME1,13,ENSEMBL:ENSG00000092010|ENSEMBL:ENSG00000284916|HGNC:9568|MESH:C085047|NCBIGENE:5720|OMIM:600654|PR:Q06323|REACT:R-HSA-68812|UMLS:C0250292|UMLS:C1419041|UNIPROTKB:A0A0K0K1L8|UNIPROTKB:Q06323|UNIPROTKB:Q86SZ9
PSPN|O60542,ONC3_O60542|PSPN,13,ENSEMBL:ENSG00000125650|ENSEMBL:ENSP00000245810|ENSEMBL:ENSP00000245810.1|HGNC:9579|NCBIGENE:5623|NCIT:C181101|NCIT:C181103|OMIM:602921|PR:O60542|REACT:R-HSA-434907|UMLS:C1419050|UMLS:C2713476|UNIPROTKB:O60542
PTH1R|Q03431,IRE_Q03431|PTH1R,29,ENSEMBL:ENSG00000160801|ENSEMBL:ENSP00000321999|ENSEMBL:ENSP00000321999.4|ENSEMBL:ENSP00000402723|ENSEMBL:ENSP00000402723.1|ENSEMBL:ENSP00000411424|ENSEMBL:ENSP00000411424.1|ENSEMBL:ENSP00000413774|ENSEMBL:ENSP00000413774.2|ENSEMBL:ENSP00000547413|ENSEMBL:ENSP00000547413.1|ENSEMBL:ENSP00000547414|ENSEMBL:ENSP00000547414.1|ENSEMBL:ENSP00000547415|ENSEMBL:ENSP00000547415.1|ENSEMBL:ENSP00000547417|ENSEMBL:ENSP00000547417.1|HGNC:9608|MESH:C473449|NCBIGENE:5745|NCIT:C204901|OMIM:168468|PR:000013430|PR:Q03431|REACT:R-HSA-420479|UMLS:C1175999|UMLS:C1419073|UNIPROTKB:Q03431|UNIPROTKB:Q0VGD7
PTK7|Q13308,ODA_Q13308|PTK7,12,ENSEMBL:ENSG00000112655|HGNC:9618|MESH:C096905|NCBIGENE:5754|NCIT:C24702|NCIT:C34330|OMIM:601890|PR:000013435|PR:Q13308|UMLS:C0384197|UMLS:C1335276|UNIPROTKB:Q13308
PTN|P21246,ODA_P21246|PTN,40,ENSEMBL:ENSG00000105894|ENSEMBL:ENSP00000341170|ENSEMBL:ENSP00000341170.2|ENSEMBL:ENSP00000514273|ENSEMBL:ENSP00000514273.1|ENSEMBL:ENSP00000547411|ENSEMBL:ENSP00000547411.1|ENSEMBL:ENSP00000547412|ENSEMBL:ENSP00000547412.1|ENSEMBL:ENSP00000600466|ENSEMBL:ENSP00000600466.1|ENSEMBL:ENSP00000600467|ENSEMBL:ENSP00000600467.1|ENSEMBL:ENSP00000600468|ENSEMBL:ENSP00000600468.1|ENSEMBL:ENSP00000612673|ENSEMBL:ENSP00000612673.1|ENSEMBL:ENSP00000612674|ENSEMBL:ENSP00000612674.1|ENSEMBL:ENSP00000612675|ENSEMBL:ENSP00000612675.1|ENSEMBL:ENSP00000612676|ENSEMBL:ENSP00000612676.1|ENSEMBL:ENSP00000612677|ENSEMBL:ENSP00000612677.1|ENSEMBL:ENSP00000612678|ENSEMBL:ENSP00000612678.1|ENSEMBL:ENSP00000612679|ENSEMBL:ENSP00000612679.1|HGNC:9630|NCBIGENE:5764|NCIT:C20452|NCIT:C24703|OMIM:162095|PR:P21246|REACT:R-HSA-201500|UMLS:C1335278|UMLS:C1527983|UNIPROTKB:A0A8V8TNI1|UNIPROTKB:P21246
PTPN1|P18031,NEX_P18031|PTPN1,22,ENSEMBL:ENSG00000196396|ENSEMBL:ENSP00000360683|ENSEMBL:ENSP00000360683.3|ENSEMBL:ENSP00000437732|ENSEMBL:ENSP00000437732.1|HGNC:9642|MESH:C516607|NCBIGENE:5770|NCIT:C24705|NCIT:C26339|OMIM:176885|PR:000013448|PR:P18031|REACT:R-HSA-210625|REACT:R-HSA-9023541|REACT:R-HSA-9815895|UMLS:C1335056|UMLS:C1335281|UNIPROTKB:A8K3M3|UNIPROTKB:B4DSN5|UNIPROTKB:F6WA77|UNIPROTKB:P18031
PTPN6|P29350,DEV_P29350|PTPN6,19,ENSEMBL:ENSG00000111679|HGNC:9658|MESH:C509249|NCBIGENE:5777|NCIT:C24708|NCIT:C26343|OMIM:176883|PR:000013461|PR:P29350|REACT:R-HSA-197938|REACT:R-HSA-6799641|REACT:R-HSA-6800952|REACT:R-HSA-6806315|REACT:R-HSA-9008901|REACT:R-HSA-9008911|UMLS:C1335283|UMLS:C1384543|UNIPROTKB:P29350|UNIPROTKB:Q53XS4
PTPRF|P10586,DEV_P10586|PTPRF,12,ENSEMBL:ENSG00000142949|HGNC:9670|MESH:C516772|NCBIGENE:5792|OMIM:179590|PR:P10586|REACT:R-HSA-6786486|REACT:R-HSA-9815889|UMLS:C1419115|UMLS:C1870045|UNIPROTKB:G1UI20|UNIPROTKB:P10586
PTPRM|P28827,ONC3_P28827|PTPRM,9,ENSEMBL:ENSG00000173482|HGNC:9675|MESH:C516859|NCBIGENE:5797|OMIM:176888|PR:P28827|UMLS:C1419118|UMLS:C1872902|UNIPROTKB:P28827
PTPRS|Q13332,CAM_Q13332|PTPRS,17,ENSEMBL:ENSG00000105426|ENSEMBL:ENSP00000465185|ENSEMBL:ENSP00000465185.1|HGNC:9681|MESH:C516883|NCBIGENE:5802|NCIT:C124923|NCIT:C124925|OMIM:601576|PR:Q13332|REACT:R-HSA-197680|UMLS:C1419124|UMLS:C1873003|UNIPROTKB:K7EJI5|UNIPROTKB:Q13332|UNIPROTKB:Q59FX6|UNIPROTKB:Q8NHS7
PTS|Q03393,NEX_Q03393|PTS,13,ENSEMBL:ENSG00000150787|ENSEMBL:ENSP00000280362|ENSEMBL:ENSP00000280362.3|HGNC:9689|NCBIGENE:5805|NCIT:C204906|OMIM:612719|PR:Q03393|REACT:R-HSA-1475061|REACT:R-HSA-1475426|UMLS:C1419129|UMLS:C5958725|UNIPROTKB:Q03393
PTX3|P26022,CVD2_P26022|PTX3,17,ENSEMBL:ENSG00000163661|ENSEMBL:ENSP00000295927|ENSEMBL:ENSP00000295927.3|HGNC:9692|MESH:C000731227|NCBIGENE:5806|NCIT:C119680|NCIT:C119682|OMIM:602492|PR:000013490|PR:P26022|REACT:R-HSA-6799620|REACT:R-HSA-6800932|REACT:R-HSA-6806290|UMLS:C1419131|UMLS:C1571040|UNIPROTKB:P26022
PVALB|P20472,ODA_P20472|PVALB,28,ENSEMBL:ENSG00000100362|ENSEMBL:ENSG00000274665|ENSEMBL:ENSP00000216200|ENSEMBL:ENSP00000216200.5|ENSEMBL:ENSP00000400247|ENSEMBL:ENSP00000400247.2|ENSEMBL:ENSP00000480913|ENSEMBL:ENSP00000480913.1|ENSEMBL:ENSP00000486144|ENSEMBL:ENSP00000486144.1|ENSEMBL:ENSP00000582259|ENSEMBL:ENSP00000582259.1|ENSEMBL:ENSP00000582260|ENSEMBL:ENSP00000582260.1|ENSEMBL:ENSP00000582261|ENSEMBL:ENSP00000582261.1|ENSEMBL:ENSP00000582262|ENSEMBL:ENSP00000582262.1|HGNC:9704|MESH:C000706973|NCBIGENE:5816|OMIM:168890|PR:P20472|REACT:R-HSA-9006518|REACT:R-HSA-9006534|UMLS:C1419140|UMLS:C5391693|UNIPROTKB:P20472
PVR|P15151,NEU1_P15151|PVR,18,ENSEMBL:ENSG00000073008|ENSEMBL:ENSP00000383907|ENSEMBL:ENSP00000383907.3|ENSEMBL:ENSP00000402060|ENSEMBL:ENSP00000402060.2|HGNC:9705|NCBIGENE:5817|NCIT:C118554|NCIT:C118556|OMIM:173850|PR:P15151|REACT:R-HSA-420600|UMLS:C1419141|UMLS:C1506530|UNIPROTKB:A0A0A0MSA9|UNIPROTKB:A0A0C4DG49|UNIPROTKB:A8K4I1|UNIPROTKB:P15151
PXN|P49023,ODA_P49023|PXN,23,ENSEMBL:ENSG00000089159|ENSEMBL:ENSP00000443887|ENSEMBL:ENSP00000443887.1|ENSEMBL:ENSP00000489840|ENSEMBL:ENSP00000489840.1|HGNC:9718|MESH:C496061|NCBIGENE:5829|NCIT:C104206|NCIT:C104208|OMIM:602505|PR:P49023|REACT:R-HSA-180493|REACT:R-HSA-210014|REACT:R-HSA-5218693|REACT:R-HSA-9031680|REACT:R-HSA-9926330|UMLS:C1419150|UMLS:C1565440|UNIPROTKB:A0A140VJQ8|UNIPROTKB:A0A1B0GTU4|UNIPROTKB:F5GZ78|UNIPROTKB:P49023
QDPR|P09417,MET_P09417|QDPR,11,ENSEMBL:ENSG00000151552|HGNC:9752|NCBIGENE:5860|NCIT:C204923|OMIM:612676|PR:P09417|REACT:R-HSA-71119|UMLS:C1419182|UMLS:C5958736|UNIPROTKB:A0A140VKA9|UNIPROTKB:P09417
QPCT|Q16769,CAM_Q16769|QPCT,14,ENSEMBL:ENSG00000115828|HGNC:9753|NCBIGENE:25797|NCIT:C102504|NCIT:C102506|OMIM:607065|PR:Q16769|REACT:R-HSA-6800162|REACT:R-HSA-6800182|REACT:R-HSA-6800444|REACT:R-HSA-6800936|UMLS:C1419183|UMLS:C5441616|UNIPROTKB:Q16769
RAB6A|P20340,ONC3_P20340|RAB6A,18,ENSEMBL:ENSG00000175582|HGNC:9786|NCBIGENE:5870|OMIM:179513|PR:P20340|REACT:R-HSA-1604442|REACT:R-HSA-6804970|REACT:R-HSA-6804981|REACT:R-HSA-6810979|REACT:R-HSA-6810981|REACT:R-HSA-8849253|REACT:R-HSA-8874052|REACT:R-HSA-8876079|UMLS:C1419215|UMLS:C1568733|UNIPROTKB:A0A024R5J5|UNIPROTKB:P20340|UNIPROTKB:Q53ET8
RARRES1|P49788,ODA_P49788|RARRES1,9,ENSEMBL:ENSG00000118849|HGNC:9867|MESH:C452562|NCBIGENE:5918|OMIM:605090|PR:P49788|UMLS:C1121887|UMLS:C1419273|UNIPROTKB:P49788
RARRES2|Q99969,CVD3_Q99969|RARRES2,41,ENSEMBL:ENSG00000106538|ENSEMBL:ENSP00000223271|ENSEMBL:ENSP00000223271.3|ENSEMBL:ENSP00000418009|ENSEMBL:ENSP00000418009.1|ENSEMBL:ENSP00000418483|ENSEMBL:ENSP00000418483.1|ENSEMBL:ENSP00000533380|ENSEMBL:ENSP00000533380.1|ENSEMBL:ENSP00000533381|ENSEMBL:ENSP00000533381.1|ENSEMBL:ENSP00000533385|ENSEMBL:ENSP00000533385.1|ENSEMBL:ENSP00000533386|ENSEMBL:ENSP00000533386.1|ENSEMBL:ENSP00000533390|ENSEMBL:ENSP00000533390.1|ENSEMBL:ENSP00000533391|ENSEMBL:ENSP00000533391.1|ENSEMBL:ENSP00000533392|ENSEMBL:ENSP00000533392.1|ENSEMBL:ENSP00000533395|ENSEMBL:ENSP00000533395.1|ENSEMBL:ENSP00000533396|ENSEMBL:ENSP00000533396.1|ENSEMBL:ENSP00000533398|ENSEMBL:ENSP00000533398.1|ENSEMBL:ENSP00000533400|ENSEMBL:ENSP00000533400.1|ENSEMBL:ENSP00000581650|ENSEMBL:ENSP00000581650.1|ENSEMBL:ENSP00000634618|ENSEMBL:ENSP00000634618.1|HGNC:9868|NCBIGENE:5919|OMIM:601973|PR:Q99969|REACT:R-HSA-8848881|REACT:R-HSA-8848915|UMLS:C1419274|UNIPROTKB:Q99969
RASA1|P20936,ODA_P20936|RASA1,15,ENSEMBL:ENSG00000145715|HGNC:9871|MESH:C557248|NCBIGENE:5921|NCIT:C91775|NCIT:C91777|OMIM:139150|PR:000013743|PR:P20936|REACT:R-HSA-186833|UMLS:C1419277|UMLS:C2984553|UMLS:C3180500|UNIPROTKB:P20936|UNIPROTKB:Q59GK3
RASSF2|P50749,ODA_P50749|RASSF2,9,ENSEMBL:ENSG00000101265|HGNC:9883|MESH:C425300|NCBIGENE:9770|OMIM:609492|PR:P50749|UMLS:C1419286|UMLS:C1432827|UNIPROTKB:P50749
RBKS|Q9H477,NEX_Q9H477|RBKS,8,ENSEMBL:ENSG00000171174|HGNC:30325|NCBIGENE:64080|OMIM:611132|PR:Q9H477|REACT:R-HSA-8955847|UMLS:C1428961|UNIPROTKB:Q9H477
RCOR1|Q9UKL0,ODA_Q9UKL0|RCOR1,12,ENSEMBL:ENSG00000089902|ENSEMBL:ENSP00000262241|ENSEMBL:ENSP00000262241.5|HGNC:17441|MESH:C121019|NCBIGENE:23186|OMIM:607675|PR:Q9UKL0|REACT:R-HSA-996766|UMLS:C1438424|UMLS:C1538820|UNIPROTKB:Q9UKL0
REG1A|P05451,CAM_P05451|REG1A,18,ENSEMBL:ENSG00000115386|ENSEMBL:ENSP00000233735|ENSEMBL:ENSP00000233735.1|ENSEMBL:ENSP00000638161|ENSEMBL:ENSP00000638161.1|HGNC:9951|MESH:C497617|NCBIGENE:5967|NCIT:C131322|NCIT:C131324|OMIM:167770|PR:000013869|PR:P05451|REACT:R-HSA-9922890|UMLS:C0208940|UMLS:C1419333|UNIPROTKB:A8K7G6|UNIPROTKB:P05451
REG3A|Q06141,CAM_Q06141|REG3A,24,ENSEMBL:ENSG00000172016|ENSEMBL:ENSP00000304311|ENSEMBL:ENSP00000304311.2|ENSEMBL:ENSP00000377456|ENSEMBL:ENSP00000377456.1|ENSEMBL:ENSP00000386630|ENSEMBL:ENSP00000386630.3|HGNC:8601|MESH:C000612141|MESH:C539690|NCBIGENE:5068|NCIT:C105382|NCIT:C105384|OMIM:167805|PR:000013871|PR:Q06141|REACT:R-HSA-6801352|REACT:R-HSA-6801783|REACT:R-HSA-6801803|UMLS:C1538823|UMLS:C2714958|UMLS:C4546513|UNIPROTKB:Q06141|UNIPROTKB:Q53S56
REG4|Q9BYZ8,MET_Q9BYZ8|REG4,9,ENSEMBL:ENSG00000134193|HGNC:22977|MESH:C428528|NCBIGENE:83998|OMIM:609846|PR:Q9BYZ8|UMLS:C0966907|UMLS:C1427829|UNIPROTKB:Q9BYZ8
RELT|Q969Z4,DEV_Q969Z4|RELT,31,ENSEMBL:ENSG00000054967|ENSEMBL:ENSP00000064780|ENSEMBL:ENSP00000064780.2|ENSEMBL:ENSP00000377207|ENSEMBL:ENSP00000377207.2|ENSEMBL:ENSP00000527904|ENSEMBL:ENSP00000527904.1|ENSEMBL:ENSP00000527906|ENSEMBL:ENSP00000527906.1|ENSEMBL:ENSP00000610993|ENSEMBL:ENSP00000610993.1|ENSEMBL:ENSP00000610994|ENSEMBL:ENSP00000610994.1|ENSEMBL:ENSP00000610996|ENSEMBL:ENSP00000610996.1|ENSEMBL:ENSP00000610997|ENSEMBL:ENSP00000610997.1|HGNC:13764|MESH:C427545|NCBIGENE:84957|NCIT:C159401|NCIT:C159403|OMIM:611211|PANTHER.FAMILY:PTHR47397|PR:000013880|PR:Q969Z4|PTHR47397:SF1|UMLS:C0966639|UMLS:C1422189|UMLS:C5202848|UNIPROTKB:Q969Z4
REN|P00797,CVD2_P00797|REN,13,ENSEMBL:ENSG00000143839|HGNC:9958|NCBIGENE:5972|NCIT:C113589|NCIT:C113591|OMIM:179820|PR:P00797|REACT:R-HSA-2022343|REACT:R-HSA-2022352|REACT:R-HSA-2065391|UMLS:C1419338|UMLS:C5441729|UNIPROTKB:P00797
RETN|Q9HD89,CVD3_Q9HD89|RETN,15,ENSEMBL:ENSG00000104918|HGNC:20389|MESH:C499624|NCBIGENE:56729|NCIT:C113641|NCIT:C113643|OMIM:605565|PR:Q9HD89|REACT:R-HSA-6799355|REACT:R-HSA-6799357|REACT:R-HSA-6806172|REACT:R-HSA-9625862|UMLS:C1426906|UMLS:C1432227|UNIPROTKB:Q9HD89
RET|P07949,ONC2_P07949|RET,28,CHV:0000044207|ENSEMBL:ENSG00000165731|ENSEMBL:ENSP00000480088|ENSEMBL:ENSP00000480088.2|ENSEMBL:ENSP00000519223|ENSEMBL:ENSP00000519223.1|ENSEMBL:LRG_518|HGNC:9967|LOINC:LP19763-9|LOINC:LP288482-5|MESH:C099282|NCBIGENE:5979|NCIT:C18257|NCIT:C18539|NCIT:C19954|OMIM:164761|PR:P07949|REACT:R-HSA-8853797|REACT:R-HSA-8854162|REACT:R-HSA-9770505|REACT:R-HSA-9830379|UMLS:C0389252|UMLS:C0694890|UMLS:C1335613|UNIPROTKB:A0A087WWB1|UNIPROTKB:A0AAQ5BH28|UNIPROTKB:B4DGX8|UNIPROTKB:P07949
RGMA|Q96B86,NEU1_Q96B86|RGMA,11,ENSEMBL:ENSG00000182175|HGNC:30308|MESH:C522183|NCBIGENE:56963|OMIM:607362|PR:Q96B86|REACT:R-HSA-374587|UMLS:C1428958|UMLS:C1959538|UNIPROTKB:A0A0A0MTQ4|UNIPROTKB:Q96B86
RGMB|Q6NW40,NEU1_Q6NW40|RGMB,47,ENSEMBL:ENSG00000174136|ENSEMBL:ENSP00000308219|ENSEMBL:ENSP00000308219.7|ENSEMBL:ENSP00000423256|ENSEMBL:ENSP00000423256.1|ENSEMBL:ENSP00000564623|ENSEMBL:ENSP00000564623.1|ENSEMBL:ENSP00000564624|ENSEMBL:ENSP00000564624.1|ENSEMBL:ENSP00000564625|ENSEMBL:ENSP00000564625.1|ENSEMBL:ENSP00000564626|ENSEMBL:ENSP00000564626.1|ENSEMBL:ENSP00000564627|ENSEMBL:ENSP00000564627.1|ENSEMBL:ENSP00000564628|ENSEMBL:ENSP00000564628.1|ENSEMBL:ENSP00000564629|ENSEMBL:ENSP00000564629.1|ENSEMBL:ENSP00000564630|ENSEMBL:ENSP00000564630.1|ENSEMBL:ENSP00000564631|ENSEMBL:ENSP00000564631.1|ENSEMBL:ENSP00000599859|ENSEMBL:ENSP00000599859.1|ENSEMBL:ENSP00000599860|ENSEMBL:ENSP00000599860.1|ENSEMBL:ENSP00000599861|ENSEMBL:ENSP00000599861.1|ENSEMBL:ENSP00000599862|ENSEMBL:ENSP00000599862.1|ENSEMBL:ENSP00000617768|ENSEMBL:ENSP00000617768.1|ENSEMBL:ENSP00000617769|ENSEMBL:ENSP00000617769.1|ENSEMBL:ENSP00000617770|ENSEMBL:ENSP00000617770.1|HGNC:26896|MESH:C560433|NCBIGENE:285704|OMIM:612687|PR:Q6NW40|REACT:R-HSA-374584|UMLS:C1428631|UMLS:C3178313|UNIPROTKB:J3KNF6|UNIPROTKB:Q6NW40
RGS8|P57771,CRE_P57771|RGS8,10,ENSEMBL:ENSG00000135824|HGNC:16810|MESH:C116924|NCBIGENE:85397|OMIM:607189|PR:P57771|REACT:R-HSA-939769|UMLS:C1424563|UMLS:C1429414|UNIPROTKB:P57771
RNASE3|P12724,MET_P12724|RNASE3,14,ENSEMBL:ENSG00000169397|ENSEMBL:ENSP00000302324|ENSEMBL:ENSP00000302324.3|HGNC:10046|MESH:C479220|NCBIGENE:6037|NCIT:C222465|OMIM:131398|PR:P12724|REACT:R-HSA-6799158|REACT:R-HSA-6803115|UMLS:C1312650|UMLS:C1419409|UNIPROTKB:P12724
RNF31|Q96EP0,NEX_Q96EP0|RNF31,16,ENSEMBL:ENSG00000092098|ENSEMBL:ENSG00000285152|ENSEMBL:LRG_1315|HGNC:16031|MESH:C558338|NCBIGENE:55072|NCIT:C176431|NCIT:C176433|OMIM:612487|PR:000014129|PR:Q96EP0|REACT:R-HSA-5212660|UMLS:C1423923|UMLS:C3181371|UMLS:C5444081|UNIPROTKB:Q96EP0
ROBO1|Q9Y6N7,DEV_Q9Y6N7|ROBO1,17,ENSEMBL:ENSG00000169855|HGNC:10249|MESH:C000728205|NCBIGENE:6091|NCIT:C126588|NCIT:C126590|OMIM:602430|PR:000014151|PR:Q9Y6N7|REACT:R-HSA-204361|REACT:R-HSA-375979|REACT:R-HSA-8986095|REACT:R-HSA-9011093|UMLS:C0755410|UMLS:C1419596|UNIPROTKB:Q1RMC8|UNIPROTKB:Q9Y6N7
ROBO2|Q9HCK4,NEU1_Q9HCK4|ROBO2,39,ENSEMBL:ENSG00000185008|ENSEMBL:ENSP00000327536|ENSEMBL:ENSP00000327536.9|ENSEMBL:ENSP00000417471|ENSEMBL:ENSP00000417471.2|ENSEMBL:ENSP00000418190|ENSEMBL:ENSP00000418190.2|ENSEMBL:ENSP00000418446|ENSEMBL:ENSP00000418446.2|ENSEMBL:ENSP00000512738|ENSEMBL:ENSP00000512738.1|ENSEMBL:ENSP00000512766|ENSEMBL:ENSP00000512766.1|ENSEMBL:ENSP00000512767|ENSEMBL:ENSP00000512767.1|ENSEMBL:ENSP00000516193|ENSEMBL:ENSP00000516193.1|HGNC:10250|MESH:C498890|NCBIGENE:6092|NCIT:C126774|NCIT:C126776|OMIM:602431|PR:000014152|PR:Q9HCK4|REACT:R-HSA-197747|REACT:R-HSA-9010496|UMLS:C1419597|UMLS:C1567415|UMLS:C4283895|UNIPROTKB:A0A8Q3SIU0|UNIPROTKB:A0A8Q3SIW8|UNIPROTKB:A0A8Q3WLE3|UNIPROTKB:A0A994J7I9|UNIPROTKB:F8W703|UNIPROTKB:H7C4J7|UNIPROTKB:H7C4U9|UNIPROTKB:H7C4W9|UNIPROTKB:Q9HCK4
ROR1|Q01973,MET_Q01973|ROR1,13,ENSEMBL:ENSG00000185483|HGNC:10256|MESH:C078716|NCBIGENE:4919|NCIT:C24745|NCIT:C29879|OMIM:602336|PR:Q01973|REACT:R-HSA-197814|REACT:R-HSA-5140727|UMLS:C0211525|UMLS:C1335633|UNIPROTKB:Q01973
RP2|O75695,ONC3_O75695|RP2,19,ENSEMBL:ENSG00000102218|ENSEMBL:ENSP00000218340|ENSEMBL:ENSP00000218340.3|ENSEMBL:ENSP00000561171|ENSEMBL:ENSP00000561171.1|HGNC:10274|MESH:C072178|NCBIGENE:6102|NCIT:C75565|NCIT:C75567|OMIM:300757|PR:000014168|PR:O75695|REACT:R-HSA-5624052|UMLS:C0913113|UMLS:C1419608|UMLS:C2698904|UNIPROTKB:A0A1B2JLU2|UNIPROTKB:O75695
RRM2B|Q7LG56,ODA_Q7LG56|RRM2B,18,ENSEMBL:ENSG00000048392|ENSEMBL:LRG_788|HGNC:17296|LOINC:LP412102-8|LOINC:LP412103-6|MESH:C405947|NCBIGENE:50484|NCIT:C104770|NCIT:C104772|OMIM:604712|PR:000014307|PR:Q7LG56|REACT:R-HSA-111792|REACT:R-HSA-5632883|UMLS:C1424883|UMLS:C1438856|UMLS:C3539802|UNIPROTKB:Q7LG56
RSPO1|Q2MKA7,NEU1_Q2MKA7|RSPO1,10,ENSEMBL:ENSG00000169218|HGNC:21679|MESH:C503243|NCBIGENE:284654|OMIM:609595|PR:Q2MKA7|REACT:R-HSA-4641194|UMLS:C1608657|UMLS:C1826944|UNIPROTKB:Q2MKA7
RSPO3|Q9BXY4,ONC2_Q9BXY4|RSPO3,14,ENSEMBL:ENSG00000146374|HGNC:20866|MESH:C475438|NCBIGENE:84870|NCIT:C24397|NCIT:C29579|OMIM:610574|PR:000014332|PR:Q9BXY4|REACT:R-HSA-4641195|REACT:R-HSA-8877868|UMLS:C1259459|UMLS:C1704989|UNIPROTKB:Q9BXY4
RTN4R|Q9BZR6,MET_Q9BZR6|RTN4R,12,ENSEMBL:ENSG00000040608|ENSEMBL:ENSP00000043402|ENSEMBL:ENSP00000043402.7|HGNC:18601|MESH:C486580|NCBIGENE:65078|OMIM:605566|PR:Q9BZR6|REACT:R-HSA-194479|UMLS:C1425639|UMLS:C1434549|UNIPROTKB:Q9BZR6
S100A11|P31949,ONC2_P31949|S100A11,17,ENSEMBL:ENSG00000163191|ENSEMBL:ENSP00000271638|ENSEMBL:ENSP00000271638.2|HGNC:10488|MESH:C072337|NCBIGENE:6282|NCIT:C24759|NCIT:C29925|OMIM:603114|PR:000014404|PR:P31949|REACT:R-HSA-6804784|REACT:R-HSA-6804808|UMLS:C0141333|UMLS:C1335795|UNIPROTKB:P31949|UNIPROTKB:V9HWH9
S100A12|P80511,INF_P80511|S100A12,16,ENSEMBL:ENSG00000163221|ENSEMBL:ENSP00000357726|ENSEMBL:ENSP00000357726.3|HGNC:10489|MESH:C090441|NCBIGENE:6283|NCIT:C24760|NCIT:C29926|OMIM:603112|PR:000014405|PR:P80511|REACT:R-HSA-6804789|REACT:R-HSA-879450|UMLS:C0389073|UMLS:C1335796|UNIPROTKB:P80511
S100A16|Q96FQ6,ONC3_Q96FQ6|S100A16,63,ENSEMBL:ENSG00000188643|ENSEMBL:ENSP00000357692|ENSEMBL:ENSP00000357692.1|ENSEMBL:ENSP00000357693|ENSEMBL:ENSP00000357693.1|ENSEMBL:ENSP00000357694|ENSEMBL:ENSP00000357694.1|ENSEMBL:ENSP00000357695|ENSEMBL:ENSP00000357695.3|ENSEMBL:ENSP00000523019|ENSEMBL:ENSP00000523019.1|ENSEMBL:ENSP00000523020|ENSEMBL:ENSP00000523020.1|ENSEMBL:ENSP00000523021|ENSEMBL:ENSP00000523021.1|ENSEMBL:ENSP00000523022|ENSEMBL:ENSP00000523022.1|ENSEMBL:ENSP00000523023|ENSEMBL:ENSP00000523023.1|ENSEMBL:ENSP00000523024|ENSEMBL:ENSP00000523024.1|ENSEMBL:ENSP00000523025|ENSEMBL:ENSP00000523025.1|ENSEMBL:ENSP00000523026|ENSEMBL:ENSP00000523026.1|ENSEMBL:ENSP00000523027|ENSEMBL:ENSP00000523027.1|ENSEMBL:ENSP00000523028|ENSEMBL:ENSP00000523028.1|ENSEMBL:ENSP00000523029|ENSEMBL:ENSP00000523029.1|ENSEMBL:ENSP00000523030|ENSEMBL:ENSP00000523030.1|ENSEMBL:ENSP00000523031|ENSEMBL:ENSP00000523031.1|ENSEMBL:ENSP00000523032|ENSEMBL:ENSP00000523032.1|ENSEMBL:ENSP00000523033|ENSEMBL:ENSP00000523033.1|ENSEMBL:ENSP00000523034|ENSEMBL:ENSP00000523034.1|ENSEMBL:ENSP00000523035|ENSEMBL:ENSP00000523035.1|ENSEMBL:ENSP00000583063|ENSEMBL:ENSP00000583063.1|ENSEMBL:ENSP00000583064|ENSEMBL:ENSP00000583064.1|ENSEMBL:ENSP00000583065|ENSEMBL:ENSP00000583065.1|ENSEMBL:ENSP00000640215|ENSEMBL:ENSP00000640215.1|ENSEMBL:ENSP00000640216|ENSEMBL:ENSP00000640216.1|ENSEMBL:ENSP00000640217|ENSEMBL:ENSP00000640217.1|HGNC:20441|MESH:C000589580|NCBIGENE:140576|OMIM:617437|PR:Q96FQ6|UMLS:C1426939|UMLS:C3851840|UNIPROTKB:Q96FQ6
S100A4|P26447,ONC2_P26447|S100A4,37,CHEMBL.TARGET:CHEMBL2362976|ENSEMBL:ENSG00000196154|ENSEMBL:ENSP00000346294|ENSEMBL:ENSP00000346294.4|ENSEMBL:ENSP00000357703|ENSEMBL:ENSP00000357703.1|ENSEMBL:ENSP00000357704|ENSEMBL:ENSP00000357704.1|ENSEMBL:ENSP00000357705|ENSEMBL:ENSP00000357705.4|ENSEMBL:ENSP00000525028|ENSEMBL:ENSP00000525028.1|ENSEMBL:ENSP00000525029|ENSEMBL:ENSP00000525029.1|ENSEMBL:ENSP00000525031|ENSEMBL:ENSP00000525031.1|ENSEMBL:ENSP00000525032|ENSEMBL:ENSP00000525032.1|ENSEMBL:ENSP00000525033|ENSEMBL:ENSP00000525033.1|ENSEMBL:ENSP00000612469|ENSEMBL:ENSP00000612469.1|ENSEMBL:ENSP00000612471|ENSEMBL:ENSP00000612471.1|ENSEMBL:ENSP00000612472|ENSEMBL:ENSP00000612472.1|HGNC:10494|MESH:C077591|NCBIGENE:6275|NCIT:C102437|NCIT:C102439|OMIM:114210|PR:000014411|PR:P26447|UMLS:C0287850|UMLS:C1419786|UNIPROTKB:P26447
S100P|P25815,MET_P25815|S100P,16,ENSEMBL:ENSG00000163993|ENSEMBL:ENSP00000296370|ENSEMBL:ENSP00000296370.3|HGNC:10504|MESH:C103003|NCBIGENE:6286|NCIT:C24763|NCIT:C29929|OMIM:600614|PR:000014421|PR:P25815|REACT:R-HSA-6804782|REACT:R-HSA-6804809|UMLS:C1335799|UMLS:C1447472|UNIPROTKB:P25815
SAA4|P35542,CAM_P35542|SAA4,21,ENSEMBL:ENSG00000148965|ENSEMBL:ENSP00000278222|ENSEMBL:ENSP00000278222.4|ENSEMBL:ENSP00000559090|ENSEMBL:ENSP00000559090.1|ENSEMBL:ENSP00000559093|ENSEMBL:ENSP00000559093.1|ENSEMBL:ENSP00000559094|ENSEMBL:ENSP00000559094.1|ENSEMBL:ENSP00000559095|ENSEMBL:ENSP00000559095.1|HGNC:10516|MESH:C094771|NCBIGENE:6291|NCIT:C178656|NCIT:C178658|OMIM:104752|PR:P35542|UMLS:C1419802|UMLS:C1438036|UNIPROTKB:P35542
SCAMP3|O14828,ONC2_O14828|SCAMP3,28,ENSEMBL:ENSG00000116521|ENSEMBL:ENSG00000263290|ENSEMBL:ENSP00000519482|ENSEMBL:ENSP00000519482.1|ENSEMBL:ENSP00000519499|ENSEMBL:ENSP00000519499.1|ENSEMBL:ENSP00000519501|ENSEMBL:ENSP00000519501.1|ENSEMBL:ENSP00000519502|ENSEMBL:ENSP00000519502.1|ENSEMBL:ENSP00000519503|ENSEMBL:ENSP00000519503.1|ENSEMBL:ENSP00000519504|ENSEMBL:ENSP00000519504.1|HGNC:10565|MESH:C109303|NCBIGENE:10067|OMIM:606913|PR:O14828|UMLS:C1308327|UMLS:C1419841|UNIPROTKB:A0AAQ5BHM9|UNIPROTKB:A0AAQ5BHP8|UNIPROTKB:A0AAQ5BHR3|UNIPROTKB:A0AAQ5BHR7|UNIPROTKB:A0AAQ5BHS3|UNIPROTKB:A0AAQ5BHV0|UNIPROTKB:O14828
SCARA5|Q6ZMJ2,NEU1_Q6ZMJ2|SCARA5,11,ENSEMBL:ENSG00000168079|HGNC:28701|MESH:C569833|NCBIGENE:286133|OMIM:611306|PR:Q6ZMJ2|REACT:R-HSA-2187222|REACT:R-HSA-2299675|UMLS:C1822624|UMLS:C3490034|UNIPROTKB:Q6ZMJ2
SCARB2|Q14108,NEU1_Q14108|SCARB2,16,ENSEMBL:ENSG00000138760|ENSEMBL:ENSP00000492288|ENSEMBL:ENSP00000492288.1|HGNC:1665|MESH:C074299|NCBIGENE:950|NCIT:C204995|OMIM:602257|PR:000014494|PR:Q14108|REACT:R-HSA-8864566|REACT:R-HSA-8869106|UMLS:C0651296|UMLS:C1413219|UNIPROTKB:A0A1W2PRF6|UNIPROTKB:Q14108
SCARF1|Q14162,DEV_Q14162|SCARF1,16,ENSEMBL:ENSG00000074660|ENSEMBL:ENSG00000276336|HGNC:16820|MESH:C495126|NCBIGENE:8578|NCIT:C106361|NCIT:C106363|OMIM:607873|PR:000014495|PR:Q14162|REACT:R-HSA-2197636|REACT:R-HSA-2239453|UMLS:C1424571|UMLS:C1434616|UNIPROTKB:A8K6Z5|UNIPROTKB:Q14162
SCARF2|Q96GP6,NEU1_Q96GP6|SCARF2,9,ENSEMBL:ENSG00000244486|HGNC:19869|MESH:C469357|NCBIGENE:91179|OMIM:613619|PR:Q96GP6|UMLS:C1172697|UMLS:C1426494|UNIPROTKB:Q96GP6
SCG2|P13521,ONC3_P13521|SCG2,16,ENSEMBL:ENSG00000171951|ENSEMBL:ENSP00000304133|ENSEMBL:ENSP00000304133.2|HGNC:10575|MESH:C506135|NCBIGENE:7857|NCIT:C20685|NCIT:C21205|OMIM:118930|PR:000014502|PR:P13521|REACT:R-HSA-8956728|REACT:R-HSA-8957080|UMLS:C1335805|UMLS:C1569744|UNIPROTKB:P13521
SCGB1A1|P11684,NEX_P11684|SCGB1A1,12,ENSEMBL:ENSG00000149021|ENSEMBL:ENSP00000278282|ENSEMBL:ENSP00000278282.2|HGNC:12523|MESH:C556389|NCBIGENE:7356|OMIM:192020|PR:P11684|UMLS:C1421318|UMLS:C1505089|UNIPROTKB:A0A0S2Z4R6|UNIPROTKB:P11684
SCGB3A1|Q96QR1,DEV_Q96QR1|SCGB3A1,16,ENSEMBL:ENSG00000161055|ENSEMBL:ENSP00000292641|ENSEMBL:ENSP00000292641.3|HGNC:18384|MESH:C434732|NCBIGENE:92304|NCIT:C104995|NCIT:C104997|OMIM:606500|PR:000014511|PR:Q96QR1|PTHR34829:SF1|UMLS:C1096936|UMLS:C1425488|UMLS:C3539574|UNIPROTKB:Q96QR1
SCGB3A2|Q96PL1,CVD3_Q96PL1|SCGB3A2,45,ENSEMBL:ENSG00000164265|ENSEMBL:ENSP00000296694|ENSEMBL:ENSP00000296694.4|ENSEMBL:ENSP00000607234|ENSEMBL:ENSP00000607234.1|ENSEMBL:ENSP00000607235|ENSEMBL:ENSP00000607235.1|ENSEMBL:ENSP00000607236|ENSEMBL:ENSP00000607236.1|ENSEMBL:ENSP00000607237|ENSEMBL:ENSP00000607237.1|ENSEMBL:ENSP00000607238|ENSEMBL:ENSP00000607238.1|ENSEMBL:ENSP00000607239|ENSEMBL:ENSP00000607239.1|ENSEMBL:ENSP00000607240|ENSEMBL:ENSP00000607240.1|ENSEMBL:ENSP00000607241|ENSEMBL:ENSP00000607241.1|ENSEMBL:ENSP00000607242|ENSEMBL:ENSP00000607242.1|ENSEMBL:ENSP00000607243|ENSEMBL:ENSP00000607243.1|ENSEMBL:ENSP00000607244|ENSEMBL:ENSP00000607244.1|ENSEMBL:ENSP00000607245|ENSEMBL:ENSP00000607245.1|ENSEMBL:ENSP00000607246|ENSEMBL:ENSP00000607246.1|ENSEMBL:ENSP00000607247|ENSEMBL:ENSP00000607247.1|ENSEMBL:ENSP00000607248|ENSEMBL:ENSP00000607248.1|ENSEMBL:ENSP00000607249|ENSEMBL:ENSP00000607249.1|ENSEMBL:ENSP00000607250|ENSEMBL:ENSP00000607250.1|HGNC:18391|NCBIGENE:117156|OMIM:606531|PR:Q96PL1|REACT:R-HSA-3221633|REACT:R-HSA-3221695|UMLS:C1425493|UNIPROTKB:Q96PL1
SCGN|O76038,ONC3_O76038|SCGN,11,ENSEMBL:ENSG00000079689|ENSEMBL:ENSP00000367197|ENSEMBL:ENSP00000367197.2|HGNC:16941|MESH:C576556|NCBIGENE:10590|OMIM:609202|PR:O76038|UMLS:C1424652|UMLS:C3711644|UNIPROTKB:O76038
SCLY|Q96I15,ONC3_Q96I15|SCLY,13,ENSEMBL:ENSG00000132330|ENSEMBL:ENSP00000499199|ENSEMBL:ENSP00000499199.1|HGNC:18161|NCBIGENE:51540|OMIM:611056|PR:Q96I15|REACT:R-HSA-5357723|UMLS:C1425354|UNIPROTKB:A0A0A0MQU4|UNIPROTKB:B4DDP9|UNIPROTKB:Q59FK2|UNIPROTKB:Q96I15
SDC1|P18827,ONC2_P18827|SDC1,15,ENSEMBL:ENSG00000115884|ENSEMBL:ENSP00000254351|ENSEMBL:ENSP00000254351.4|ENSEMBL:ENSP00000370542|ENSEMBL:ENSP00000370542.1|HGNC:10658|MESH:C508241|NCBIGENE:6382|NCIT:C96912|NCIT:C96914|OMIM:186355|PR:P18827|UMLS:C0753253|UMLS:C1419891|UNIPROTKB:P18827
SDC4|P31431,MET_P31431|SDC4,12,ENSEMBL:ENSG00000124145|HGNC:10661|MESH:C508304|NCBIGENE:6385|NCIT:C101431|NCIT:C101433|OMIM:600017|PR:P31431|UMLS:C1419894|UMLS:C1609393|UNIPROTKB:B4E1S6|UNIPROTKB:P31431
SELE|P16581,CVD3_P16581|SELE,14,ENSEMBL:ENSG00000007908|ENSEMBL:ENSP00000331736|ENSEMBL:ENSP00000331736.7|HGNC:10718|MESH:C546936|NCBIGENE:6401|NCIT:C17491|NCIT:C21043|OMIM:131210|PR:P16581|REACT:R-HSA-2870223|UMLS:C1337114|UMLS:C2742136|UNIPROTKB:P16581
SELL|P14151,CAM_P14151|SELL,13,ENSEMBL:ENSG00000188404|HGNC:10720|MESH:C546935|NCBIGENE:6402|NCIT:C17512|NCIT:C21046|OMIM:153240|PR:P14151|REACT:R-HSA-198090|REACT:R-HSA-6804795|UMLS:C1335808|UMLS:C2742135|UNIPROTKB:P14151
SELPLG|Q14242,CVD2_Q14242|SELPLG,11,ENSEMBL:ENSG00000110876|HGNC:10722|NCBIGENE:6404|NCIT:C128476|NCIT:C128478|OMIM:600738|PR:Q14242|REACT:R-HSA-202777|UMLS:C1419941|UMLS:C1667075|UNIPROTKB:Q14242
SELP|P16109,CVD3_P16109|SELP,44,ENSEMBL:ENSG00000174175|ENSEMBL:ENSP00000263686|ENSEMBL:ENSP00000263686.5|ENSEMBL:ENSP00000356760|ENSEMBL:ENSP00000356760.1|ENSEMBL:ENSP00000579656|ENSEMBL:ENSP00000579656.1|ENSEMBL:ENSP00000579658|ENSEMBL:ENSP00000579658.1|ENSEMBL:ENSP00000579659|ENSEMBL:ENSP00000579659.1|ENSEMBL:ENSP00000579660|ENSEMBL:ENSP00000579660.1|ENSEMBL:ENSP00000579661|ENSEMBL:ENSP00000579661.1|ENSEMBL:ENSP00000579664|ENSEMBL:ENSP00000579664.1|ENSEMBL:ENSP00000579666|ENSEMBL:ENSP00000579666.1|ENSEMBL:ENSP00000579667|ENSEMBL:ENSP00000579667.1|ENSEMBL:ENSP00000628080|ENSEMBL:ENSP00000628080.1|ENSEMBL:ENSP00000628082|ENSEMBL:ENSP00000628082.1|ENSEMBL:ENSP00000628088|ENSEMBL:ENSP00000628088.1|HGNC:10721|LOINC:LP20109-2|MESH:C546937|NCBIGENE:6403|NCIT:C17522|NCIT:C21041|OMIM:173610|PR:P16109|REACT:R-HSA-114645|REACT:R-HSA-481028|REACT:R-HSA-58510|UMLS:C1335809|UMLS:C2742134|UNIPROTKB:B2R785|UNIPROTKB:P16109|UNIPROTKB:Q5R341|UNIPROTKB:Q6NUL9
SEMA3F|Q13275,MET_Q13275|SEMA3F,16,ENSEMBL:ENSG00000001617|ENSEMBL:ENSP00000388931|ENSEMBL:ENSP00000388931.1|HGNC:10728|MESH:C491230|NCBIGENE:6405|NCIT:C106007|NCIT:C106010|OMIM:601124|PR:000014620|PR:Q13275|UMLS:C1419946|UMLS:C3816188|UNIPROTKB:C9JPG5|UNIPROTKB:Q13275|UNIPROTKB:Q59G50
SEMA4C|Q9C0C4,CRE_Q9C0C4|SEMA4C,39,ENSEMBL:ENSG00000168758|ENSEMBL:ENSP00000306844|ENSEMBL:ENSP00000306844.5|ENSEMBL:ENSP00000567333|ENSEMBL:ENSP00000567333.1|ENSEMBL:ENSP00000567339|ENSEMBL:ENSP00000567339.1|ENSEMBL:ENSP00000567340|ENSEMBL:ENSP00000567340.1|ENSEMBL:ENSP00000567342|ENSEMBL:ENSP00000567342.1|ENSEMBL:ENSP00000567343|ENSEMBL:ENSP00000567343.1|ENSEMBL:ENSP00000567346|ENSEMBL:ENSP00000567346.1|ENSEMBL:ENSP00000567348|ENSEMBL:ENSP00000567348.1|ENSEMBL:ENSP00000567350|ENSEMBL:ENSP00000567350.1|ENSEMBL:ENSP00000567353|ENSEMBL:ENSP00000567353.1|ENSEMBL:ENSP00000567354|ENSEMBL:ENSP00000567354.1|ENSEMBL:ENSP00000567355|ENSEMBL:ENSP00000567355.1|ENSEMBL:ENSP00000567356|ENSEMBL:ENSP00000567356.1|ENSEMBL:ENSP00000584364|ENSEMBL:ENSP00000584364.1|ENSEMBL:ENSP00000584375|ENSEMBL:ENSP00000584375.1|ENSEMBL:ENSP00000584377|ENSEMBL:ENSP00000584377.1|HGNC:10731|NCBIGENE:54910|OMIM:604462|PR:Q9C0C4|UMLS:C1419949|UNIPROTKB:Q9C0C4
SEMA7A|O75326,DEV_O75326|SEMA7A,18,ENSEMBL:ENSG00000138623|ENSEMBL:ENSG00000288455|ENSEMBL:ENSP00000441493|ENSEMBL:ENSP00000441493.1|ENSEMBL:ENSP00000500636|ENSEMBL:ENSP00000500636.1|ENSEMBL:LRG_818|HGNC:10741|MESH:C118753|NCBIGENE:8482|OMIM:607961|PR:O75326|REACT:R-HSA-198229|UMLS:C1314854|UMLS:C1419959|UNIPROTKB:B3KMH6|UNIPROTKB:F5GYX3|UNIPROTKB:O75326
SEPTIN9|Q9UHD8,ONC3_Q9UHD8|9-Sep,21,CHEMBL.TARGET:CHEMBL2176803|CHEMBL.TARGET:CHEMBL4105891|ENSEMBL:ENSG00000184640|ENSEMBL:ENSG00000282302|ENSEMBL:LRG_370|HGNC:7323|LOINC:LP121197-0|LOINC:LP288514-5|MESH:C474315|NCBIGENE:10801|NCIT:C97897|NCIT:C97899|OMIM:604061|ORPHANET:117605|PR:000014661|PR:Q9UHD8|UMLS:C1258596|UMLS:C1539750|UMLS:C3273683|UNIPROTKB:A0A0S2Z5A5|UNIPROTKB:Q9UHD8
SERPINA12|Q8IW75,CVD2_Q8IW75|SERPINA12,21,ENSEMBL:ENSG00000165953|ENSEMBL:ENSP00000342109|ENSEMBL:ENSP00000342109.2|ENSEMBL:ENSP00000451738|ENSEMBL:ENSP00000451738.1|ENSEMBL:ENSP00000503935|ENSEMBL:ENSP00000503935.1|ENSEMBL:ENSP00000531563|ENSEMBL:ENSP00000531563.1|ENSEMBL:ENSP00000531564|ENSEMBL:ENSP00000531564.1|HGNC:18359|MESH:C507339|NCBIGENE:145264|NCIT:C205116|OMIM:617471|PR:000014681|PR:Q8IW75|UMLS:C1539754|UMLS:C1663610|UNIPROTKB:Q8IW75
SERPINA5|P05154,CAM_P05154|SERPINA5,51,ENSEMBL:ENSG00000188488|ENSEMBL:ENSP00000333203|ENSEMBL:ENSP00000333203.7|ENSEMBL:ENSP00000450837|ENSEMBL:ENSP00000450837.1|ENSEMBL:ENSP00000451126|ENSEMBL:ENSP00000451126.1|ENSEMBL:ENSP00000451610|ENSEMBL:ENSP00000451610.1|ENSEMBL:ENSP00000554803|ENSEMBL:ENSP00000554803.1|ENSEMBL:ENSP00000554804|ENSEMBL:ENSP00000554804.1|ENSEMBL:ENSP00000554805|ENSEMBL:ENSP00000554805.1|ENSEMBL:ENSP00000554806|ENSEMBL:ENSP00000554806.1|ENSEMBL:ENSP00000554808|ENSEMBL:ENSP00000554808.1|ENSEMBL:ENSP00000554810|ENSEMBL:ENSP00000554810.1|ENSEMBL:ENSP00000554811|ENSEMBL:ENSP00000554811.1|ENSEMBL:ENSP00000554812|ENSEMBL:ENSP00000554812.1|ENSEMBL:ENSP00000554813|ENSEMBL:ENSP00000554813.1|ENSEMBL:ENSP00000554814|ENSEMBL:ENSP00000554814.1|ENSEMBL:ENSP00000554815|ENSEMBL:ENSP00000554815.1|ENSEMBL:ENSP00000639546|ENSEMBL:ENSP00000639546.1|ENSEMBL:ENSP00000639547|ENSEMBL:ENSP00000639547.1|ENSEMBL:ENSP00000639548|ENSEMBL:ENSP00000639548.1|ENSEMBL:LRG_644|HGNC:8723|MESH:C534934|NCBIGENE:5104|NCIT:C17324|NCIT:C39654|OMIM:601841|PR:000014685|PR:P05154|REACT:R-HSA-5591085|UMLS:C1418370|UMLS:C2713669|UNIPROTKB:B4DDH1|UNIPROTKB:P05154
SERPINA7|P05543,CAM_P05543|SERPINA7,17,ENSEMBL:ENSG00000123561|ENSEMBL:ENSP00000329374|ENSEMBL:ENSP00000329374.4|ENSEMBL:ENSP00000361644|ENSEMBL:ENSP00000361644.1|ENSEMBL:ENSP00000577880|ENSEMBL:ENSP00000577880.1|HGNC:11583|MESH:C534944|NCBIGENE:6906|NCIT:C106000|NCIT:C106005|OMIM:314200|PR:P05543|UMLS:C1420598|UMLS:C2713677|UNIPROTKB:P05543
SERPINA9|Q86WD7,ODA_Q86WD7|SERPINA9,15,ENSEMBL:ENSG00000170054|ENSEMBL:ENSP00000298845|ENSEMBL:ENSP00000298845.8|HGNC:15995|MESH:C476825|NCBIGENE:327657|NCIT:C106015|NCIT:C106017|OMIM:615677|PR:000014688|PR:Q86WD7|UMLS:C1423895|UMLS:C1571681|UNIPROTKB:A0A6Q8JH89|UNIPROTKB:Q86WD7
SERPINB6|P35237,MET_P35237|SERPINB6,169,ENSEMBL:ENSG00000124570|ENSEMBL:ENSP00000369891|ENSEMBL:ENSP00000369891.1|ENSEMBL:ENSP00000369896|ENSEMBL:ENSP00000369896.1|ENSEMBL:ENSP00000369901|ENSEMBL:ENSP00000369901.1|ENSEMBL:ENSP00000369912|ENSEMBL:ENSP00000369912.2|ENSEMBL:ENSP00000369919|ENSEMBL:ENSP00000369919.3|ENSEMBL:ENSP00000481398|ENSEMBL:ENSP00000481398.1|ENSEMBL:ENSP00000484343|ENSEMBL:ENSP00000484343.1|ENSEMBL:ENSP00000493936|ENSEMBL:ENSP00000493936.1|ENSEMBL:ENSP00000494161|ENSEMBL:ENSP00000494161.1|ENSEMBL:ENSP00000494650|ENSEMBL:ENSP00000494650.1|ENSEMBL:ENSP00000495362|ENSEMBL:ENSP00000495362.1|ENSEMBL:ENSP00000496073|ENSEMBL:ENSP00000496073.1|ENSEMBL:ENSP00000530536|ENSEMBL:ENSP00000530536.1|ENSEMBL:ENSP00000530537|ENSEMBL:ENSP00000530537.1|ENSEMBL:ENSP00000530539|ENSEMBL:ENSP00000530539.1|ENSEMBL:ENSP00000530540|ENSEMBL:ENSP00000530540.1|ENSEMBL:ENSP00000530542|ENSEMBL:ENSP00000530542.1|ENSEMBL:ENSP00000530543|ENSEMBL:ENSP00000530543.1|ENSEMBL:ENSP00000530544|ENSEMBL:ENSP00000530544.1|ENSEMBL:ENSP00000530545|ENSEMBL:ENSP00000530545.1|ENSEMBL:ENSP00000530546|ENSEMBL:ENSP00000530546.1|ENSEMBL:ENSP00000530547|ENSEMBL:ENSP00000530547.1|ENSEMBL:ENSP00000530548|ENSEMBL:ENSP00000530548.1|ENSEMBL:ENSP00000530549|ENSEMBL:ENSP00000530549.1|ENSEMBL:ENSP00000530550|ENSEMBL:ENSP00000530550.1|ENSEMBL:ENSP00000530551|ENSEMBL:ENSP00000530551.1|ENSEMBL:ENSP00000530552|ENSEMBL:ENSP00000530552.1|ENSEMBL:ENSP00000530553|ENSEMBL:ENSP00000530553.1|ENSEMBL:ENSP00000530554|ENSEMBL:ENSP00000530554.1|ENSEMBL:ENSP00000530556|ENSEMBL:ENSP00000530556.1|ENSEMBL:ENSP00000530557|ENSEMBL:ENSP00000530557.1|ENSEMBL:ENSP00000530558|ENSEMBL:ENSP00000530558.1|ENSEMBL:ENSP00000530559|ENSEMBL:ENSP00000530559.1|ENSEMBL:ENSP00000530560|ENSEMBL:ENSP00000530560.1|ENSEMBL:ENSP00000530561|ENSEMBL:ENSP00000530561.1|ENSEMBL:ENSP00000530562|ENSEMBL:ENSP00000530562.1|ENSEMBL:ENSP00000530563|ENSEMBL:ENSP00000530563.1|ENSEMBL:ENSP00000530564|ENSEMBL:ENSP00000530564.1|ENSEMBL:ENSP00000530565|ENSEMBL:ENSP00000530565.1|ENSEMBL:ENSP00000530567|ENSEMBL:ENSP00000530567.1|ENSEMBL:ENSP00000530568|ENSEMBL:ENSP00000530568.1|ENSEMBL:ENSP00000530569|ENSEMBL:ENSP00000530569.1|ENSEMBL:ENSP00000530570|ENSEMBL:ENSP00000530570.1|ENSEMBL:ENSP00000530571|ENSEMBL:ENSP00000530571.1|ENSEMBL:ENSP00000530572|ENSEMBL:ENSP00000530572.1|ENSEMBL:ENSP00000530573|ENSEMBL:ENSP00000530573.1|ENSEMBL:ENSP00000530574|ENSEMBL:ENSP00000530574.1|ENSEMBL:ENSP00000592647|ENSEMBL:ENSP00000592647.1|ENSEMBL:ENSP00000592648|ENSEMBL:ENSP00000592648.1|ENSEMBL:ENSP00000592649|ENSEMBL:ENSP00000592649.1|ENSEMBL:ENSP00000620870|ENSEMBL:ENSP00000620870.1|ENSEMBL:ENSP00000620871|ENSEMBL:ENSP00000620871.1|ENSEMBL:ENSP00000620872|ENSEMBL:ENSP00000620872.1|ENSEMBL:ENSP00000620873|ENSEMBL:ENSP00000620873.1|ENSEMBL:ENSP00000620874|ENSEMBL:ENSP00000620874.1|ENSEMBL:ENSP00000620875|ENSEMBL:ENSP00000620875.1|ENSEMBL:ENSP00000620876|ENSEMBL:ENSP00000620876.1|ENSEMBL:ENSP00000620877|ENSEMBL:ENSP00000620877.1|ENSEMBL:ENSP00000620878|ENSEMBL:ENSP00000620878.1|ENSEMBL:ENSP00000620879|ENSEMBL:ENSP00000620879.1|ENSEMBL:ENSP00000620880|ENSEMBL:ENSP00000620880.1|ENSEMBL:ENSP00000620881|ENSEMBL:ENSP00000620881.1|ENSEMBL:ENSP00000620882|ENSEMBL:ENSP00000620882.1|ENSEMBL:ENSP00000620883|ENSEMBL:ENSP00000620883.1|ENSEMBL:ENSP00000620884|ENSEMBL:ENSP00000620884.1|ENSEMBL:ENSP00000620885|ENSEMBL:ENSP00000620885.1|ENSEMBL:ENSP00000620886|ENSEMBL:ENSP00000620886.1|ENSEMBL:ENSP00000620887|ENSEMBL:ENSP00000620887.1|ENSEMBL:ENSP00000620888|ENSEMBL:ENSP00000620888.1|ENSEMBL:ENSP00000620889|ENSEMBL:ENSP00000620889.1|ENSEMBL:ENSP00000620890|ENSEMBL:ENSP00000620890.1|ENSEMBL:ENSP00000620891|ENSEMBL:ENSP00000620891.1|ENSEMBL:ENSP00000620892|ENSEMBL:ENSP00000620892.1|ENSEMBL:ENSP00000620893|ENSEMBL:ENSP00000620893.1|ENSEMBL:ENSP00000620894|ENSEMBL:ENSP00000620894.1|ENSEMBL:ENSP00000620895|ENSEMBL:ENSP00000620895.1|ENSEMBL:ENSP00000620896|ENSEMBL:ENSP00000620896.1|HGNC:8950|NCBIGENE:5269|OMIM:173321|PR:P35237|REACT:R-HSA-2990858|REACT:R-HSA-6801380|REACT:R-HSA-6801395|REACT:R-HSA-6801407|UMLS:C1418551|UMLS:C1451032|UNIPROTKB:A0A024QZX5|UNIPROTKB:A0A087X1N8|UNIPROTKB:A0A2R8YD12|UNIPROTKB:P35237
SERPINB8|P50452,MET_P50452|SERPINB8,13,ENSEMBL:ENSG00000166401|ENSEMBL:ENSP00000489949|ENSEMBL:ENSP00000489949.1|HGNC:8952|MESH:C108403|NCBIGENE:5271|OMIM:601697|PR:P50452|REACT:R-HSA-2990856|UMLS:C1418553|UMLS:C1430968|UNIPROTKB:A0A1B0GU38|UNIPROTKB:P50452
SERPINE1|P05121,CVD3_P05121|SERPINE1,22,CHEMBL.TARGET:CHEMBL2155|CHEMBL.TARGET:CHEMBL3475|ENSEMBL:ENSG00000106366|ENSEMBL:LRG_597|HGNC:8583|LOINC:LP288518-6|LOINC:LP62082-0|MESH:C051321|NCBIGENE:5054|NCIT:C16947|NCIT:C39650|OMIM:173360|PR:000014702|PR:P05121|REACT:R-HSA-114649|REACT:R-HSA-158797|REACT:R-HSA-158922|REACT:R-HSA-2106592|UMLS:C1418252|UMLS:C1620101|UNIPROTKB:B7ZAB0|UNIPROTKB:P05121
SEZ6L2|Q6UXD5,CRE_Q6UXD5|SEZ6L2,14,ENSEMBL:ENSG00000174938|ENSEMBL:ENSP00000481917|ENSEMBL:ENSP00000481917.1|HGNC:30844|MESH:C513545|NCBIGENE:26470|OMIM:616667|PR:Q6UXD5|UMLS:C1539758|UMLS:C1737996|UNIPROTKB:A0A087WYL5|UNIPROTKB:A0A0A8K8P7|UNIPROTKB:B7Z5L4|UNIPROTKB:Q6UXD5
SEZ6L|Q9BYH1,ONC2_Q9BYH1|SEZ6L,13,ENSEMBL:ENSG00000100095|ENSEMBL:ENSP00000437037|ENSEMBL:ENSP00000437037.3|HGNC:10763|MESH:C421964|NCBIGENE:23544|OMIM:607021|PR:Q9BYH1|UMLS:C0964826|UMLS:C1419975|UNIPROTKB:A0A0A0MTF3|UNIPROTKB:B7ZLJ8|UNIPROTKB:Q9BYH1
SFRP1|Q8N474,NEX_Q8N474|SFRP1,14,ENSEMBL:ENSG00000104332|ENSEMBL:ENSP00000220772|ENSEMBL:ENSP00000220772.3|HGNC:10776|MESH:C117636|NCBIGENE:6422|NCIT:C95300|NCIT:C95302|OMIM:604156|PR:Q8N474|REACT:R-HSA-2980916|UMLS:C0764157|UMLS:C1419986|UNIPROTKB:Q8N474
SFTPA1|Q8IWL2,ONC3_Q8IWL2|SFTPA1,19,ENSEMBL:ENSG00000122852|HGNC:10798|MESH:C445842|NCBIGENE:653509|NCIT:C189765|NCIT:C189767|OMIM:178630|PR:000014771|PR:Q8IWL2|REACT:R-HSA-391093|REACT:R-HSA-5683711|REACT:R-HSA-5683884|REACT:R-HSA-5683891|REACT:R-HSA-5686338|UMLS:C0613798|UMLS:C1420002|UNIPROTKB:B4DNP6|UNIPROTKB:K4N2H0|UNIPROTKB:Q8IWL2
SFTPD|P35247,CVD3_P35247|SFTPD,34,ENSEMBL:ENSG00000133661|ENSEMBL:ENSP00000361366|ENSEMBL:ENSP00000361366.3|ENSEMBL:ENSP00000535240|ENSEMBL:ENSP00000535240.1|ENSEMBL:ENSP00000535241|ENSEMBL:ENSP00000535241.1|ENSEMBL:ENSP00000535242|ENSEMBL:ENSP00000535242.1|ENSEMBL:ENSP00000535243|ENSEMBL:ENSP00000535243.1|ENSEMBL:ENSP00000535247|ENSEMBL:ENSP00000535247.1|ENSEMBL:ENSP00000535248|ENSEMBL:ENSP00000535248.1|ENSEMBL:ENSP00000535249|ENSEMBL:ENSP00000535249.1|ENSEMBL:ENSP00000616758|ENSEMBL:ENSP00000616758.1|ENSEMBL:ENSP00000616766|ENSEMBL:ENSP00000616766.1|HGNC:10803|NCBIGENE:6441|NCIT:C189756|NCIT:C189758|OMIM:178635|PR:P35247|REACT:R-HSA-391099|REACT:R-HSA-5685277|REACT:R-HSA-5685278|REACT:R-HSA-5686343|UMLS:C1442759|UMLS:C5702570|UNIPROTKB:P35247
SH2B3|Q9UQQ2,IRE_Q9UQQ2|SH2B3,28,ENSEMBL:ENSG00000111252|ENSEMBL:ENSP00000345492|ENSEMBL:ENSP00000345492.2|ENSEMBL:ENSP00000440597|ENSEMBL:ENSP00000440597.1|ENSEMBL:ENSP00000566556|ENSEMBL:ENSP00000566556.1|ENSEMBL:ENSP00000605840|ENSEMBL:ENSP00000605840.1|ENSEMBL:ENSP00000605842|ENSEMBL:ENSP00000605842.1|ENSEMBL:LRG_621|HGNC:29605|MESH:C490778|NCBIGENE:10019|NCIT:C102802|NCIT:C102804|OMIM:605093|PR:000014811|PR:Q9UQQ2|REACT:R-HSA-997241|UMLS:C1453749|UMLS:C1822705|UNIPROTKB:B7Z7K6|UNIPROTKB:F5GYM4|UNIPROTKB:Q59H48|UNIPROTKB:Q96BA5|UNIPROTKB:Q9UQQ2
SH2D1A|O60880,IRE_O60880|SH2D1A,15,ENSEMBL:ENSG00000183918|ENSEMBL:LRG_106|HGNC:10820|LOINC:LP288527-7|LOINC:LP33341-6|MESH:C114953|NCBIGENE:4068|NCIT:C75393|NCIT:C75395|OMIM:300490|PR:O60880|REACT:R-HSA-5685108|UMLS:C1420017|UMLS:C1436587|UNIPROTKB:O60880
SIGLEC10|Q96LC7,CRE_Q96LC7|SIGLEC10,16,ENSEMBL:ENSG00000142512|ENSEMBL:ENSP00000431444|ENSEMBL:ENSP00000431444.1|HGNC:15620|MESH:C426228|NCBIGENE:89790|NCIT:C171288|NCIT:C171290|OMIM:606091|PR:Q96LC7|REACT:R-HSA-197707|UMLS:C1309902|UMLS:C1423625|UNIPROTKB:B7ZL06|UNIPROTKB:E9PL79|UNIPROTKB:Q96LC7
SIGLEC1|Q9BZZ2,NEU1_Q9BZZ2|SIGLEC1,12,ENSEMBL:ENSG00000088827|HGNC:11127|MESH:C571166|NCBIGENE:6614|NCIT:C207886|OMIM:600751|PR:000001931|PR:Q9BZZ2|REACT:R-HSA-197569|UMLS:C1420266|UMLS:C1608815|UNIPROTKB:Q9BZZ2
SIGLEC6|O43699,CRE_O43699|SIGLEC6,10,ENSEMBL:ENSG00000105492|HGNC:10875|MESH:C120775|NCBIGENE:946|OMIM:604405|PR:O43699|REACT:R-HSA-197708|UMLS:C0908151|UMLS:C1420061|UNIPROTKB:O43699
SIGLEC7|Q9Y286,MET_Q9Y286|SIGLEC7,10,ENSEMBL:ENSG00000168995|HGNC:10876|MESH:C402206|NCBIGENE:27036|OMIM:604410|PR:Q9Y286|REACT:R-HSA-197722|UMLS:C0910899|UMLS:C1420062|UNIPROTKB:Q9Y286
SIGLEC9|Q9Y336,NEU1_Q9Y336|SIGLEC9,16,ENSEMBL:ENSG00000129450|ENSEMBL:ENSP00000520938|ENSEMBL:ENSP00000520938.1|HGNC:10878|MESH:C412227|NCBIGENE:27180|NCIT:C123869|NCIT:C123871|OMIM:605640|PR:Q9Y336|REACT:R-HSA-197723|REACT:R-HSA-6804775|UMLS:C0916595|UMLS:C1420064|UNIPROTKB:A0ABJ7H890|UNIPROTKB:Q9Y336
SIRPA|P78324,CVD3_P78324|SIRPA,16,ENSEMBL:ENSG00000198053|HGNC:9662|MESH:C501920|NCBIGENE:140885|NCIT:C24710|NCIT:C37271|OMIM:602461|PR:000001968|PR:P78324|REACT:R-HSA-3209922|REACT:R-HSA-391102|REACT:R-HSA-6803288|REACT:R-HSA-6803321|UMLS:C0671702|UMLS:C1822726|UNIPROTKB:P78324
SIRPB1|O00241,DEV_O00241|SIRPB1,22,ENSEMBL:ENSG00000101307|ENSEMBL:ENSP00000262929|ENSEMBL:ENSP00000262929.5|ENSEMBL:ENSP00000279477|ENSEMBL:ENSP00000279477.7|ENSEMBL:ENSP00000456826|ENSEMBL:ENSP00000456826.1|HGNC:15928|MESH:C501921|NCBIGENE:10326|NCIT:C24811|NCIT:C29969|OMIM:603889|PR:000002086|PR:O00241|REACT:R-HSA-197568|REACT:R-HSA-6804801|UMLS:C0907306|UMLS:C1335826|UNIPROTKB:H9KV29|UNIPROTKB:O00241|UNIPROTKB:Q5TFQ8
SIRT2|Q8IXJ6,INF_Q8IXJ6|SIRT2,19,CHEMBL.TARGET:CHEMBL4462|ENSEMBL:ENSG00000068903|ENSEMBL:ENSG00000283100|ENSEMBL:ENSP00000351809|ENSEMBL:ENSP00000351809.6|ENSEMBL:ENSP00000488998|ENSEMBL:ENSP00000488998.1|HGNC:10886|MESH:C474199|NCBIGENE:22933|NCIT:C101562|NCIT:C101564|OMIM:604480|PR:Q8IXJ6|REACT:R-HSA-2161118|UMLS:C1258492|UMLS:C1420071|UNIPROTKB:A0A0A0MRF5|UNIPROTKB:Q8IXJ6
SIRT5|Q9NXA8,ODA_Q9NXA8|SIRT5,18,ENSEMBL:ENSG00000124523|ENSEMBL:ENSP00000505415|ENSEMBL:ENSP00000505415.1|ENSEMBL:ENSP00000505733|ENSEMBL:ENSP00000505733.1|ENSEMBL:ENSP00000506431|ENSEMBL:ENSP00000506431.1|HGNC:14933|MESH:C508544|NCBIGENE:23408|OMIM:604483|PR:Q9NXA8|REACT:R-HSA-5687778|UMLS:C1423065|UMLS:C1700556|UNIPROTKB:A0A7P0T9N1|UNIPROTKB:A0A7P0Z4N6|UNIPROTKB:Q9NXA8
SIT1|Q9Y3P8,IRE_Q9Y3P8|SIT1,11,ENSEMBL:ENSG00000137078|ENSEMBL:ENSP00000259608|ENSEMBL:ENSP00000259608.3|HGNC:17710|MESH:C118781|NCBIGENE:27240|OMIM:604964|PR:Q9Y3P8|UMLS:C0766575|UMLS:C1539774|UNIPROTKB:Q9Y3P8
SKAP1|Q86WV1,CRE_Q86WV1|SKAP1,13,ENSEMBL:ENSG00000141293|HGNC:15605|MESH:C108336|NCBIGENE:8631|NCIT:C124237|NCIT:C124239|OMIM:604969|PR:000014904|PR:Q86WV1|UMLS:C1447562|UMLS:C1822730|UNIPROTKB:Q86WV1|UNIPROTKB:V9HW03
SLAMF1|Q13291,INF_Q13291|SLAMF1,12,ENSEMBL:ENSG00000117090|HGNC:10903|MESH:C000604059|NCBIGENE:6504|NCIT:C104059|NCIT:C104061|OMIM:603492|PR:Q13291|UMLS:C1420084|UMLS:C1742788|UNIPROTKB:B4E2E4|UNIPROTKB:Q13291
SLAMF7|Q9NQ25,CVD2_Q9NQ25|SLAMF7,20,ENSEMBL:ENSG00000026751|ENSEMBL:ENSP00000403294|ENSEMBL:ENSP00000403294.2|ENSEMBL:ENSP00000483774|ENSEMBL:ENSP00000483774.1|HGNC:21394|MESH:C448987|NCBIGENE:57823|NCIT:C95306|NCIT:C95308|OMIM:606625|PR:Q9NQ25|REACT:R-HSA-3006369|UMLS:C1099412|UMLS:C1427539|UNIPROTKB:A0A087X100|UNIPROTKB:B4DVL7|UNIPROTKB:B4DW98|UNIPROTKB:F6RKI3|UNIPROTKB:Q9NQ25
SLAMF8|Q9P0V8,CRE_Q9P0V8|SLAMF8,9,ENSEMBL:ENSG00000158714|HGNC:21391|MESH:C430589|NCBIGENE:56833|OMIM:606620|PR:Q9P0V8|UMLS:C0967647|UMLS:C1427536|UNIPROTKB:Q9P0V8
SLITRK2|Q9H156,CRE_Q9H156|SLITRK2,10,ENSEMBL:ENSG00000185985|HGNC:13449|NCBIGENE:84631|OMIM:300561|PR:Q9H156|REACT:R-HSA-6797778|UMLS:C1422001|UNIPROTKB:B3KTY4|UNIPROTKB:F8WA93|UNIPROTKB:Q9H156
SLITRK6|Q9H5Y7,CRE_Q9H5Y7|SLITRK6,18,ENSEMBL:ENSG00000184564|ENSEMBL:ENSP00000495507|ENSEMBL:ENSP00000495507.1|ENSEMBL:ENSP00000496428|ENSEMBL:ENSP00000496428.1|ENSEMBL:LRG_1357|HGNC:23503|MESH:C581991|NCBIGENE:84189|NCIT:C178174|NCIT:C178176|OMIM:609681|PR:000015242|PR:Q9H5Y7|REACT:R-HSA-6797862|UMLS:C1428107|UMLS:C3657195|UNIPROTKB:Q9H5Y7
SMAD1|Q15797,ODA_Q15797|SMAD1,16,ENSEMBL:ENSG00000170365|HGNC:6767|MESH:C497399|NCBIGENE:4086|NCIT:C106611|NCIT:C106613|OMIM:601595|PR:000000363|PR:Q15797|REACT:R-HSA-201464|REACT:R-HSA-201468|REACT:R-HSA-201483|REACT:R-HSA-6782768|UMLS:C0528559|UMLS:C1416962|UNIPROTKB:Q15797
SMAD5|Q99717,ONC2_Q99717|SMAD5,44,ENSEMBL:ENSG00000113658|ENSEMBL:ENSP00000426696|ENSEMBL:ENSP00000426696.2|ENSEMBL:ENSP00000441954|ENSEMBL:ENSP00000441954.2|ENSEMBL:ENSP00000446474|ENSEMBL:ENSP00000446474.2|ENSEMBL:ENSP00000535452|ENSEMBL:ENSP00000535452.1|ENSEMBL:ENSP00000535453|ENSEMBL:ENSP00000535453.1|ENSEMBL:ENSP00000535455|ENSEMBL:ENSP00000535455.1|ENSEMBL:ENSP00000535456|ENSEMBL:ENSP00000535456.1|ENSEMBL:ENSP00000535457|ENSEMBL:ENSP00000535457.1|ENSEMBL:ENSP00000595722|ENSEMBL:ENSP00000595722.1|ENSEMBL:ENSP00000595723|ENSEMBL:ENSP00000595723.1|ENSEMBL:ENSP00000595724|ENSEMBL:ENSP00000595724.1|ENSEMBL:ENSP00000595725|ENSEMBL:ENSP00000595725.1|ENSEMBL:ENSP00000595726|ENSEMBL:ENSP00000595726.1|ENSEMBL:ENSP00000623302|ENSEMBL:ENSP00000623302.1|HGNC:6771|MESH:C497797|NCBIGENE:4090|NCIT:C118585|NCIT:C118587|OMIM:603110|PR:000000372|PR:Q99717|REACT:R-HSA-201431|REACT:R-HSA-201432|REACT:R-HSA-201473|UMLS:C1416963|UMLS:C1566807|UNIPROTKB:Q68DB7|UNIPROTKB:Q99717
SMOC1|Q9H4F8,NEX_Q9H4F8|SMOC1,9,ENSEMBL:ENSG00000198732|HGNC:20318|MESH:C468135|NCBIGENE:64093|OMIM:608488|PR:Q9H4F8|UMLS:C1172207|UMLS:C1426855|UNIPROTKB:Q9H4F8
SMOC2|Q9H3U7,NEU1_Q9H3U7|SMOC2,9,ENSEMBL:ENSG00000112562|HGNC:20323|MESH:C476827|NCBIGENE:64094|OMIM:607223|PR:Q9H3U7|UMLS:C1311229|UMLS:C1426859|UNIPROTKB:Q9H3U7
SMPD1|P17405,NEU1_P17405|SMPD1,18,ENSEMBL:ENSG00000166311|HGNC:11120|LOINC:LP288551-7|LOINC:LP30751-9|MESH:C543066|NCBIGENE:6609|NCIT:C105019|NCIT:C105021|OMIM:607608|PR:P17405|REACT:R-HSA-1605710|UMLS:C1420259|UMLS:C2742829|UNIPROTKB:E9LUE8|UNIPROTKB:E9LUE9|UNIPROTKB:P17405|UNIPROTKB:Q59EN6|UNIPROTKB:Q8IUN0
SNAP23|O00161,MET_O00161|SNAP23,15,ENSEMBL:ENSG00000092531|HGNC:11131|MESH:C100493|NCBIGENE:8773|OMIM:602534|PR:O00161|REACT:R-HSA-376345|REACT:R-HSA-6806141|REACT:R-HSA-6806157|REACT:R-HSA-8863923|REACT:R-HSA-8863966|UMLS:C0391138|UMLS:C1420269|UNIPROTKB:A8K287|UNIPROTKB:O00161
SNAP29|O95721,DEV_O95721|SNAP29,19,ENSEMBL:ENSG00000099940|ENSEMBL:ENSP00000215730|ENSEMBL:ENSP00000215730.6|ENSEMBL:ENSP00000551025|ENSEMBL:ENSP00000551025.1|HGNC:11133|MESH:C432420|NCBIGENE:9342|NCIT:C179728|NCIT:C179730|OMIM:604202|PR:000015313|PR:O95721|REACT:R-HSA-2029020|REACT:R-HSA-6799359|REACT:R-HSA-6810997|UMLS:C1420271|UMLS:C1448063|UNIPROTKB:O95721
SNCG|O76070,NEX_O76070|SNCG,17,ENSEMBL:ENSG00000173267|ENSEMBL:ENSP00000344658|ENSEMBL:ENSP00000344658.4|ENSEMBL:ENSP00000361087|ENSEMBL:ENSP00000361087.3|HGNC:11141|MESH:C104249|NCBIGENE:6623|NCIT:C20858|NCIT:C21218|OMIM:602998|PR:O76070|UMLS:C1335851|UMLS:C1430654|UNIPROTKB:F8W754|UNIPROTKB:O76070|UNIPROTKB:Q6FHG5
SOD1|P00441,CAM_P00441|SOD1,24,ENSEMBL:ENSG00000142168|ENSEMBL:ENSP00000270142|ENSEMBL:ENSP00000270142.7|ENSEMBL:LRG_652|HGNC:11179|LOINC:LP288554-1|LOINC:LP35626-8|MESH:C000606290|NCBIGENE:6647|NCIT:C54578|NCIT:C55287|OMIM:147450|PR:P00441|REACT:R-HSA-3299726|REACT:R-HSA-350697|REACT:R-HSA-350705|REACT:R-HSA-3777082|REACT:R-HSA-3777108|REACT:R-HSA-8950473|UMLS:C0010461|UMLS:C1420306|UMLS:C4307318|UNIPROTKB:P00441|UNIPROTKB:V9HWC9
SOD2|P04179,CVD2_P04179|SOD2,19,ENSEMBL:ENSG00000112096|ENSEMBL:ENSG00000291237|ENSEMBL:ENSP00000406713|ENSEMBL:ENSP00000406713.2|HGNC:11180|MESH:C000731280|NCBIGENE:6648|NCIT:C16819|NCIT:C39642|OMIM:147460|PR:P04179|REACT:R-HSA-3299687|REACT:R-HSA-5688342|UMLS:C1420307|UMLS:C1743497|UNIPROTKB:A0A384NL29|UNIPROTKB:G5E9P6|UNIPROTKB:P04179|UNIPROTKB:Q96AM7
SORCS2|Q96PQ0,CRE_Q96PQ0|SORCS2,11,ENSEMBL:ENSG00000184985|ENSEMBL:ENSP00000422185|ENSEMBL:ENSP00000422185.2|HGNC:16698|MESH:C509461|NCBIGENE:57537|OMIM:606284|PR:Q96PQ0|UMLS:C1539804|UMLS:C1701605|UNIPROTKB:Q96PQ0
SORT1|Q99523,CVD2_Q99523|SORT1,13,ENSEMBL:ENSG00000134243|HGNC:11186|MESH:C000731366|NCBIGENE:6272|NCIT:C178265|NCIT:C178267|OMIM:602458|PR:Q99523|REACT:R-HSA-434221|REACT:R-HSA-434332|UMLS:C1420313|UMLS:C2603464|UNIPROTKB:Q99523
SOST|Q9BQB4,MET_Q9BQB4|SOST,14,ENSEMBL:ENSG00000167941|ENSEMBL:LRG_852|HGNC:13771|MESH:C422903|NCBIGENE:50964|NCIT:C105076|NCIT:C105078|OMIM:605740|PR:Q9BQB4|REACT:R-HSA-3769322|UMLS:C1422190|UMLS:C1447914|UMLS:C3542926|UNIPROTKB:Q9BQB4
SPARCL1|Q14515,CAM_Q14515|SPARCL1,16,ENSEMBL:ENSG00000152583|HGNC:11220|MESH:C503126|NCBIGENE:8404|NCIT:C106064|NCIT:C106066|OMIM:606041|PR:000015476|PR:Q14515|REACT:R-HSA-8956757|REACT:R-HSA-8957059|UMLS:C1420343|UMLS:C1608638|UNIPROTKB:B7ZB68|UNIPROTKB:Q14515|UNIPROTKB:Q8N4S1
SPARC|P09486,ONC2_P09486|SPARC,44,ENSEMBL:ENSG00000113140|ENSEMBL:ENSP00000231061|ENSEMBL:ENSP00000231061.4|ENSEMBL:ENSP00000566486|ENSEMBL:ENSP00000566486.1|ENSEMBL:ENSP00000566487|ENSEMBL:ENSP00000566487.1|ENSEMBL:ENSP00000566489|ENSEMBL:ENSP00000566489.1|ENSEMBL:ENSP00000566494|ENSEMBL:ENSP00000566494.1|ENSEMBL:ENSP00000566495|ENSEMBL:ENSP00000566495.1|ENSEMBL:ENSP00000566496|ENSEMBL:ENSP00000566496.1|ENSEMBL:ENSP00000566501|ENSEMBL:ENSP00000566501.1|ENSEMBL:ENSP00000566502|ENSEMBL:ENSP00000566502.1|ENSEMBL:ENSP00000566503|ENSEMBL:ENSP00000566503.1|ENSEMBL:ENSP00000566504|ENSEMBL:ENSP00000566504.1|ENSEMBL:ENSP00000621439|ENSEMBL:ENSP00000621439.1|ENSEMBL:ENSP00000621442|ENSEMBL:ENSP00000621442.1|ENSEMBL:ENSP00000621443|ENSEMBL:ENSP00000621443.1|HGNC:11219|MESH:C577241|NCBIGENE:6678|NCIT:C92666|NCIT:C92668|OMIM:182120|PR:P09486|REACT:R-HSA-114642|REACT:R-HSA-114643|REACT:R-HSA-2239456|REACT:R-HSA-8958057|REACT:R-HSA-9612283|UMLS:C1420342|UMLS:C3530142|UNIPROTKB:P09486
SPINK1|P00995,DEV_P00995|SPINK1,17,ENSEMBL:ENSG00000164266|ENSEMBL:ENSP00000296695|ENSEMBL:ENSP00000296695.5|HGNC:11244|LOINC:LP288559-0|LOINC:LP31889-6|MESH:C486642|NCBIGENE:6690|NCIT:C17448|NCIT:C18448|OMIM:167790|PR:P00995|REACT:R-HSA-9922915|UMLS:C0085741|UMLS:C0812377|UMLS:C1452174|UNIPROTKB:P00995
SPINK4|O60575,ONC3_O60575|SPINK4,12,ENSEMBL:ENSG00000122711|ENSEMBL:ENSP00000369045|ENSEMBL:ENSP00000369045.3|HGNC:16646|MESH:C570451|NCBIGENE:27290|OMIM:613929|PR:O60575|UMLS:C1424462|UMLS:C3490532|UNIPROTKB:O60575|UNIPROTKB:V9HWG8
SPINK5|Q9NQ38,DEV_Q9NQ38|SPINK5,14,ENSEMBL:ENSG00000133710|ENSEMBL:LRG_110|HGNC:15464|MESH:C120650|NCBIGENE:11005|NCIT:C191816|OMIM:605010|PR:000015535|PR:Q9NQ38|REACT:R-HSA-8849665|REACT:R-HSA-9727987|UMLS:C0908022|UMLS:C1423506|UNIPROTKB:Q9NQ38
SPINT1|O43278,DEV_O43278|SPINT1,13,ENSEMBL:ENSG00000166145|HGNC:11246|MESH:C109149|NCBIGENE:6692|NCIT:C107610|NCIT:C107612|OMIM:605123|PR:000015542|PR:O43278|REACT:R-HSA-6800232|UMLS:C0668015|UMLS:C1420361|UNIPROTKB:O43278
SPINT2|O43291,DEV_O43291|SPINT2,11,ENSEMBL:ENSG00000167642|HGNC:11247|MESH:C109148|NCBIGENE:10653|OMIM:605124|PR:O43291|REACT:R-HSA-6800233|UMLS:C0668013|UMLS:C1420362|UNIPROTKB:A0A140VJV6|UNIPROTKB:O43291
SPOCK1|Q08629,NEU1_Q08629|SPOCK1,11,ENSEMBL:ENSG00000152377|ENSEMBL:ENSP00000378401|ENSEMBL:ENSP00000378401.1|HGNC:11251|MESH:C504369|NCBIGENE:6695|OMIM:602264|PR:Q08629|UMLS:C1312887|UMLS:C1420365|UNIPROTKB:Q08629
SPON1|Q9HCB6,CVD3_Q9HCB6|SPON1,14,ENSEMBL:ENSG00000262655|ENSEMBL:ENSP00000460236|ENSEMBL:ENSP00000460236.1|HGNC:11252|MESH:C429104|NCBIGENE:10418|OMIM:604989|PR:Q9HCB6|REACT:R-HSA-5172977|REACT:R-HSA-5173099|REACT:R-HSA-5173232|UMLS:C1420366|UMLS:C1448008|UNIPROTKB:Q9HCB6
SPON2|Q9BUD6,CVD2_Q9BUD6|SPON2,18,ENSEMBL:ENSG00000159674|ENSEMBL:ENSP00000290902|ENSEMBL:ENSP00000290902.5|ENSEMBL:ENSP00000394832|ENSEMBL:ENSP00000394832.1|ENSEMBL:ENSP00000483599|ENSEMBL:ENSP00000483599.1|HGNC:11253|MESH:C122166|NCBIGENE:10417|OMIM:605918|PR:Q9BUD6|REACT:R-HSA-5173038|REACT:R-HSA-5173057|REACT:R-HSA-5173248|UMLS:C1309269|UMLS:C1420367|UNIPROTKB:Q9BUD6
SPP1|P10451,CVD3_P10451|SPP1,23,ENSEMBL:ENSG00000118785|ENSEMBL:ENSP00000422973|ENSEMBL:ENSP00000422973.2|HGNC:11255|MESH:C506895|NCBIGENE:6696|NCIT:C46082|NCIT:C95570|OMIM:166490|PR:P10451|REACT:R-HSA-215967|REACT:R-HSA-4093349|REACT:R-HSA-4093351|REACT:R-HSA-8952436|REACT:R-HSA-8956713|REACT:R-HSA-8956883|UMLS:C0147935|UMLS:C1420369|UMLS:C1505427|UNIPROTKB:A0ACM8Q8Q9|UNIPROTKB:B7Z351|UNIPROTKB:P10451|UNIPROTKB:Q3LGB0
SPRY2|O43597,IRE_O43597|SPRY2,61,ENSEMBL:ENSG00000136158|ENSEMBL:ENSP00000366306|ENSEMBL:ENSP00000366306.1|ENSEMBL:ENSP00000366308|ENSEMBL:ENSP00000366308.3|ENSEMBL:ENSP00000579675|ENSEMBL:ENSP00000579675.1|ENSEMBL:ENSP00000579676|ENSEMBL:ENSP00000579676.1|ENSEMBL:ENSP00000579677|ENSEMBL:ENSP00000579677.1|ENSEMBL:ENSP00000579678|ENSEMBL:ENSP00000579678.1|ENSEMBL:ENSP00000579679|ENSEMBL:ENSP00000579679.1|ENSEMBL:ENSP00000579680|ENSEMBL:ENSP00000579680.1|ENSEMBL:ENSP00000579681|ENSEMBL:ENSP00000579681.1|ENSEMBL:ENSP00000589099|ENSEMBL:ENSP00000589099.1|ENSEMBL:ENSP00000589100|ENSEMBL:ENSP00000589100.1|ENSEMBL:ENSP00000589101|ENSEMBL:ENSP00000589101.1|ENSEMBL:ENSP00000589102|ENSEMBL:ENSP00000589102.1|ENSEMBL:ENSP00000589103|ENSEMBL:ENSP00000589103.1|ENSEMBL:ENSP00000589104|ENSEMBL:ENSP00000589104.1|ENSEMBL:ENSP00000589105|ENSEMBL:ENSP00000589105.1|ENSEMBL:ENSP00000589106|ENSEMBL:ENSP00000589106.1|ENSEMBL:ENSP00000630234|ENSEMBL:ENSP00000630234.1|ENSEMBL:ENSP00000630235|ENSEMBL:ENSP00000630235.1|ENSEMBL:ENSP00000630236|ENSEMBL:ENSP00000630236.1|HGNC:11270|MESH:C485561|NCBIGENE:10253|NCIT:C106027|NCIT:C106029|OMIM:602466|PR:000015583|PR:O43597|REACT:R-HSA-1295590|REACT:R-HSA-1295619|REACT:R-HSA-1295629|REACT:R-HSA-182924|REACT:R-HSA-182949|REACT:R-HSA-182950|REACT:R-HSA-934555|REACT:R-HSA-934595|UMLS:C0765742|UMLS:C1420383|UMLS:C3813608|UNIPROTKB:O43597
SRC|P12931,CVD2_P12931|SRC,27,CHEMBL.TARGET:CHEMBL2363074|CHV:0000015103|ENSEMBL:ENSG00000197122|ENSEMBL:LRG_1018|HGNC:11283|NCBIGENE:6714|NCIT:C17389|NCIT:C19917|OMIM:190090|PR:000027234|PR:P12931|REACT:R-HSA-112331|REACT:R-HSA-1810408|REACT:R-HSA-190535|REACT:R-HSA-191648|REACT:R-HSA-354153|REACT:R-HSA-377592|REACT:R-HSA-377598|REACT:R-HSA-418145|REACT:R-HSA-65043|REACT:R-HSA-8876922|REACT:R-HSA-8937690|REACT:R-HSA-8964276|REACT:R-HSA-9628701|UMLS:C0080298|UMLS:C3853644|UNIPROTKB:P12931
SRP14|P37108,NEX_P37108|SRP14,15,ENSEMBL:ENSG00000140319|ENSEMBL:ENSP00000267884|ENSEMBL:ENSP00000267884.6|HGNC:11299|MESH:C490326|NCBIGENE:6727|OMIM:600708|PR:P37108|REACT:R-HSA-264941|REACT:R-HSA-6800439|REACT:R-HSA-6800938|REACT:R-HSA-6806495|UMLS:C1420407|UMLS:C1454335|UNIPROTKB:P37108
SRPK2|P78362,IRE_P78362|SRPK2,16,ENSEMBL:ENSG00000135250|ENSEMBL:ENSP00000417357|ENSEMBL:ENSP00000417357.2|ENSEMBL:ENSP00000516319|ENSEMBL:ENSP00000516319.1|HGNC:11306|MESH:C110522|NCBIGENE:6733|OMIM:602980|PR:P78362|REACT:R-HSA-9729332|UMLS:C1420413|UMLS:C1431164|UNIPROTKB:A0A994J591|UNIPROTKB:C9J2M4|UNIPROTKB:P78362
SSC4D|Q8WTU2,MET_Q8WTU2|SRCRB4D,9,ENSEMBL:ENSG00000146700|HGNC:14461|MESH:C495129|NCBIGENE:136853|OMIM:607639|PR:Q8WTU2|UMLS:C1173499|UMLS:C1422667|UNIPROTKB:Q8WTU2
ST3GAL1|Q11201,ODA_Q11201|ST3GAL1,154,ENSEMBL:ENSG00000008513|ENSEMBL:ENSP00000428540|ENSEMBL:ENSP00000428540.1|ENSEMBL:ENSP00000430515|ENSEMBL:ENSP00000430515.1|ENSEMBL:ENSP00000497381|ENSEMBL:ENSP00000497381.1|ENSEMBL:ENSP00000546431|ENSEMBL:ENSP00000546431.1|ENSEMBL:ENSP00000546432|ENSEMBL:ENSP00000546432.1|ENSEMBL:ENSP00000546433|ENSEMBL:ENSP00000546433.1|ENSEMBL:ENSP00000546434|ENSEMBL:ENSP00000546434.1|ENSEMBL:ENSP00000546436|ENSEMBL:ENSP00000546436.1|ENSEMBL:ENSP00000546437|ENSEMBL:ENSP00000546437.1|ENSEMBL:ENSP00000546439|ENSEMBL:ENSP00000546439.1|ENSEMBL:ENSP00000546440|ENSEMBL:ENSP00000546440.1|ENSEMBL:ENSP00000546441|ENSEMBL:ENSP00000546441.1|ENSEMBL:ENSP00000546442|ENSEMBL:ENSP00000546442.1|ENSEMBL:ENSP00000546443|ENSEMBL:ENSP00000546443.1|ENSEMBL:ENSP00000546444|ENSEMBL:ENSP00000546444.1|ENSEMBL:ENSP00000546445|ENSEMBL:ENSP00000546445.1|ENSEMBL:ENSP00000546446|ENSEMBL:ENSP00000546446.1|ENSEMBL:ENSP00000546447|ENSEMBL:ENSP00000546447.1|ENSEMBL:ENSP00000546448|ENSEMBL:ENSP00000546448.1|ENSEMBL:ENSP00000546450|ENSEMBL:ENSP00000546450.1|ENSEMBL:ENSP00000546451|ENSEMBL:ENSP00000546451.1|ENSEMBL:ENSP00000546452|ENSEMBL:ENSP00000546452.1|ENSEMBL:ENSP00000546453|ENSEMBL:ENSP00000546453.1|ENSEMBL:ENSP00000546454|ENSEMBL:ENSP00000546454.1|ENSEMBL:ENSP00000546456|ENSEMBL:ENSP00000546456.1|ENSEMBL:ENSP00000546457|ENSEMBL:ENSP00000546457.1|ENSEMBL:ENSP00000546458|ENSEMBL:ENSP00000546458.1|ENSEMBL:ENSP00000546459|ENSEMBL:ENSP00000546459.1|ENSEMBL:ENSP00000546460|ENSEMBL:ENSP00000546460.1|ENSEMBL:ENSP00000546461|ENSEMBL:ENSP00000546461.1|ENSEMBL:ENSP00000546462|ENSEMBL:ENSP00000546462.1|ENSEMBL:ENSP00000546463|ENSEMBL:ENSP00000546463.1|ENSEMBL:ENSP00000546464|ENSEMBL:ENSP00000546464.1|ENSEMBL:ENSP00000546465|ENSEMBL:ENSP00000546465.1|ENSEMBL:ENSP00000546466|ENSEMBL:ENSP00000546466.1|ENSEMBL:ENSP00000546467|ENSEMBL:ENSP00000546467.1|ENSEMBL:ENSP00000582194|ENSEMBL:ENSP00000582194.1|ENSEMBL:ENSP00000582195|ENSEMBL:ENSP00000582195.1|ENSEMBL:ENSP00000611287|ENSEMBL:ENSP00000611287.1|ENSEMBL:ENSP00000611288|ENSEMBL:ENSP00000611288.1|ENSEMBL:ENSP00000611289|ENSEMBL:ENSP00000611289.1|ENSEMBL:ENSP00000611290|ENSEMBL:ENSP00000611290.1|ENSEMBL:ENSP00000611291|ENSEMBL:ENSP00000611291.1|ENSEMBL:ENSP00000611292|ENSEMBL:ENSP00000611292.1|ENSEMBL:ENSP00000611293|ENSEMBL:ENSP00000611293.1|ENSEMBL:ENSP00000611294|ENSEMBL:ENSP00000611294.1|ENSEMBL:ENSP00000611295|ENSEMBL:ENSP00000611295.1|ENSEMBL:ENSP00000611298|ENSEMBL:ENSP00000611298.1|ENSEMBL:ENSP00000611299|ENSEMBL:ENSP00000611299.1|ENSEMBL:ENSP00000611300|ENSEMBL:ENSP00000611300.1|ENSEMBL:ENSP00000611302|ENSEMBL:ENSP00000611302.1|ENSEMBL:ENSP00000611303|ENSEMBL:ENSP00000611303.1|ENSEMBL:ENSP00000611304|ENSEMBL:ENSP00000611304.1|ENSEMBL:ENSP00000611306|ENSEMBL:ENSP00000611306.1|ENSEMBL:ENSP00000611307|ENSEMBL:ENSP00000611307.1|ENSEMBL:ENSP00000611308|ENSEMBL:ENSP00000611308.1|ENSEMBL:ENSP00000611309|ENSEMBL:ENSP00000611309.1|ENSEMBL:ENSP00000611310|ENSEMBL:ENSP00000611310.1|ENSEMBL:ENSP00000611311|ENSEMBL:ENSP00000611311.1|ENSEMBL:ENSP00000611312|ENSEMBL:ENSP00000611312.1|ENSEMBL:ENSP00000611313|ENSEMBL:ENSP00000611313.1|ENSEMBL:ENSP00000611314|ENSEMBL:ENSP00000611314.1|ENSEMBL:ENSP00000611315|ENSEMBL:ENSP00000611315.1|ENSEMBL:ENSP00000611316|ENSEMBL:ENSP00000611316.1|ENSEMBL:ENSP00000611317|ENSEMBL:ENSP00000611317.1|ENSEMBL:ENSP00000611318|ENSEMBL:ENSP00000611318.1|ENSEMBL:ENSP00000611319|ENSEMBL:ENSP00000611319.1|ENSEMBL:ENSP00000611320|ENSEMBL:ENSP00000611320.1|ENSEMBL:ENSP00000611321|ENSEMBL:ENSP00000611321.1|ENSEMBL:ENSP00000611322|ENSEMBL:ENSP00000611322.1|ENSEMBL:ENSP00000611324|ENSEMBL:ENSP00000611324.1|ENSEMBL:ENSP00000611325|ENSEMBL:ENSP00000611325.1|HGNC:10862|MESH:C000722087|NCBIGENE:6482|OMIM:607187|PR:Q11201|REACT:R-HSA-981481|UMLS:C1539859|UMLS:C5771948|UNIPROTKB:Q11201
ST6GAL1|P15907,CAM_P15907|ST6GAL1,10,ENSEMBL:ENSG00000073849|HGNC:10860|MESH:C093493|NCBIGENE:6480|OMIM:109675|PR:P15907|REACT:R-HSA-975899|UMLS:C0108802|UMLS:C1539865|UNIPROTKB:P15907
STAMBP|O95630,INF_O95630|STAMBP,26,ENSEMBL:ENSG00000124356|ENSEMBL:ENSP00000507046|ENSEMBL:ENSP00000507046.1|ENSEMBL:ENSP00000507089|ENSEMBL:ENSP00000507089.1|ENSEMBL:ENSP00000507371|ENSEMBL:ENSP00000507371.1|ENSEMBL:ENSP00000507643|ENSEMBL:ENSP00000507643.1|ENSEMBL:ENSP00000507807|ENSEMBL:ENSP00000507807.1|HGNC:16950|MESH:C486696|NCBIGENE:10617|NCIT:C21319|NCIT:C21339|OMIM:606247|PR:O95630|REACT:R-HSA-5693063|UMLS:C1424659|UMLS:C1450330|UNIPROTKB:A0A140VK54|UNIPROTKB:A0A804HIF8|UNIPROTKB:A0A804HII8|UNIPROTKB:A0A804HJ64|UNIPROTKB:O95630
STC1|P52823,IRE_P52823|STC1,10,ENSEMBL:ENSG00000159167|HGNC:11373|NCBIGENE:6781|NCIT:C24836|NCIT:C30004|OMIM:601185|PR:P52823|UMLS:C1364160|UMLS:C1451667|UNIPROTKB:P52823
STIP1|P31948,DEV_P31948|STIP1,13,ENSEMBL:ENSG00000168439|HGNC:11387|MESH:C079373|NCBIGENE:10963|NCIT:C112066|NCIT:C112068|OMIM:605063|PR:P31948|REACT:R-HSA-443857|UMLS:C1420462|UMLS:C1439200|UNIPROTKB:P31948|UNIPROTKB:V9HW72
STK4|Q13043,CVD2_Q13043|STK4,20,ENSEMBL:ENSG00000101109|ENSEMBL:ENSP00000479564|ENSEMBL:ENSP00000479564.2|ENSEMBL:LRG_535|HGNC:11408|MESH:C095566|NCBIGENE:6789|NCIT:C99480|NCIT:C99483|OMIM:604965|PR:000015757|PR:Q13043|REACT:R-HSA-201627|REACT:R-HSA-2028258|REACT:R-HSA-2028668|REACT:R-HSA-2028682|UMLS:C1420481|UMLS:C1448938|UNIPROTKB:A0A087WVN8|UNIPROTKB:Q13043
STX16|O14662,CRE_O14662|STX16,12,ENSEMBL:ENSG00000124222|HGNC:11431|MESH:C496118|NCBIGENE:8675|OMIM:603666|PR:O14662|REACT:R-HSA-6811001|REACT:R-HSA-6811002|UMLS:C0671358|UMLS:C1420496|UNIPROTKB:B4DJX9|UNIPROTKB:O14662
STX6|O43752,CRE_O43752|STX6,11,ENSEMBL:ENSG00000135823|HGNC:11441|MESH:C000612950|NCBIGENE:10228|OMIM:603944|PR:O43752|REACT:R-HSA-6811004|REACT:R-HSA-6811007|UMLS:C1420503|UMLS:C4308293|UNIPROTKB:O43752
STX8|Q9UNK0,ODA_Q9UNK0|STX8,9,ENSEMBL:ENSG00000170310|ENSEMBL:ENSP00000305255|ENSEMBL:ENSP00000305255.2|HGNC:11443|NCBIGENE:9482|OMIM:604203|PR:Q9UNK0|UMLS:C1420505|UNIPROTKB:Q9UNK0
STXBP3|O00186,ODA_O00186|STXBP3,13,ENSEMBL:ENSG00000116266|ENSEMBL:ENSP00000359025|ENSEMBL:ENSP00000359025.3|HGNC:11446|NCBIGENE:6814|OMIM:608339|PR:O00186|REACT:R-HSA-114680|REACT:R-HSA-114682|REACT:R-HSA-2263472|REACT:R-HSA-2263473|UMLS:C1420508|UNIPROTKB:O00186
SULT1A1|P50225,INF_P50225|SULT1A1,13,ENSEMBL:ENSG00000196502|HGNC:11453|MESH:C117544|NCBIGENE:6817|NCIT:C107441|NCIT:C107443|OMIM:171150|PDQ:CDR0000322901|PR:P50225|REACT:R-HSA-158474|UMLS:C1420514|UMLS:C1452189|UNIPROTKB:P50225
SULT2A1|Q06520,CRE_Q06520|SULT2A1,13,ENSEMBL:ENSG00000105398|ENSEMBL:ENSP00000222002|ENSEMBL:ENSP00000222002.2|HGNC:11458|NCBIGENE:6822|OMIM:125263|PR:Q06520|REACT:R-HSA-176559|REACT:R-HSA-5649940|UMLS:C1420519|UMLS:C1743685|UNIPROTKB:A8K015|UNIPROTKB:Q06520
SUMF2|Q8NBJ7,MET_Q8NBJ7|SUMF2,16,ENSEMBL:ENSG00000129103|ENSEMBL:ENSP00000378824|ENSEMBL:ENSP00000378824.3|ENSEMBL:ENSP00000406445|ENSEMBL:ENSP00000406445.1|HGNC:20415|MESH:C500803|NCBIGENE:25870|OMIM:607940|PR:Q8NBJ7|REACT:R-HSA-1614305|UMLS:C1539894|UMLS:C1569553|UNIPROTKB:A8MXB9|UNIPROTKB:C9J660|UNIPROTKB:Q8NBJ7
TACC3|Q9Y6A5,CRE_Q9Y6A5|TACC3,27,ENSEMBL:ENSG00000013810|ENSEMBL:ENSP00000326550|ENSEMBL:ENSP00000326550.4|ENSEMBL:ENSP00000478580|ENSEMBL:ENSP00000478580.2|ENSEMBL:ENSP00000498361|ENSEMBL:ENSP00000498361.1|ENSEMBL:ENSP00000624332|ENSEMBL:ENSP00000624332.1|ENSEMBL:ENSP00000624334|ENSEMBL:ENSP00000624334.1|ENSEMBL:LRG_1367|HGNC:11524|MESH:C120551|NCBIGENE:10460|NCIT:C24841|NCIT:C30027|OMIM:605303|ORPHANET:311452|PR:000016008|PR:Q9Y6A5|REACT:R-HSA-2160956|UMLS:C1309183|UMLS:C1336558|UMLS:C1336803|UNIPROTKB:A0A087WUE2|UNIPROTKB:Q9Y6A5
TACSTD2|P09758,CRE_P09758|TACSTD2,13,ENSEMBL:ENSG00000184292|ENSEMBL:ENSP00000360269|ENSEMBL:ENSP00000360269.2|HGNC:11530|MESH:C499380|NCBIGENE:4070|NCIT:C17774|NCIT:C18544|OMIM:137290|PR:P09758|UMLS:C0245557|UMLS:C0920274|UNIPROTKB:P09758
TAFA5|Q7Z5A7,CRE_Q7Z5A7|FAM19A5,9,ENSEMBL:ENSG00000219438|HGNC:21592|MESH:C000634385|NCBIGENE:25817|OMIM:617499|PR:Q7Z5A7|UMLS:C1539394|UMLS:C5226499|UNIPROTKB:Q7Z5A7
TANK|Q92844,IRE_Q92844|TANK,17,CHV:0000030199|ENSEMBL:ENSG00000136560|HGNC:11562|MESH:C484406|NCBIGENE:10010|NCIT:C133880|NCIT:C133882|OMIM:603893|PR:Q92844|REACT:R-HSA-5362480|REACT:R-HSA-933407|UMLS:C1433355|UMLS:C1823478|UMLS:C4521273|UNIPROTKB:B2R7S3|UNIPROTKB:Q6NW12|UNIPROTKB:Q92844
TBCB|Q99426,NEX_Q99426|TBCB,10,ENSEMBL:ENSG00000105254|HGNC:1989|MESH:C501073|NCBIGENE:1155|OMIM:601303|PR:Q99426|REACT:R-HSA-379546|UMLS:C1569911|UMLS:C1823247|UNIPROTKB:Q99426
TBL1X|O60907,ONC3_O60907|TBL1X,13,ENSEMBL:ENSG00000101849|HGNC:11585|MESH:C119542|NCBIGENE:6907|NCIT:C178210|NCIT:C178212|OMIM:300196|PR:000016132|PR:O60907|REACT:R-HSA-351644|UMLS:C1420599|UMLS:C1431892|UNIPROTKB:O60907
TCL1A|P56279,ONC2_P56279|TCL1A,22,ENSEMBL:ENSG00000100721|ENSEMBL:ENSP00000385036|ENSEMBL:ENSP00000385036.1|ENSEMBL:ENSP00000450496|ENSEMBL:ENSP00000450496.1|ENSEMBL:ENSP00000450701|ENSEMBL:ENSP00000450701.1|ENSEMBL:ENSP00000451506|ENSEMBL:ENSP00000451506.1|HGNC:11648|LOINC:LP64439-0|MESH:C090851|NCBIGENE:8115|NCIT:C92699|NCIT:C92701|OMIM:186960|PR:000016193|PR:P56279|UMLS:C0291790|UMLS:C1420650|UMLS:C2985258|UNIPROTKB:P56279
TCL1B|O95988,CRE_O95988|TCL1B,20,ENSEMBL:ENSG00000213231|ENSEMBL:ENSP00000343223|ENSEMBL:ENSP00000343223.6|ENSEMBL:ENSP00000586793|ENSEMBL:ENSP00000586793.1|ENSEMBL:ENSP00000586794|ENSEMBL:ENSP00000586794.1|ENSEMBL:ENSP00000586795|ENSEMBL:ENSP00000586795.1|HGNC:11649|MESH:C118783|NCBIGENE:9623|NCIT:C24848|NCIT:C30081|OMIM:603769|PR:000016194|PR:O95988|UMLS:C1309046|UMLS:C1336598|UNIPROTKB:O95988
TCN2|P20062,CAM_P20062|TCN2,15,ENSEMBL:ENSG00000185339|ENSEMBL:LRG_116|HGNC:11653|MESH:C000627371|NCBIGENE:6948|NCIT:C213063|OMIM:613441|PR:P20062|REACT:R-HSA-2980925|REACT:R-HSA-3000262|REACT:R-HSA-3315449|REACT:R-HSA-9758895|UMLS:C1420653|UMLS:C4705872|UNIPROTKB:P20062
TDGF1|P13385,NEX_P13385|TDGF1,29,CHEMBL.TARGET:CHEMBL3713025|CHV:0000052822|ENSEMBL:ENSG00000241186|ENSEMBL:ENSP00000296145|ENSEMBL:ENSP00000296145.5|ENSEMBL:ENSP00000446375|ENSEMBL:ENSP00000446375.1|ENSEMBL:ENSP00000533441|ENSEMBL:ENSP00000533441.1|ENSEMBL:ENSP00000608364|ENSEMBL:ENSP00000608364.1|ENSEMBL:ENSP00000608365|ENSEMBL:ENSP00000608365.1|ENSEMBL:ENSP00000608369|ENSEMBL:ENSP00000608369.1|HGNC:11701|MESH:C070636|NCBIGENE:6997|NCIT:C153277|OMIM:187395|PR:000030513|PR:P13385|REACT:R-HSA-2888987|REACT:R-HSA-452300|UMLS:C1420667|UMLS:C1456342|UMLS:C4724710|UNIPROTKB:F5H1T8|UNIPROTKB:P13385
TDRKH|Q9Y2W6,CRE_Q9Y2W6|TDRKH,11,ENSEMBL:ENSG00000182134|HGNC:11713|MESH:C408222|NCBIGENE:11022|OMIM:609501|PR:Q9Y2W6|REACT:R-HSA-5608255|UMLS:C0914304|UMLS:C1420678|UNIPROTKB:B4DJ68|UNIPROTKB:Q9Y2W6
TEK|Q02763,CVD2_Q02763|TEK,15,ENSEMBL:ENSG00000120156|HGNC:11724|MESH:C000629246|NCBIGENE:7010|NCIT:C18488|NCIT:C24851|OMIM:600221|PR:000002032|PR:Q02763|REACT:R-HSA-197755|REACT:R-HSA-204772|UMLS:C1336602|UMLS:C3853567|UNIPROTKB:Q02763|UNIPROTKB:Q59HG2
TFF2|Q03403,MET_Q03403|TFF2,13,ENSEMBL:ENSG00000160181|ENSEMBL:ENSP00000291526|ENSEMBL:ENSP00000291526.4|HGNC:11756|MESH:C000604007|NCBIGENE:7032|NCIT:C115188|NCIT:C115190|OMIM:182590|PR:Q03403|UMLS:C0905072|UMLS:C1420701|UNIPROTKB:Q03403
TFF3|Q07654,CVD3_Q07654|TFF3,15,ENSEMBL:ENSG00000160180|ENSEMBL:ENSP00000430690|ENSEMBL:ENSP00000430690.2|HGNC:11757|MESH:C082495|NCBIGENE:7033|NCIT:C101769|NCIT:C101771|OMIM:600633|PR:Q07654|REACT:R-HSA-9017888|REACT:R-HSA-9017893|UMLS:C0660409|UMLS:C1420702|UNIPROTKB:Q07654
TFPI2|P48307,ONC2_P48307|TFPI2,11,ENSEMBL:ENSG00000105825|ENSEMBL:LRG_647|HGNC:11761|NCBIGENE:7980|NCIT:C111842|NCIT:C111846|OMIM:600033|PR:P48307|UMLS:C1420706|UMLS:C1453587|UNIPROTKB:P48307
TFPI|P10646,CVD3_P10646|TFPI,17,CHEMBL.TARGET:CHEMBL3713062|CHEMBL.TARGET:CHEMBL4523142|ENSEMBL:ENSG00000003436|ENSEMBL:LRG_604|HGNC:11760|NCBIGENE:7035|NCIT:C97260|NCIT:C97262|OMIM:152310|PR:000016279|PR:P10646|REACT:R-HSA-140827|REACT:R-HSA-140832|UMLS:C0164707|UMLS:C1420705|UMLS:C4281721|UNIPROTKB:P10646
TFRC|P02786,CVD3_P02786|TFRC,45,ENSEMBL:ENSG00000072274|ENSEMBL:ENSP00000353224|ENSEMBL:ENSP00000353224.4|ENSEMBL:ENSP00000376197|ENSEMBL:ENSP00000376197.3|ENSEMBL:ENSP00000390133|ENSEMBL:ENSP00000390133.1|ENSEMBL:ENSP00000513646|ENSEMBL:ENSP00000513646.1|ENSEMBL:ENSP00000513650|ENSEMBL:ENSP00000513650.1|ENSEMBL:ENSP00000513651|ENSEMBL:ENSP00000513651.1|ENSEMBL:ENSP00000513654|ENSEMBL:ENSP00000513654.1|ENSEMBL:ENSP00000543456|ENSEMBL:ENSP00000543456.1|ENSEMBL:ENSP00000586380|ENSEMBL:ENSP00000586380.1|ENSEMBL:ENSP00000636740|ENSEMBL:ENSP00000636740.1|ENSEMBL:ENSP00000636742|ENSEMBL:ENSP00000636742.1|ENSEMBL:ENSP00000636744|ENSEMBL:ENSP00000636744.1|ENSEMBL:ENSP00000636745|ENSEMBL:ENSP00000636745.1|HGNC:11763|NCBIGENE:7037|NCIT:C38517|NCIT:C38519|OMIM:190010|PR:P02786|REACT:R-HSA-434196|REACT:R-HSA-434330|REACT:R-HSA-8869124|REACT:R-HSA-8961829|REACT:R-HSA-917983|UMLS:C0108801|UMLS:C1420708|UNIPROTKB:A0A8V8TM46|UNIPROTKB:A8K6Q8|UNIPROTKB:B7Z2I6|UNIPROTKB:G3V0E5|UNIPROTKB:P02786
TGFA|P01135,INF_P01135|TGFA,25,ENSEMBL:ENSG00000163235|ENSEMBL:ENSP00000404131|ENSEMBL:ENSP00000404131.1|ENSEMBL:ENSP00000414127|ENSEMBL:ENSP00000414127.1|HGNC:11765|MESH:C587886|NCBIGENE:7039|NCIT:C118440|NCIT:C20454|NCIT:C24855|OMIM:190170|PR:P01135|REACT:R-HSA-5689476|REACT:R-HSA-5689840|REACT:R-HSA-5689841|REACT:R-HSA-8864987|REACT:R-HSA-9624183|REACT:R-HSA-9628817|UMLS:C0072502|UMLS:C1336620|UMLS:C3849193|UNIPROTKB:E7EPT6|UNIPROTKB:F8VNR3|UNIPROTKB:P01135
TGFA|P01135,ONC2_P01135|TGFA,25,ENSEMBL:ENSG00000163235|ENSEMBL:ENSP00000404131|ENSEMBL:ENSP00000404131.1|ENSEMBL:ENSP00000414127|ENSEMBL:ENSP00000414127.1|HGNC:11765|MESH:C587886|NCBIGENE:7039|NCIT:C118440|NCIT:C20454|NCIT:C24855|OMIM:190170|PR:P01135|REACT:R-HSA-5689476|REACT:R-HSA-5689840|REACT:R-HSA-5689841|REACT:R-HSA-8864987|REACT:R-HSA-9624183|REACT:R-HSA-9628817|UMLS:C0072502|UMLS:C1336620|UMLS:C3849193|UNIPROTKB:E7EPT6|UNIPROTKB:F8VNR3|UNIPROTKB:P01135
TGFB1|P01137,INF_P01137|TGFB1,22,ENSEMBL:ENSG00000105329|ENSEMBL:ENSP00000221930|ENSEMBL:ENSP00000221930.4|HGNC:11766|MESH:C508960|NCBIGENE:7040|NCIT:C20457|NCIT:C24856|OMIM:190180|PR:P01137|REACT:R-HSA-114705|REACT:R-HSA-170838|REACT:R-HSA-177108|REACT:R-HSA-2395367|REACT:R-HSA-5146781|REACT:R-HSA-65936|REACT:R-HSA-6793987|REACT:R-HSA-9736812|UMLS:C0080222|UMLS:C1366557|UNIPROTKB:A0A499FJK2|UNIPROTKB:P01137
TGFBI|Q15582,CAM_Q15582|TGFBI,16,ENSEMBL:ENSG00000120708|ENSEMBL:ENSP00000416330|ENSEMBL:ENSP00000416330.2|HGNC:11771|MESH:C000731496|NCBIGENE:7045|NCIT:C24858|NCIT:C38672|OMIM:601692|PR:Q15582|REACT:R-HSA-1302722|REACT:R-HSA-204605|UMLS:C1336623|UMLS:C1527805|UNIPROTKB:A0A0S2Z4Q2|UNIPROTKB:Q15582
TGFBR2|P37173,ONC2_P37173|TGFBR2,31,ENSEMBL:ENSG00000163513|ENSEMBL:ENSP00000519656|ENSEMBL:ENSP00000519656.1|ENSEMBL:ENSP00000519657|ENSEMBL:ENSP00000519657.1|ENSEMBL:LRG_779|HGNC:11773|LOINC:LP288578-0|LOINC:LP61791-7|MESH:C000625845|NCBIGENE:7048|NCIT:C17341|NCIT:C18592|OMIM:190182|PR:000000005|PR:P37173|REACT:R-HSA-170842|REACT:R-HSA-3640894|REACT:R-HSA-3640899|REACT:R-HSA-3640905|REACT:R-HSA-3640907|REACT:R-HSA-3642166|REACT:R-HSA-3642173|REACT:R-HSA-3645770|REACT:R-HSA-4332222|UMLS:C0919538|UMLS:C1506219|UNIPROTKB:A0AAQ5BI06|UNIPROTKB:A3QNQ0|UNIPROTKB:D2JYI1|UNIPROTKB:P37173
TGFBR3|Q03167,CAM_Q03167|TGFBR3,17,ENSEMBL:ENSG00000069702|HGNC:11774|NCBIGENE:7049|NCIT:C24860|NCIT:C30099|OMIM:600742|PR:Q03167|REACT:R-HSA-9839335|REACT:R-HSA-9839336|REACT:R-HSA-9839359|REACT:R-HSA-9839364|REACT:R-HSA-9839374|REACT:R-HSA-9839380|UMLS:C1336625|UMLS:C1700222|UNIPROTKB:A0A0A8KWK3|UNIPROTKB:Q03167
TGM2|P21980,CVD2_P21980|TGM2,14,DRUGBANK:DB06004|ENSEMBL:ENSG00000198959|HGNC:11778|MESH:C000717608|NCBIGENE:7052|NCIT:C186639|NCIT:C186641|OMIM:190196|PR:P21980|UMLS:C1420714|UMLS:C5565118|UNIPROTKB:B4DIT7|UNIPROTKB:B4DTN7|UNIPROTKB:P21980
THBD|P07204,CVD2_P07204|THBD,16,ENSEMBL:ENSG00000178726|ENSEMBL:ENSP00000366307|ENSEMBL:ENSP00000366307.2|ENSEMBL:LRG_168|HGNC:11784|LOINC:LP345003-0|MESH:C546931|NCBIGENE:7056|NCIT:C101378|NCIT:C101380|OMIM:188040|PR:P07204|REACT:R-HSA-141030|UMLS:C1420720|UMLS:C2744539|UNIPROTKB:P07204
THBS2|P35442,CVD2_P35442|THBS2,34,ENSEMBL:ENSG00000186340|ENSEMBL:ENSP00000355751|ENSEMBL:ENSP00000355751.3|ENSEMBL:ENSP00000482784|ENSEMBL:ENSP00000482784.1|ENSEMBL:ENSP00000503020|ENSEMBL:ENSP00000503020.1|ENSEMBL:ENSP00000504416|ENSEMBL:ENSP00000504416.1|ENSEMBL:ENSP00000504820|ENSEMBL:ENSP00000504820.1|ENSEMBL:ENSP00000576063|ENSEMBL:ENSP00000576063.1|ENSEMBL:ENSP00000576064|ENSEMBL:ENSP00000576064.1|ENSEMBL:ENSP00000639695|ENSEMBL:ENSP00000639695.1|ENSEMBL:ENSP00000639698|ENSEMBL:ENSP00000639698.1|HGNC:11786|MESH:C000731620|NCBIGENE:7058|NCIT:C18038|NCIT:C28663|OMIM:188061|PR:P35442|REACT:R-HSA-5173111|REACT:R-HSA-5173187|REACT:R-HSA-5173234|REACT:R-HSA-66520|UMLS:C1336627|UMLS:C1609935|UNIPROTKB:A0A7I2V585|UNIPROTKB:P35442
THBS4|P35443,CAM_P35443|THBS4,15,ENSEMBL:ENSG00000113296|ENSEMBL:ENSP00000339730|ENSEMBL:ENSP00000339730.2|ENSEMBL:ENSP00000422298|ENSEMBL:ENSP00000422298.1|HGNC:11788|NCBIGENE:7060|OMIM:600715|PR:P35443|REACT:R-HSA-66524|UMLS:C1420722|UMLS:C1611593|UNIPROTKB:B7Z832|UNIPROTKB:E7ES19|UNIPROTKB:P35443
THOP1|P52888,MET_P52888|THOP1,8,ENSEMBL:ENSG00000172009|HGNC:11793|NCBIGENE:7064|OMIM:601117|PR:P52888|REACT:R-HSA-8940604|UMLS:C1420726|UNIPROTKB:P52888
THPO|P40225,CVD2_P40225|THPO,24,ENSEMBL:ENSG00000090534|ENSEMBL:ENSP00000411704|ENSEMBL:ENSP00000411704.2|ENSEMBL:ENSP00000494281|ENSEMBL:ENSP00000494281.2|ENSEMBL:ENSP00000497233|ENSEMBL:ENSP00000497233.1|ENSEMBL:ENSP00000497904|ENSEMBL:ENSP00000497904.1|ENSEMBL:LRG_580|HGNC:11795|NCBIGENE:7066|NCIT:C18458|NCIT:C20441|OMIM:600044|PR:P40225|REACT:R-HSA-443917|UMLS:C0812443|UMLS:C3887665|UNIPROTKB:A0A3B3ISB0|UNIPROTKB:A0A3B3ITS0|UNIPROTKB:F8W6L1|UNIPROTKB:P40225|UNIPROTKB:Q5FBX8
THY1|P04216,NEU1_P04216|THY1,43,ENSEMBL:ENSG00000154096|ENSEMBL:ENSP00000284240|ENSEMBL:ENSP00000284240.6|ENSEMBL:ENSP00000431301|ENSEMBL:ENSP00000431301.1|ENSEMBL:ENSP00000464248|ENSEMBL:ENSP00000464248.1|ENSEMBL:ENSP00000570817|ENSEMBL:ENSP00000570817.1|ENSEMBL:ENSP00000570819|ENSEMBL:ENSP00000570819.1|ENSEMBL:ENSP00000570820|ENSEMBL:ENSP00000570820.1|ENSEMBL:ENSP00000570821|ENSEMBL:ENSP00000570821.1|ENSEMBL:ENSP00000588527|ENSEMBL:ENSP00000588527.1|ENSEMBL:ENSP00000588530|ENSEMBL:ENSP00000588530.1|ENSEMBL:ENSP00000588531|ENSEMBL:ENSP00000588531.1|ENSEMBL:ENSP00000588532|ENSEMBL:ENSP00000588532.1|ENSEMBL:ENSP00000588533|ENSEMBL:ENSP00000588533.1|ENSEMBL:ENSP00000588534|ENSEMBL:ENSP00000588534.1|ENSEMBL:ENSP00000626423|ENSEMBL:ENSP00000626423.1|HGNC:11801|NCBIGENE:7070|NCIT:C73526|NCIT:C73528|OMIM:188230|PR:000001843|PR:P04216|REACT:R-HSA-8940792|REACT:R-HSA-8941025|UMLS:C1420728|UMLS:C2348783|UNIPROTKB:B0YJA4|UNIPROTKB:J3QRJ3|UNIPROTKB:P04216
TIE1|P35590,CAM_P35590|TIE1,13,ENSEMBL:ENSG00000066056|HGNC:11809|MESH:C000705987|NCBIGENE:7075|NCIT:C24861|NCIT:C30100|OMIM:600222|PR:P35590|UMLS:C1335549|UMLS:C1539965|UMLS:C5391535|UNIPROTKB:B4DTW8|UNIPROTKB:P35590
TIGAR|Q9NQ88,ODA_Q9NQ88|C12orf5,13,ENSEMBL:ENSG00000078237|ENSEMBL:ENSP00000179259|ENSEMBL:ENSP00000179259.4|HGNC:1185|MESH:C512708|NCBIGENE:57103|OMIM:610775|PR:Q9NQ88|REACT:R-HSA-5628829|REACT:R-HSA-5628852|UMLS:C1412882|UMLS:C1741918|UNIPROTKB:Q9NQ88
TIMD4|Q96H15,CAM_Q96H15|TIMD4,11,ENSEMBL:ENSG00000145850|HGNC:25132|MESH:C512411|NCBIGENE:91937|NCIT:C212160|OMIM:610096|PR:000016339|PR:Q96H15|UMLS:C1539967|UMLS:C1743644|UNIPROTKB:Q96H15
TIMP1|P01033,CAM_P01033|TIMP1,25,CHV:0000016545|ENSEMBL:ENSG00000102265|ENSEMBL:ENSP00000218388|ENSEMBL:ENSP00000218388.4|ENSEMBL:ENSP00000621244|ENSEMBL:ENSP00000621244.1|ENSEMBL:ENSP00000621245|ENSEMBL:ENSP00000621245.1|HGNC:11820|MESH:C560822|NCBIGENE:7076|NCIT:C17543|NCIT:C28675|OMIM:305370|PR:000016352|PR:P01033|REACT:R-HSA-349743|REACT:R-HSA-349745|REACT:R-HSA-6785076|REACT:R-HSA-8956691|REACT:R-HSA-8957082|UMLS:C1367459|UMLS:C1522552|UNIPROTKB:P01033|UNIPROTKB:Q6FGX5
TIMP4|Q99727,CVD3_Q99727|TIMP4,14,ENSEMBL:ENSG00000157150|ENSEMBL:ENSP00000287814|ENSEMBL:ENSP00000287814.4|HGNC:11823|MESH:C000728017|NCBIGENE:7079|NCIT:C124086|NCIT:C124088|OMIM:601915|PR:000016355|PR:Q99727|UMLS:C1420743|UMLS:C1744090|UNIPROTKB:Q99727
TINAGL1|Q9GZM7,MET_Q9GZM7|TINAGL1,16,ENSEMBL:ENSG00000142910|ENSEMBL:ENSP00000445392|ENSEMBL:ENSP00000445392.2|HGNC:19168|MESH:C423605|NCBIGENE:64129|NCIT:C158391|NCIT:C158393|OMIM:616064|PR:000016357|PR:Q9GZM7|UMLS:C1432088|UMLS:C1823280|UMLS:C4761441|UNIPROTKB:F6SDV2|UNIPROTKB:Q9GZM7
TLR3|O15455,ONC2_O15455|TLR3,18,ENSEMBL:ENSG00000164342|ENSEMBL:LRG_117|HGNC:11849|MESH:C495344|NCBIGENE:7098|NCIT:C24864|NCIT:C30104|OMIM:603029|PR:O15455|REACT:R-HSA-1678955|REACT:R-HSA-1679057|REACT:R-HSA-167941|REACT:R-HSA-2000341|REACT:R-HSA-5602428|REACT:R-HSA-5602730|UMLS:C1313494|UMLS:C1336635|UNIPROTKB:O15455
TMPRSS15|P98073,ODA_P98073|TMPRSS15,9,ENSEMBL:ENSG00000154646|ENSEMBL:ENSP00000284885|ENSEMBL:ENSP00000284885.3|HGNC:9490|NCBIGENE:5651|OMIM:606635|PR:P98073|UMLS:C1418973|UNIPROTKB:P98073
TMPRSS5|Q9H3S3,NEU1_Q9H3S3|TMPRSS5,26,ENSEMBL:ENSG00000166682|ENSEMBL:ENSP00000299882|ENSEMBL:ENSP00000299882.5|ENSEMBL:ENSP00000440783|ENSEMBL:ENSP00000440783.1|ENSEMBL:ENSP00000441104|ENSEMBL:ENSP00000441104.1|ENSEMBL:ENSP00000445528|ENSEMBL:ENSP00000445528.1|ENSEMBL:ENSP00000445930|ENSEMBL:ENSP00000445930.1|HGNC:14908|MESH:C450831|NCBIGENE:80975|OMIM:606751|PR:Q9H3S3|UMLS:C1423044|UMLS:C1448288|UNIPROTKB:B7Z247|UNIPROTKB:F5GX83|UNIPROTKB:F5GYA3|UNIPROTKB:F5H0U3|UNIPROTKB:F5H2M3|UNIPROTKB:Q0P513|UNIPROTKB:Q0P514|UNIPROTKB:Q9H3S3
TMSB10|P63313,DEV_P63313|TMSB10,25,ENSEMBL:ENSG00000034510|ENSEMBL:ENSP00000233143|ENSEMBL:ENSP00000233143.4|ENSEMBL:ENSP00000547346|ENSEMBL:ENSP00000547346.1|ENSEMBL:ENSP00000547347|ENSEMBL:ENSP00000547347.1|ENSEMBL:ENSP00000547348|ENSEMBL:ENSP00000547348.1|ENSEMBL:ENSP00000599581|ENSEMBL:ENSP00000599581.1|ENSEMBL:ENSP00000599582|ENSEMBL:ENSP00000599582.1|ENSEMBL:ENSP00000599583|ENSEMBL:ENSP00000599583.1|ENSEMBL:ENSP00000599584|ENSEMBL:ENSP00000599584.1|ENSEMBL:ENSP00000599585|ENSEMBL:ENSP00000599585.1|HGNC:11879|NCBIGENE:9168|OMIM:188399|PR:P63313|UMLS:C1420786|UNIPROTKB:P63313
TNC|P24821,CAM_P24821|TNC,20,ENSEMBL:ENSG00000041982|ENSEMBL:ENSP00000339553|ENSEMBL:ENSP00000339553.4|HGNC:5318|MESH:C000629714|MESH:C060541|NCBIGENE:3371|NCIT:C17338|NCIT:C21091|OMIM:187380|PR:P24821|REACT:R-HSA-215968|REACT:R-HSA-8956722|REACT:R-HSA-8956912|UMLS:C0068613|UMLS:C1336642|UMLS:C5196618|UNIPROTKB:B4E1W8|UNIPROTKB:J3QSU6|UNIPROTKB:P24821
TNFAIP8|O95379,ONC3_O95379|TNFAIP8,11,ENSEMBL:ENSG00000145779|HGNC:17260|MESH:C404190|NCBIGENE:25816|OMIM:612111|PR:O95379|REACT:R-HSA-8874463|UMLS:C1309381|UMLS:C1424856|UNIPROTKB:B3KUI2|UNIPROTKB:O95379
TNFRSF10A|O00220,CRE_O00220|TNFRSF10A,17,ENSEMBL:ENSG00000104689|ENSEMBL:ENSP00000221132|ENSEMBL:ENSP00000221132.3|HGNC:11904|MESH:C105190|NCBIGENE:8797|NCIT:C18174|NCIT:C21559|OMIM:603611|PR:000002108|PR:O00220|PTHR46330:SF12|REACT:R-HSA-5633393|REACT:R-HSA-5633404|UMLS:C1336643|UMLS:C1504635|UNIPROTKB:O00220
TNFRSF10A|O00220,CVD2_O00220|TNFRSF10A,17,ENSEMBL:ENSG00000104689|ENSEMBL:ENSP00000221132|ENSEMBL:ENSP00000221132.3|HGNC:11904|MESH:C105190|NCBIGENE:8797|NCIT:C18174|NCIT:C21559|OMIM:603611|PR:000002108|PR:O00220|PTHR46330:SF12|REACT:R-HSA-5633393|REACT:R-HSA-5633404|UMLS:C1336643|UMLS:C1504635|UNIPROTKB:O00220
TNFRSF10B|O14763,CVD2_O14763|TNFRSF10B,13,ENSEMBL:ENSG00000120889|HGNC:11905|MESH:C505639|NCBIGENE:8795|NCIT:C18178|NCIT:C21561|OMIM:603612|PR:O14763|REACT:R-HSA-5633407|REACT:R-HSA-65505|UMLS:C1336644|UMLS:C1527752|UNIPROTKB:O14763
TNFRSF10C|O14798,CVD3_O14798|TNFRSF10C,19,ENSEMBL:ENSG00000173535|ENSEMBL:ENSP00000349324|ENSEMBL:ENSP00000349324.4|ENSEMBL:ENSP00000547695|ENSEMBL:ENSP00000547695.1|HGNC:11906|MESH:C108661|NCBIGENE:8794|NCIT:C104514|NCIT:C104520|OMIM:603613|PR:000001952|PR:O14798|PTHR46330:SF13|REACT:R-HSA-5628831|REACT:R-HSA-5628850|UMLS:C1420803|UMLS:C1621918|UNIPROTKB:O14798
TNFRSF11A|Q9Y6Q6,CVD2_Q9Y6Q6|TNFRSF11A,13,ENSEMBL:ENSG00000141655|ENSEMBL:LRG_194|HGNC:11908|MESH:C505686|NCBIGENE:8792|NCIT:C84930|NCIT:C84994|OMIM:603499|PR:Q9Y6Q6|REACT:R-HSA-5668756|UMLS:C0667477|UMLS:C1420805|UNIPROTKB:Q9Y6Q6
TNFRSF11B|O00300,CVD3_O00300|TNFRSF11B,14,ENSEMBL:ENSG00000164761|ENSEMBL:ENSP00000297350|ENSEMBL:ENSP00000297350.4|HGNC:11909|MESH:C506030|NCBIGENE:4982|NCIT:C24872|NCIT:C30111|OMIM:602643|PR:O00300|REACT:R-HSA-5672848|UMLS:C1308614|UMLS:C1336645|UNIPROTKB:O00300
TNFRSF11B|O00300,INF_O00300|TNFRSF11B,14,ENSEMBL:ENSG00000164761|ENSEMBL:ENSP00000297350|ENSEMBL:ENSP00000297350.4|HGNC:11909|MESH:C506030|NCBIGENE:4982|NCIT:C24872|NCIT:C30111|OMIM:602643|PR:O00300|REACT:R-HSA-5672848|UMLS:C1308614|UMLS:C1336645|UNIPROTKB:O00300
TNFRSF12A|Q9NP84,NEU1_Q9NP84|TNFRSF12A,12,ENSEMBL:ENSG00000006327|HGNC:18152|MESH:C000613297|NCBIGENE:51330|NCIT:C117071|NCIT:C117073|OMIM:605914|PR:Q9NP84|REACT:R-HSA-5675666|UMLS:C1425348|UMLS:C1438619|UNIPROTKB:Q9NP84
TNFRSF13B|O14836,CVD2_O14836|TNFRSF13B,16,ENSEMBL:ENSG00000240505|ENSEMBL:LRG_120|HGNC:18153|LOINC:LP288583-0|LOINC:LP97598-4|MESH:C108467|NCBIGENE:23495|NCIT:C127901|NCIT:C127903|OMIM:604907|PR:O14836|REACT:R-HSA-5668752|UMLS:C0666480|UMLS:C1425349|UNIPROTKB:O14836|UNIPROTKB:Q4ACX1
TNFRSF13C|Q96RJ3,NEX_Q96RJ3|TNFRSF13C,17,CHEMBL.TARGET:CHEMBL4630882|ENSEMBL:ENSG00000159958|ENSEMBL:LRG_184|HGNC:17755|MESH:C435926|NCBIGENE:115650|NCIT:C111795|NCIT:C111797|OMIM:606269|PR:000001957|PR:Q96RJ3|PTHR20437:SF2|REACT:R-HSA-5667169|UMLS:C1384654|UMLS:C1425064|UNIPROTKB:Q5H8V1|UNIPROTKB:Q96RJ3
TNFRSF14|Q92956,CVD3_Q92956|TNFRSF14,18,ENSEMBL:ENSG00000157873|ENSEMBL:ENSG00000273936|ENSEMBL:ENSP00000386859|ENSEMBL:ENSP00000386859.1|ENSEMBL:ENSP00000485884|ENSEMBL:ENSP00000485884.1|HGNC:11912|MESH:C506028|NCBIGENE:8764|NCIT:C97843|NCIT:C97845|OMIM:602746|PR:Q92956|REACT:R-HSA-198101|UMLS:C1420808|UMLS:C1430816|UNIPROTKB:B9A034|UNIPROTKB:Q92956
TNFRSF19|Q9NS68,ONC2_Q9NS68|TNFRSF19,14,ENSEMBL:ENSG00000127863|HGNC:11915|MESH:C411850|NCBIGENE:55504|NCIT:C159404|NCIT:C159406|OMIM:606122|PR:000016483|PR:Q9NS68|PTHR12120:SF1|UMLS:C1420811|UMLS:C1439095|UMLS:C5202846|UNIPROTKB:Q9NS68
TNFRSF1A|P19438,CVD3_P19438|TNFRSF1A,20,ENSEMBL:ENSG00000067182|ENSEMBL:LRG_193|HGNC:11916|LOINC:LP288584-8|LOINC:LP35576-5|MESH:C506235|NCBIGENE:7132|NCIT:C147053|NCIT:C17800|NCIT:C21554|OMIM:191190|PR:P19438|REACT:R-HSA-5675738|REACT:R-HSA-6785048|REACT:R-HSA-6785059|UMLS:C1363984|UMLS:C1453722|UMLS:C4554672|UNIPROTKB:J9PH39|UNIPROTKB:P19438
TNFRSF1B|P20333,CVD3_P20333|TNFRSF1B,15,ENSEMBL:ENSG00000028137|HGNC:11917|MESH:C415902|NCBIGENE:7133|NCIT:C18487|NCIT:C21553|OMIM:191191|PR:P20333|REACT:R-HSA-5661484|REACT:R-HSA-6785037|REACT:R-HSA-6785068|REACT:R-HSA-6806149|UMLS:C1363982|UMLS:C1447786|UNIPROTKB:P20333
TNFRSF21|O75509,NEU1_O75509|TNFRSF21,19,ENSEMBL:ENSG00000146072|ENSEMBL:ENSP00000296861|ENSEMBL:ENSP00000296861.2|HGNC:13469|MESH:C114109|NCBIGENE:27242|NCIT:C105569|NCIT:C105571|OMIM:605732|PANTHER.FAMILY:PTHR46921|PR:000016484|PR:O75509|PTHR46921:SF1|REACT:R-HSA-4793840|REACT:R-HSA-561169|UMLS:C1422006|UMLS:C1431460|UMLS:C3541241|UNIPROTKB:O75509
TNFRSF4|P43489,ONC2_P43489|TNFRSF4,18,ENSEMBL:ENSG00000186827|ENSEMBL:ENSP00000368538|ENSEMBL:ENSP00000368538.3|ENSEMBL:ENSP00000514730|ENSEMBL:ENSP00000514730.1|ENSEMBL:LRG_1319|HGNC:11918|MESH:C505716|NCBIGENE:7293|NCIT:C94790|NCIT:C95045|OMIM:600315|PR:P43489|REACT:R-HSA-5692210|UMLS:C1420812|UMLS:C1608540|UNIPROTKB:A0A8V8TQH5|UNIPROTKB:P43489
TNFRSF6B|O95407,ONC2_O95407|TNFRSF6B,20,ENSEMBL:ENSG00000243509|ENSEMBL:ENSP00000359013|ENSEMBL:ENSP00000359013.1|ENSEMBL:ENSP00000548561|ENSEMBL:ENSP00000548561.1|ENSEMBL:ENSP00000548562|ENSEMBL:ENSP00000548562.1|HGNC:11921|MESH:C505911|NCBIGENE:8771|NCIT:C24873|NCIT:C30112|OMIM:603361|PR:000016486|PR:O95407|PTHR23097:SF116|REACT:R-HSA-5675950|UMLS:C1259595|UMLS:C1367454|UNIPROTKB:O95407
TNFRSF9|Q07011,INF_Q07011|TNFRSF9,18,ENSEMBL:ENSG00000049249|ENSEMBL:ENSP00000366729|ENSEMBL:ENSP00000366729.3|ENSEMBL:ENSP00000545651|ENSEMBL:ENSP00000545651.1|HGNC:11924|MESH:C505714|NCBIGENE:3604|NCIT:C105111|NCIT:C105113|NCIT:C153501|OMIM:602250|PR:Q07011|REACT:R-HSA-5666996|UMLS:C0247111|UMLS:C1420813|UMLS:C4727299|UNIPROTKB:Q07011
TNFSF10|P50591,INF_P50591|TNFSF10,13,ENSEMBL:ENSG00000121858|HGNC:11925|MESH:C505653|NCBIGENE:8743|NCIT:C20533|NCIT:C21144|OMIM:603598|PR:P50591|REACT:R-HSA-66186|UMLS:C1143949|UMLS:C1336646|UNIPROTKB:P50591|UNIPROTKB:Q6IBA9
TNFSF10|P50591,ONC2_P50591|TNFSF10,13,ENSEMBL:ENSG00000121858|HGNC:11925|MESH:C505653|NCBIGENE:8743|NCIT:C20533|NCIT:C21144|OMIM:603598|PR:P50591|REACT:R-HSA-66186|UMLS:C1143949|UMLS:C1336646|UNIPROTKB:P50591|UNIPROTKB:Q6IBA9
TNFSF11|O14788,INF_O14788|TNFSF11,15,ENSEMBL:ENSG00000120659|HGNC:11926|MESH:C505688|NCBIGENE:8600|NCIT:C24874|NCIT:C30113|OMIM:602642|PR:O14788|REACT:R-HSA-5667141|REACT:R-HSA-5676547|UMLS:C0666361|UMLS:C1367028|UNIPROTKB:O14788|UNIPROTKB:Q54A98|UNIPROTKB:Q5T9Y4
TNFSF12|O43508,INF_O43508|TNFSF12,18,CHEMBL.TARGET:CHEMBL3713023|ENSEMBL:ENSG00000239697|ENSEMBL:LRG_1320|HGNC:11927|MESH:C109743|NCBIGENE:8742|NCIT:C117066|NCIT:C117068|OMIM:602695|PR:000016487|PR:O43508|PTHR15151:SF20|REACT:R-HSA-5667154|REACT:R-HSA-5675974|UMLS:C0669351|UMLS:C1420814|UNIPROTKB:O43508|UNIPROTKB:Q4ACW9
TNFSF13B|Q9Y275,CVD3_Q9Y275|TNFSF13B,16,CHEMBL.TARGET:CHEMBL2364158|ENSEMBL:ENSG00000102524|HGNC:11929|MESH:C505719|NCBIGENE:10673|NCIT:C94787|NCIT:C94789|OMIM:603969|PR:000001948|PR:Q9Y275|PTHR15151:SF2|REACT:R-HSA-5676541|UMLS:C1420816|UMLS:C1682317|UNIPROTKB:A0A0U5J7Q1|UNIPROTKB:Q9Y275
TNFSF13|O75888,ONC2_O75888|TNFSF13,18,ENSEMBL:ENSG00000161955|ENSEMBL:ENSP00000369908|ENSEMBL:ENSP00000369908.5|HGNC:11928|MESH:C114631|NCBIGENE:8741|NCIT:C105967|NCIT:C105969|OMIM:604472|PR:O75888|REACT:R-HSA-450603|REACT:R-HSA-450619|REACT:R-HSA-5676560|UMLS:C0757844|UMLS:C1420815|UNIPROTKB:A0A0A0MRX5|UNIPROTKB:O75888|UNIPROTKB:Q2QBA2
TNFSF14|O43557,INF_O43557|TNFSF14,12,ENSEMBL:ENSG00000125735|HGNC:11930|MESH:C505914|NCBIGENE:8740|NCIT:C133788|NCIT:C133790|OMIM:604520|PR:O43557|REACT:R-HSA-5667149|UMLS:C1420817|UMLS:C1570446|UNIPROTKB:O43557
TNF|P01375,INF_P01375|TNF,42,CHV:0000049117|ENSEMBL:ENSG00000204490|ENSEMBL:ENSG00000206439|ENSEMBL:ENSG00000223952|ENSEMBL:ENSG00000228321|ENSEMBL:ENSG00000228849|ENSEMBL:ENSG00000228978|ENSEMBL:ENSG00000230108|ENSEMBL:ENSG00000232810|ENSEMBL:ENSP00000365290|ENSEMBL:ENSP00000365290.3|ENSEMBL:ENSP00000372988|ENSEMBL:ENSP00000372988.4|ENSEMBL:ENSP00000389490|ENSEMBL:ENSP00000389490.2|ENSEMBL:ENSP00000389492|ENSEMBL:ENSP00000389492.2|ENSEMBL:ENSP00000392858|ENSEMBL:ENSP00000392858.2|ENSEMBL:ENSP00000398698|ENSEMBL:ENSP00000398698.2|ENSEMBL:ENSP00000410668|ENSEMBL:ENSP00000410668.2|HGNC:11892|LOINC:LP15932-4|MESH:C439524|NCBIGENE:7124|NCIT:C18368|NCIT:C20535|OMIM:191160|PR:000000134|PR:P01375|REACT:R-HSA-66220|REACT:R-HSA-6785015|REACT:R-HSA-8863120|REACT:R-HSA-8863367|REACT:R-HSA-8863375|REACT:R-HSA-976821|UMLS:C0812246|UMLS:C1448177|UNIPROTKB:P01375|UNIPROTKB:Q5STB3
TNNI3|P19429,ODA_P19429|TNNI3,18,ENSEMBL:ENSG00000129991|ENSEMBL:ENSP00000341838|ENSEMBL:ENSP00000341838.5|ENSEMBL:LRG_432|HGNC:11947|MESH:C000707028|NCBIGENE:7137|NCIT:C104223|NCIT:C104226|OMIM:191044|PR:000016506|PR:P19429|REACT:R-HSA-390542|REACT:R-HSA-5617219|UMLS:C1420826|UMLS:C5391711|UNIPROTKB:P19429|UNIPROTKB:Q6FGX2
TNR|Q92752,NEU1_Q92752|TNR,10,ENSEMBL:ENSG00000116147|HGNC:11953|NCBIGENE:7143|OMIM:601995|PR:Q92752|REACT:R-HSA-373642|UMLS:C1420832|UMLS:C1611027|UNIPROTKB:A1L306|UNIPROTKB:Q92752
TNXB|P22105,CAM_P22105|TNXB,28,ENSEMBL:ENSG00000168477|ENSEMBL:ENSG00000206258|ENSEMBL:ENSG00000229341|ENSEMBL:ENSG00000229353|ENSEMBL:ENSG00000231608|ENSEMBL:ENSG00000233323|ENSEMBL:ENSG00000236221|ENSEMBL:ENSG00000236236|ENSEMBL:ENSP00000447694|ENSEMBL:ENSP00000447694.2|ENSEMBL:ENSP00000448326|ENSEMBL:ENSP00000448326.2|ENSEMBL:ENSP00000497649|ENSEMBL:ENSP00000497649.1|HGNC:11976|NCBIGENE:7148|NCIT:C213096|OMIM:600985|PR:P22105|REACT:R-HSA-2672026|UMLS:C1144160|UMLS:C1420850|UNIPROTKB:A0A3B3ISX9|UNIPROTKB:O95680|UNIPROTKB:O95681|UNIPROTKB:P22105|UNIPROTKB:Q6IPK3|UNIPROTKB:Q9Y464
TOP2B|Q02880,ODA_Q02880|TOP2B,15,ENSEMBL:ENSG00000077097|HGNC:11990|MESH:C000618814|NCBIGENE:7155|NCIT:C17802|NCIT:C26593|OMIM:126431|PR:000016545|PR:Q02880|REACT:R-HSA-4641297|REACT:R-HSA-4641359|UMLS:C1336658|UMLS:C1504636|UNIPROTKB:Q02880|UNIPROTKB:Q59H80
TP53|P04637,CRE_P04637|TP53,27,ENSEMBL:ENSG00000141510|ENSEMBL:ENSP00000477531|ENSEMBL:ENSP00000477531.1|ENSEMBL:ENSP00000481401|ENSEMBL:ENSP00000481401.1|ENSEMBL:ENSP00000484375|ENSEMBL:ENSP00000484375.1|ENSEMBL:LRG_321|HGNC:11998|LOINC:LP19769-6|LOINC:LP288589-7|MESH:C495901|NCBIGENE:7157|NCIT:C17359|NCIT:C17387|OMIM:191170|PR:P04637|REACT:R-HSA-6797244|UMLS:C0079419|UMLS:C0146283|UNIPROTKB:A0A087WT22|UNIPROTKB:A0A087WXZ1|UNIPROTKB:A0A087X1Q1|UNIPROTKB:H2EHT1|UNIPROTKB:K7PPA8|UNIPROTKB:P04637|UNIPROTKB:Q53GA5
TPMT|P51580,ONC3_P51580|TPMT,43,ENSEMBL:ENSG00000137364|ENSEMBL:ENSP00000312304|ENSEMBL:ENSP00000312304.4|ENSEMBL:ENSP00000534419|ENSEMBL:ENSP00000534419.1|ENSEMBL:ENSP00000534421|ENSEMBL:ENSP00000534421.1|ENSEMBL:ENSP00000534422|ENSEMBL:ENSP00000534422.1|ENSEMBL:ENSP00000534423|ENSEMBL:ENSP00000534423.1|ENSEMBL:ENSP00000534425|ENSEMBL:ENSP00000534425.1|ENSEMBL:ENSP00000534426|ENSEMBL:ENSP00000534426.1|ENSEMBL:ENSP00000534427|ENSEMBL:ENSP00000534427.1|ENSEMBL:ENSP00000534428|ENSEMBL:ENSP00000534428.1|ENSEMBL:ENSP00000534430|ENSEMBL:ENSP00000534430.1|ENSEMBL:ENSP00000599389|ENSEMBL:ENSP00000599389.1|ENSEMBL:ENSP00000634049|ENSEMBL:ENSP00000634049.1|ENSEMBL:LRG_874|HGNC:12014|LOINC:LP288591-3|LOINC:LP33553-6|MESH:C000628225|NCBIGENE:7172|NCIT:C21594|NCIT:C21595|OMIM:187680|PR:P51580|REACT:R-HSA-158628|REACT:R-HSA-5603333|REACT:R-HSA-5603343|REACT:R-HSA-5603346|REACT:R-HSA-5603357|UMLS:C1336663|UMLS:C4742656|UNIPROTKB:P51580
TPP1|O14773,DEV_O14773|TPP1,15,ENSEMBL:ENSG00000166340|ENSEMBL:LRG_830|HGNC:2073|LOINC:LP208404-6|LOINC:LP288592-1|MESH:C000717267|NCBIGENE:1200|NCIT:C213109|OMIM:607998|PR:O14773|REACT:R-HSA-535504|REACT:R-HSA-5642252|UMLS:C1540042|UMLS:C5565282|UNIPROTKB:O14773
TPPP3|Q9BW30,NEX_Q9BW30|TPPP3,25,ENSEMBL:ENSG00000159713|ENSEMBL:ENSP00000290942|ENSEMBL:ENSP00000290942.5|ENSEMBL:ENSP00000377529|ENSEMBL:ENSP00000377529.2|ENSEMBL:ENSP00000457275|ENSEMBL:ENSP00000457275.1|ENSEMBL:ENSP00000462435|ENSEMBL:ENSP00000462435.1|ENSEMBL:ENSP00000544069|ENSEMBL:ENSP00000544069.1|ENSEMBL:ENSP00000544071|ENSEMBL:ENSP00000544071.1|ENSEMBL:ENSP00000544072|ENSEMBL:ENSP00000544072.1|ENSEMBL:ENSP00000618471|ENSEMBL:ENSP00000618471.1|HGNC:24162|MESH:C000656218|NCBIGENE:51673|OMIM:616957|PR:Q9BW30|UMLS:C2240116|UMLS:C5226172|UNIPROTKB:Q9BW30
TPSAB1|Q15661,IRE_Q15661|TPSAB1,10,ENSEMBL:ENSG00000172236|HGNC:12019|MESH:C546348|NCBIGENE:7177|OMIM:191080|PR:Q15661|REACT:R-HSA-1602486|UMLS:C1540043|UMLS:C2745556|UNIPROTKB:Q15661
TPT1|P13693,ONC3_P13693|TPT1,16,ENSEMBL:ENSG00000133112|ENSEMBL:ENSP00000477781|ENSEMBL:ENSP00000477781.1|HGNC:12022|MESH:C000715647|NCBIGENE:7178|NCIT:C101389|NCIT:C101391|OMIM:600763|PR:000016596|PR:P13693|UMLS:C1100850|UMLS:C1420882|UNIPROTKB:A0A0B4J2C3|UNIPROTKB:A0A0P1J1R0|UNIPROTKB:P13693
TRAF2|Q12933,IRE_Q12933|TRAF2,17,ENSEMBL:ENSG00000127191|HGNC:12032|MESH:C101338|NCBIGENE:7186|NCIT:C17812|NCIT:C28653|OMIM:601895|PR:Q12933|REACT:R-HSA-66370|REACT:R-HSA-6782848|REACT:R-HSA-8862193|REACT:R-HSA-8862194|REACT:R-HSA-8862199|UMLS:C1307795|UMLS:C1366777|UMLS:C4316866|UNIPROTKB:Q12933
TREML2|Q5T2D2,CVD3_Q5T2D2|TREML2,12,ENSEMBL:ENSG00000112195|ENSEMBL:ENSP00000418767|ENSEMBL:ENSP00000418767.1|HGNC:21092|MESH:C473367|NCBIGENE:79865|OMIM:609715|PR:Q5T2D2|REACT:R-HSA-5696341|UMLS:C1175928|UMLS:C1540048|UNIPROTKB:Q5T2D2
TRIM21|P19474,IRE_P19474|TRIM21,14,ENSEMBL:ENSG00000132109|HGNC:11312|MESH:C000731462|NCBIGENE:6737|NCIT:C94752|NCIT:C94755|OMIM:109092|PR:000016647|PR:P19474|REACT:R-HSA-8962973|REACT:R-HSA-976051|UMLS:C1540056|UMLS:C1722829|UNIPROTKB:P19474
TRIM5|Q9C035,IRE_Q9C035|TRIM5,17,ENSEMBL:ENSG00000132256|ENSEMBL:ENSP00000506742|ENSEMBL:ENSP00000506742.1|HGNC:16276|MESH:C477346|NCBIGENE:85363|NCIT:C98161|NCIT:C98163|OMIM:608487|PR:000016660|PR:Q9C035|REACT:R-HSA-5624342|REACT:R-HSA-9034265|UMLS:C1311669|UMLS:C1424146|UNIPROTKB:A0A804HHS7|UNIPROTKB:Q9C035
TSHB|P01222,MET_P01222|TSHB,11,ENSEMBL:ENSG00000134200|HGNC:12372|NCBIGENE:7252|NCIT:C181684|NCIT:C181686|OMIM:188540|PR:P01222|REACT:R-HSA-378957|UMLS:C1421200|UMLS:C5552914|UNIPROTKB:P01222
TSLP|Q969D9,INF_Q969D9|TSLP,13,ENSEMBL:ENSG00000145777|HGNC:30743|MESH:C000656269|NCBIGENE:85480|NCIT:C24883|NCIT:C30135|OMIM:607003|PR:Q969D9|REACT:R-HSA-1264801|UMLS:C1336681|UMLS:C3853698|UMLS:C5226329|UNIPROTKB:Q969D9
TXLNA|P40222,ONC2_P40222|TXLNA,22,ENSEMBL:ENSG00000084652|ENSEMBL:ENSP00000362711|ENSEMBL:ENSP00000362711.1|ENSEMBL:ENSP00000362712|ENSEMBL:ENSP00000362712.3|ENSEMBL:ENSP00000537323|ENSEMBL:ENSP00000537323.1|ENSEMBL:ENSP00000632817|ENSEMBL:ENSP00000632817.1|HGNC:30685|MESH:C488100|NCBIGENE:200081|NCIT:C78148|NCIT:C78150|OMIM:608676|PR:000001321|PR:P40222|REACT:R-HSA-449124|UMLS:C1454607|UMLS:C1823557|UMLS:C2698064|UNIPROTKB:P40222
TXNDC15|Q96J42,ONC3_Q96J42|TXNDC15,7,ENSEMBL:ENSG00000113621|HGNC:20652|NCBIGENE:79770|OMIM:617778|PR:Q96J42|UMLS:C1540238|UNIPROTKB:Q96J42
TXNDC5|Q8NBS9,MET_Q8NBS9|TXNDC5,14,ENSEMBL:ENSG00000239264|HGNC:21073|MESH:C480743|NCBIGENE:81567|OMIM:616412|PR:Q8NBS9|REACT:R-HSA-429813|REACT:R-HSA-434325|REACT:R-HSA-6799367|REACT:R-HSA-6806246|UMLS:C1427294|UMLS:C1434099|UNIPROTKB:A0A024QZV0|UNIPROTKB:Q8NBS9
TYMP|P19971,MET_P19971|TYMP,16,ENSEMBL:ENSG00000025708|ENSEMBL:LRG_727|HGNC:3148|LOINC:LP412101-0|MESH:C543750|NCBIGENE:1890|NCIT:C24357|NCIT:C26148|OMIM:131222|PR:P19971|REACT:R-HSA-73610|UMLS:C1333327|UMLS:C2742904|UNIPROTKB:B2RBL3|UNIPROTKB:E5KRG5|UNIPROTKB:P19971
TYRO3|Q06418,MET_Q06418|TYRO3,16,ENSEMBL:ENSG00000092445|ENSEMBL:ENSP00000263798|ENSEMBL:ENSP00000263798.3|ENSEMBL:ENSP00000454050|ENSEMBL:ENSP00000454050.1|HGNC:12446|MESH:C084944|NCBIGENE:7301|NCIT:C24888|NCIT:C30148|OMIM:600341|PR:Q06418|UMLS:C0252032|UMLS:C1367457|UNIPROTKB:H0YNK6|UNIPROTKB:Q06418
UBAC1|Q9BSL1,ONC3_Q9BSL1|UBAC1,11,ENSEMBL:ENSG00000130560|HGNC:30221|MESH:C412480|NCBIGENE:10422|OMIM:608129|PR:Q9BSL1|REACT:R-HSA-8851644|UMLS:C1428944|UMLS:C1439138|UNIPROTKB:A0A140VK64|UNIPROTKB:Q9BSL1
ULBP2|Q9BZM5,NEU1_Q9BZM5|ULBP2,19,ENSEMBL:ENSG00000131015|ENSEMBL:ENSP00000356320|ENSEMBL:ENSP00000356320.3|ENSEMBL:ENSP00000618926|ENSEMBL:ENSP00000618926.1|HGNC:14894|MESH:C423230|NCBIGENE:80328|NCIT:C105583|NCIT:C105591|OMIM:605698|PR:000017075|PR:Q9BZM5|REACT:R-HSA-8940750|REACT:R-HSA-8941023|UMLS:C1423033|UMLS:C1447926|UMLS:C3540617|UNIPROTKB:Q9BZM5
UMOD|P07911,CAM_P07911|UMOD,14,ENSEMBL:ENSG00000169344|HGNC:12559|LOINC:LP101431-7|LOINC:LP288606-9|MESH:C548612|NCBIGENE:7369|NCIT:C213455|OMIM:191845|PR:P07911|REACT:R-HSA-8855962|REACT:R-HSA-8855988|UMLS:C1421351|UMLS:C1448480|UNIPROTKB:P07911
USO1|O60763,ONC3_O60763|USO1,13,ENSEMBL:ENSG00000138768|HGNC:30904|NCBIGENE:8615|OMIM:603344|PR:O60763|REACT:R-HSA-2167936|REACT:R-HSA-2311338|REACT:R-HSA-5685737|REACT:R-HSA-6808817|REACT:R-HSA-9646385|UMLS:C1864009|UMLS:C2350663|UNIPROTKB:O60763
USP8|P40818,MET_P40818|USP8,14,ENSEMBL:ENSG00000138592|HGNC:12631|MESH:C541534|NCBIGENE:9101|NCIT:C21440|NCIT:C24893|OMIM:603158|PR:P40818|REACT:R-HSA-1358714|REACT:R-HSA-917720|UMLS:C1336848|UMLS:C1447339|UNIPROTKB:A8K8N5|UNIPROTKB:P40818
VAMP5|O95183,CRE_O95183|VAMP5,12,ENSEMBL:ENSG00000168899|ENSEMBL:ENSP00000305647|ENSEMBL:ENSP00000305647.4|HGNC:12646|MESH:C485545|NCBIGENE:10791|OMIM:607029|PR:O95183|UMLS:C1313758|UMLS:C1421422|UNIPROTKB:O95183|UNIPROTKB:Q6FG93
VASH1|Q7L8A9,ODA_Q7L8A9|VASH1,13,ENSEMBL:ENSG00000071246|HGNC:19964|MESH:C493181|NCBIGENE:22846|NCIT:C92493|NCIT:C92495|OMIM:609011|PR:Q7L8A9|REACT:R-HSA-9701918|UMLS:C1528899|UMLS:C1823615|UMLS:C2985141|UNIPROTKB:Q7L8A9
VASN|Q6EMK4,CAM_Q6EMK4|VASN,20,ENSEMBL:ENSG00000168140|ENSEMBL:ENSG00000274334|ENSEMBL:ENSP00000306864|ENSEMBL:ENSP00000306864.3|ENSEMBL:ENSP00000481884|ENSEMBL:ENSP00000481884.1|ENSEMBL:ENSP00000569127|ENSEMBL:ENSP00000569127.1|ENSEMBL:ENSP00000569128|ENSEMBL:ENSP00000569128.1|ENSEMBL:ENSP00000622414|ENSEMBL:ENSP00000622414.1|HGNC:18517|MESH:C488722|NCBIGENE:114990|OMIM:608843|PR:Q6EMK4|UMLS:C1505435|UMLS:C1823617|UNIPROTKB:Q6EMK4
VAT1|Q99536,ONC3_Q99536|VAT1,11,ENSEMBL:ENSG00000108828|HGNC:16919|MESH:C544158|NCBIGENE:10493|OMIM:604631|PR:Q99536|REACT:R-HSA-6799349|REACT:R-HSA-6806234|UMLS:C1424634|UMLS:C2742373|UNIPROTKB:Q99536
VCAM1|P19320,CAM_P19320|VCAM1,13,CHV:0000015027|ENSEMBL:ENSG00000162692|HGNC:12663|NCBIGENE:7412|NCIT:C48213|NCIT:C48214|OMIM:192225|PR:P19320|REACT:R-HSA-197834|REACT:R-HSA-6789364|UMLS:C1421435|UMLS:C3853651|UNIPROTKB:P19320
VCAN|P13611,MET_P13611|VCAN,17,ENSEMBL:ENSG00000038427|ENSEMBL:ENSP00000426715|ENSEMBL:ENSP00000426715.1|HGNC:2464|MESH:C508322|NCBIGENE:1462|NCIT:C113261|NCIT:C113263|OMIM:118661|PR:000017271|PR:P13611|UMLS:C1413763|UMLS:C1429719|UNIPROTKB:F6SP70|UNIPROTKB:P13611|UNIPROTKB:Q59FG9|UNIPROTKB:Q86W61
VEGFA|P15692,INF_P15692|VEGFA,27,ENSEMBL:ENSG00000112715|ENSEMBL:ENSP00000230480|ENSEMBL:ENSP00000230480.6|HGNC:12680|LOINC:LP417763-2|LOINC:LP417764-0|MESH:C467484|NCBIGENE:7422|NCIT:C126413|NCIT:C20450|NCIT:C21408|OMIM:192240|PR:P15692|REACT:R-HSA-2975974|REACT:R-HSA-3132764|REACT:R-HSA-4420127|REACT:R-HSA-5652230|UMLS:C0376854|UMLS:C0376855|UMLS:C0376856|UMLS:C0525171|UMLS:C0752432|UMLS:C1171892|UMLS:C1823619|UNIPROTKB:A0A0Y0IMM4|UNIPROTKB:A2A2V4|UNIPROTKB:P15692
VEGFA|P15692,ONC2_P15692|VEGFA,27,ENSEMBL:ENSG00000112715|ENSEMBL:ENSP00000230480|ENSEMBL:ENSP00000230480.6|HGNC:12680|LOINC:LP417763-2|LOINC:LP417764-0|MESH:C467484|NCBIGENE:7422|NCIT:C126413|NCIT:C20450|NCIT:C21408|OMIM:192240|PR:P15692|REACT:R-HSA-2975974|REACT:R-HSA-3132764|REACT:R-HSA-4420127|REACT:R-HSA-5652230|UMLS:C0376854|UMLS:C0376855|UMLS:C0376856|UMLS:C0525171|UMLS:C0752432|UMLS:C1171892|UMLS:C1823619|UNIPROTKB:A0A0Y0IMM4|UNIPROTKB:A2A2V4|UNIPROTKB:P15692
VEGFC|P49767,ODA_P49767|VEGFC,16,CHV:0000031954|ENSEMBL:ENSG00000150630|ENSEMBL:ENSP00000480043|ENSEMBL:ENSP00000480043.1|HGNC:12682|MESH:C467486|NCBIGENE:7424|NCIT:C21410|NCIT:C21441|OMIM:601528|PR:P49767|REACT:R-HSA-139887|REACT:R-HSA-67159|UMLS:C1171894|UMLS:C1336933|UNIPROTKB:P49767
VEGFD|O43915,CRE_O43915|FIGF,15,ENSEMBL:ENSG00000165197|ENSEMBL:ENSP00000297904|ENSEMBL:ENSP00000297904.3|HGNC:3708|MESH:C579459|NCBIGENE:2277|NCIT:C104385|NCIT:C104387|OMIM:300091|PR:O43915|REACT:R-HSA-139888|REACT:R-HSA-67161|UMLS:C1414615|UMLS:C3656951|UNIPROTKB:O43915
VEGFD|O43915,CVD2_O43915|FIGF,15,ENSEMBL:ENSG00000165197|ENSEMBL:ENSP00000297904|ENSEMBL:ENSP00000297904.3|HGNC:3708|MESH:C579459|NCBIGENE:2277|NCIT:C104385|NCIT:C104387|OMIM:300091|PR:O43915|REACT:R-HSA-139888|REACT:R-HSA-67161|UMLS:C1414615|UMLS:C3656951|UNIPROTKB:O43915
VIM|P08670,ONC2_P08670|VIM,21,ENSEMBL:ENSG00000026025|ENSEMBL:ENSP00000224237|ENSEMBL:ENSP00000224237.5|ENSEMBL:ENSP00000446007|ENSEMBL:ENSP00000446007.1|ENSEMBL:ENSP00000616843|ENSEMBL:ENSP00000616843.1|HGNC:12692|LOINC:LP288612-7|LOINC:LP94539-1|MESH:C000629650|NCBIGENE:7431|NCIT:C48796|NCIT:C48797|OMIM:193060|PR:P08670|REACT:R-HSA-8948426|UMLS:C1421451|UMLS:C5196572|UNIPROTKB:P08670|UNIPROTKB:V9HWE1
VMO1|Q7Z5L0,ONC3_Q7Z5L0|VMO1,7,ENSEMBL:ENSG00000182853|HGNC:30387|NCBIGENE:284013|OMIM:621110|PR:Q7Z5L0|UMLS:C1823634|UNIPROTKB:Q7Z5L0
VPS37A|Q8NEZ2,ONC3_Q8NEZ2|VPS37A,10,ENSEMBL:ENSG00000155975|HGNC:24928|MESH:C496437|NCBIGENE:137492|OMIM:609927|PR:Q8NEZ2|REACT:R-HSA-184333|UMLS:C1565788|UMLS:C1835921|UNIPROTKB:Q8NEZ2
VPS53|Q5VIR6,ONC3_Q5VIR6|VPS53,13,ENSEMBL:ENSG00000141252|ENSEMBL:ENSG00000283883|HGNC:25608|MESH:C503307|NCBIGENE:55275|NCIT:C213543|OMIM:615850|PR:Q5VIR6|REACT:R-HSA-6811031|UMLS:C1611979|UMLS:C1823644|UNIPROTKB:B3KS06|UNIPROTKB:Q5VIR6
VSIG2|Q96IQ7,CVD2_Q96IQ7|VSIG2,9,ENSEMBL:ENSG00000019102|HGNC:17149|MESH:C000729892|NCBIGENE:23584|OMIM:606011|PR:Q96IQ7|UMLS:C1538070|UMLS:C5882202|UNIPROTKB:Q96IQ7
VSIG4|Q9Y279,DEV_Q9Y279|VSIG4,11,ENSEMBL:ENSG00000155659|HGNC:17032|MESH:C414427|NCBIGENE:11326|NCIT:C200581|OMIM:300353|PR:000017352|PR:Q9Y279|UMLS:C0961328|UMLS:C1538071|UNIPROTKB:Q9Y279
VSTM1|Q6UX27,NEX_Q6UX27|VSTM1,41,ENSEMBL:ENSG00000189068|ENSEMBL:ENSG00000274887|ENSEMBL:ENSG00000274953|ENSEMBL:ENSG00000275330|ENSEMBL:ENSG00000275577|ENSEMBL:ENSG00000275962|ENSEMBL:ENSG00000276066|ENSEMBL:ENSG00000276159|ENSEMBL:ENSG00000276363|ENSEMBL:ENSG00000277607|ENSEMBL:ENSP00000444153|ENSEMBL:ENSP00000444153.2|ENSEMBL:ENSP00000478214|ENSEMBL:ENSP00000478214.1|ENSEMBL:ENSP00000479529|ENSEMBL:ENSP00000479529.1|ENSEMBL:ENSP00000479856|ENSEMBL:ENSP00000479856.1|ENSEMBL:ENSP00000479956|ENSEMBL:ENSP00000479956.1|ENSEMBL:ENSP00000480671|ENSEMBL:ENSP00000480671.1|ENSEMBL:ENSP00000482300|ENSEMBL:ENSP00000482300.1|ENSEMBL:ENSP00000483406|ENSEMBL:ENSP00000483406.1|ENSEMBL:ENSP00000483560|ENSEMBL:ENSP00000483560.1|ENSEMBL:ENSP00000484758|ENSEMBL:ENSP00000484758.1|HGNC:29455|MESH:C550469|NCBIGENE:284415|OMIM:616804|PR:Q6UX27|UMLS:C1823650|UMLS:C2935024|UNIPROTKB:A0ACM8QJY1|UNIPROTKB:D2DJS5|UNIPROTKB:D2DJS6|UNIPROTKB:Q6UX27
VWA1|Q6PCB0,ONC3_Q6PCB0|VWA1,11,ENSEMBL:ENSG00000179403|HGNC:30910|MESH:C460760|NCBIGENE:64856|OMIM:611901|PR:Q6PCB0|REACT:R-HSA-8956753|REACT:R-HSA-8956951|UMLS:C1137854|UMLS:C1823652|UNIPROTKB:Q6PCB0
VWC2|Q2TAL6,NEU1_Q2TAL6|VWC2,23,ENSEMBL:ENSG00000188730|ENSEMBL:ENSP00000341819|ENSEMBL:ENSP00000341819.3|ENSEMBL:ENSP00000525784|ENSEMBL:ENSP00000525784.1|ENSEMBL:ENSP00000525785|ENSEMBL:ENSP00000525785.1|ENSEMBL:ENSP00000525786|ENSEMBL:ENSP00000525786.1|ENSEMBL:ENSP00000525787|ENSEMBL:ENSP00000525787.1|ENSEMBL:ENSP00000525788|ENSEMBL:ENSP00000525788.1|ENSEMBL:ENSP00000525789|ENSEMBL:ENSP00000525789.1|ENSEMBL:ENSP00000525790|ENSEMBL:ENSP00000525790.1|HGNC:30200|NCBIGENE:375567|OMIM:611108|PR:Q2TAL6|UMLS:C1823654|UNIPROTKB:Q2TAL6
VWF|P04275,CVD3_P04275|VWF,16,DRUGBANK:DB13133|ENSEMBL:ENSG00000110799|ENSEMBL:LRG_587|HGNC:12726|LOINC:LP288615-0|LOINC:LP35694-6|NCBIGENE:7450|NCIT:C16572|NCIT:C28483|NCIT:C81465|OMIM:613160|PR:P04275|UMLS:C0795677|UMLS:C1336938|UMLS:C1815476|UNIPROTKB:P04275
WASF1|Q92558,CRE_Q92558|WASF1,60,ENSEMBL:ENSG00000112290|ENSEMBL:ENSP00000352425|ENSEMBL:ENSP00000352425.2|ENSEMBL:ENSP00000376365|ENSEMBL:ENSP00000376365.1|ENSEMBL:ENSP00000376366|ENSEMBL:ENSP00000376366.2|ENSEMBL:ENSP00000376367|ENSEMBL:ENSP00000376367.1|ENSEMBL:ENSP00000376368|ENSEMBL:ENSP00000376368.1|ENSEMBL:ENSP00000545465|ENSEMBL:ENSP00000545465.1|ENSEMBL:ENSP00000545467|ENSEMBL:ENSP00000545467.1|ENSEMBL:ENSP00000545470|ENSEMBL:ENSP00000545470.1|ENSEMBL:ENSP00000545471|ENSEMBL:ENSP00000545471.1|ENSEMBL:ENSP00000545472|ENSEMBL:ENSP00000545472.1|ENSEMBL:ENSP00000545473|ENSEMBL:ENSP00000545473.1|ENSEMBL:ENSP00000545474|ENSEMBL:ENSP00000545474.1|ENSEMBL:ENSP00000545475|ENSEMBL:ENSP00000545475.1|ENSEMBL:ENSP00000545476|ENSEMBL:ENSP00000545476.1|ENSEMBL:ENSP00000590512|ENSEMBL:ENSP00000590512.1|ENSEMBL:ENSP00000590514|ENSEMBL:ENSP00000590514.1|ENSEMBL:ENSP00000590515|ENSEMBL:ENSP00000590515.1|ENSEMBL:ENSP00000590516|ENSEMBL:ENSP00000590516.1|ENSEMBL:ENSP00000590517|ENSEMBL:ENSP00000590517.1|ENSEMBL:ENSP00000633099|ENSEMBL:ENSP00000633099.1|ENSEMBL:ENSP00000633100|ENSEMBL:ENSP00000633100.1|ENSEMBL:ENSP00000633103|ENSEMBL:ENSP00000633103.1|ENSEMBL:ENSP00000633104|ENSEMBL:ENSP00000633104.1|ENSEMBL:ENSP00000633105|ENSEMBL:ENSP00000633105.1|HGNC:12732|MESH:C114864|NCBIGENE:8936|OMIM:605035|PR:Q92558|REACT:R-HSA-200965|REACT:R-HSA-2029058|REACT:R-HSA-5672390|UMLS:C1421479|UMLS:C1447693|UNIPROTKB:Q92558
WASF3|Q9UPY6,CRE_Q9UPY6|WASF3,15,ENSEMBL:ENSG00000132970|HGNC:12734|MESH:C120153|NCBIGENE:10810|NCIT:C138126|NCIT:C138128|OMIM:605068|PR:Q9UPY6|REACT:R-HSA-200975|REACT:R-HSA-2029006|REACT:R-HSA-5672385|UMLS:C1421481|UMLS:C1438376|UNIPROTKB:Q5T8P4|UNIPROTKB:Q9UPY6
WAS|P42768,ODA_P42768|WAS,38,ENSEMBL:ENSG00000015285|ENSEMBL:ENSP00000365891|ENSEMBL:ENSP00000365891.4|ENSEMBL:ENSP00000513844|ENSEMBL:ENSP00000513844.1|ENSEMBL:ENSP00000513850|ENSEMBL:ENSP00000513850.1|ENSEMBL:ENSP00000576250|ENSEMBL:ENSP00000576250.1|ENSEMBL:ENSP00000576251|ENSEMBL:ENSP00000576251.1|ENSEMBL:ENSP00000576252|ENSEMBL:ENSP00000576252.1|ENSEMBL:ENSP00000576253|ENSEMBL:ENSP00000576253.1|ENSEMBL:ENSP00000576254|ENSEMBL:ENSP00000576254.1|ENSEMBL:ENSP00000576255|ENSEMBL:ENSP00000576255.1|ENSEMBL:ENSP00000576256|ENSEMBL:ENSP00000576256.1|ENSEMBL:LRG_125|HGNC:12731|LOINC:LP288616-8|LOINC:LP97599-2|MESH:C495767|NCBIGENE:7454|NCIT:C43236|NCIT:C43238|OMIM:300392|PR:000017371|PR:P42768|REACT:R-HSA-201879|REACT:R-HSA-2197668|UMLS:C1421478|UMLS:C1565156|UNIPROTKB:A0A8V8TM35|UNIPROTKB:P42768
WFDC2|Q14508,ONC2_Q14508|WFDC2,19,ENSEMBL:ENSG00000101443|HGNC:15939|LOINC:LP93517-8|MESH:C569698|MESH:D000081102|NCBIGENE:10406|NCIT:C20891|NCIT:C20893|OMIM:617548|PR:000031800|PR:Q14508|REACT:R-HSA-9830363|REACT:R-HSA-9830367|SNOMEDCT:708046007|UMLS:C0903042|UMLS:C1336988|UMLS:C4760450|UNIPROTKB:A0A384MTN6|UNIPROTKB:Q14508
WFIKKN1|Q96NZ8,NEU1_Q96NZ8|WFIKKN1,11,ENSEMBL:ENSG00000127578|ENSEMBL:ENSP00000324763|ENSEMBL:ENSP00000324763.2|HGNC:30912|MESH:C583826|NCBIGENE:117166|OMIM:608021|PR:Q96NZ8|UMLS:C1538107|UMLS:C3710768|UNIPROTKB:Q96NZ8
WFIKKN2|Q8TEU8,DEV_Q8TEU8|WFIKKN2,16,ENSEMBL:ENSG00000173714|ENSEMBL:ENSP00000311184|ENSEMBL:ENSP00000311184.4|ENSEMBL:ENSP00000405889|ENSEMBL:ENSP00000405889.1|ENSEMBL:ENSP00000540107|ENSEMBL:ENSP00000540107.1|HGNC:30916|MESH:C424444|NCBIGENE:124857|OMIM:610895|PR:Q8TEU8|UMLS:C0965638|UMLS:C1538108|UNIPROTKB:C9J6G4|UNIPROTKB:Q8TEU8
WIF1|Q9Y5W5,ONC2_Q9Y5W5|WIF1,16,ENSEMBL:ENSG00000156076|ENSEMBL:ENSP00000286574|ENSEMBL:ENSP00000286574.4|HGNC:18081|MESH:C485569|NCBIGENE:11197|NCIT:C97867|NCIT:C97869|OMIM:605186|PR:000017421|PR:Q9Y5W5|REACT:R-HSA-3769320|UMLS:C1425289|UMLS:C1435116|UMLS:C3275255|UNIPROTKB:Q9Y5W5
WNT9A|O14904,CRE_O14904|WNT9A,24,ENSEMBL:ENSG00000143816|ENSEMBL:ENSP00000272164|ENSEMBL:ENSP00000272164.5|HGNC:12778|MESH:C110670|NCBIGENE:7483|NCIT:C21425|NCIT:C21453|OMIM:602863|PR:000017452|PR:O14904|REACT:R-HSA-3238261|REACT:R-HSA-3238324|REACT:R-HSA-3238364|REACT:R-HSA-3247800|REACT:R-HSA-3247805|REACT:R-HSA-3247822|REACT:R-HSA-3781940|REACT:R-HSA-3781946|REACT:R-HSA-517386|UMLS:C1421513|UMLS:C1436371|UNIPROTKB:D9ZGG3|UNIPROTKB:O14904
WWP2|O00308,NEX_O00308|WWP2,14,ENSEMBL:ENSG00000198373|HGNC:16804|MESH:C465283|NCBIGENE:11060|NCIT:C95562|NCIT:C95564|OMIM:602308|PR:000017465|PR:O00308|REACT:R-HSA-6807279|UMLS:C1143404|UMLS:C1538116|UNIPROTKB:B4DHF6|UNIPROTKB:O00308
XCL1|P47992,CVD2_P47992|XCL1,17,ENSEMBL:ENSG00000143184|ENSEMBL:ENSP00000356792|ENSEMBL:ENSP00000356792.3|HGNC:10645|MESH:C018997|MESH:C092390|NCBIGENE:6375|NCIT:C20364|NCIT:C24794|OMIM:600250|PR:000002140|PR:P47992|REACT:R-HSA-373360|UMLS:C0065349|UMLS:C1363878|UMLS:C1384612|UNIPROTKB:P47992
XG|P55808,DEV_P55808|XG,10,ENSEMBL:ENSG00000124343|HGNC:12806|MESH:C088785|NCBIGENE:7499|OMIM:300879|PR:P55808|UMLS:C0257963|UMLS:C1421532|UNIPROTKB:B4E289|UNIPROTKB:P55808
XPNPEP2|O43895,ONC2_O43895|XPNPEP2,12,ENSEMBL:ENSG00000122121|ENSEMBL:ENSP00000360147|ENSEMBL:ENSP00000360147.3|HGNC:12823|NCBIGENE:7512|OMIM:300145|PR:O43895|REACT:R-HSA-8940794|REACT:R-HSA-8943379|UMLS:C1421543|UMLS:C1453671|UNIPROTKB:O43895
YES1|P07947,ODA_P07947|YES1,35,ENSEMBL:ENSG00000176105|ENSEMBL:ENSP00000324740|ENSEMBL:ENSP00000324740.4|ENSEMBL:ENSP00000462468|ENSEMBL:ENSP00000462468.1|ENSEMBL:ENSP00000562743|ENSEMBL:ENSP00000562743.1|ENSEMBL:ENSP00000562744|ENSEMBL:ENSP00000562744.1|ENSEMBL:ENSP00000562746|ENSEMBL:ENSP00000562746.1|ENSEMBL:ENSP00000562747|ENSEMBL:ENSP00000562747.1|ENSEMBL:ENSP00000595137|ENSEMBL:ENSP00000595137.1|ENSEMBL:ENSP00000595139|ENSEMBL:ENSP00000595139.1|ENSEMBL:ENSP00000615895|ENSEMBL:ENSP00000615895.1|ENSEMBL:ENSP00000615896|ENSEMBL:ENSP00000615896.1|ENSEMBL:ENSP00000615898|ENSEMBL:ENSP00000615898.1|HGNC:12841|MESH:C489834|NCBIGENE:7525|NCIT:C18543|NCIT:C18556|OMIM:164880|PR:P07947|REACT:R-HSA-1810411|REACT:R-HSA-373640|UMLS:C0919479|UMLS:C1452531|UNIPROTKB:P07947
YTHDF3|Q7Z739,ONC3_Q7Z739|YTHDF3,25,ENSEMBL:ENSG00000185728|ENSEMBL:ENSP00000473496|ENSEMBL:ENSP00000473496.2|ENSEMBL:ENSP00000478490|ENSEMBL:ENSP00000478490.1|ENSEMBL:ENSP00000478825|ENSEMBL:ENSP00000478825.1|ENSEMBL:ENSP00000481476|ENSEMBL:ENSP00000481476.1|ENSEMBL:ENSP00000481497|ENSEMBL:ENSP00000481497.1|ENSEMBL:ENSP00000485046|ENSEMBL:ENSP00000485046.1|HGNC:26465|MESH:C000625021|NCBIGENE:253943|OMIM:618669|PR:Q7Z739|UMLS:C1538136|UMLS:C4547136|UNIPROTKB:A0A024R7W5|UNIPROTKB:A0A087WY31|UNIPROTKB:B4DPX9|UNIPROTKB:Q7Z739|UNIPROTKB:Q8NA80
ZBTB16|Q05516,CRE_Q05516|ZBTB16,21,ENSEMBL:ENSG00000109906|ENSEMBL:ENSP00000507219|ENSEMBL:ENSP00000507219.1|ENSEMBL:ENSP00000629125|ENSEMBL:ENSP00000629125.1|ENSEMBL:ENSP00000629128|ENSEMBL:ENSP00000629128.1|HGNC:12930|MESH:C092037|NCBIGENE:7704|NCIT:C17918|NCIT:C28635|OMIM:176797|PR:Q05516|REACT:R-HSA-976047|UMLS:C0294292|UMLS:C1538149|UNIPROTKB:A0A024R3C6|UNIPROTKB:A0A0S2Z4J5|UNIPROTKB:A0ACI8V661|UNIPROTKB:Q05516
ZBTB16|Q05516,IRE_Q05516|ZBTB16,21,ENSEMBL:ENSG00000109906|ENSEMBL:ENSP00000507219|ENSEMBL:ENSP00000507219.1|ENSEMBL:ENSP00000629125|ENSEMBL:ENSP00000629125.1|ENSEMBL:ENSP00000629128|ENSEMBL:ENSP00000629128.1|HGNC:12930|MESH:C092037|NCBIGENE:7704|NCIT:C17918|NCIT:C28635|OMIM:176797|PR:Q05516|REACT:R-HSA-976047|UMLS:C0294292|UMLS:C1538149|UNIPROTKB:A0A024R3C6|UNIPROTKB:A0A0S2Z4J5|UNIPROTKB:A0ACI8V661|UNIPROTKB:Q05516
ZBTB17|Q13105,CRE_Q13105|ZBTB17,14,ENSEMBL:ENSG00000116809|HGNC:12936|MESH:C107961|NCBIGENE:7709|NCIT:C21432|NCIT:C21457|OMIM:604084|PR:Q13105|REACT:R-HSA-535577|REACT:R-HSA-5642251|UMLS:C0665379|UMLS:C1421641|UNIPROTKB:Q13105|UNIPROTKB:Q53EM1
